                      :-) GROMACS - gmx mdrun, 2023.4 (-:

Copyright 1991-2023 The GROMACS Authors.
GROMACS is free software; you can redistribute it and/or modify it
under the terms of the GNU Lesser General Public License
as published by the Free Software Foundation; either version 2.1
of the License, or (at your option) any later version.

                         Current GROMACS contributors:
       Mark Abraham           Andrey Alekseenko           Cathrine Bergh      
      Christian Blau            Eliane Briand             Mahesh Doijade      
    Stefan Fleischmann           Vytas Gapsys              Gaurav Garg        
      Sergey Gorelov         Gilles Gouaillardet            Alan Gray         
     M. Eric Irrgang         Farzaneh Jalalypour            Joe Jordan        
    Christoph Junghans        Prashanth Kanduri          Sebastian Keller     
     Carsten Kutzner           Justin A. Lemkul          Magnus Lundborg      
       Pascal Merz              Vedran Miletic            Dmitry Morozov      
       Szilard Pall             Roland Schulz             Michael Shirts      
     Alexey Shvetsov            Balint Soproni         David van der Spoel    
      Philip Turner             Carsten Uphoff           Alessandra Villa     
 Sebastian Wingbermuehle        Artem Zhmurov       

                         Previous GROMACS contributors:
        Emile Apol             Rossen Apostolov           James Barnett       
  Herman J.C. Berendsen          Par Bjelkmar           Viacheslav Bolnykh    
        Kevin Boyd            Aldert van Buuren          Carlo Camilloni      
     Rudi van Drunen            Anton Feenstra           Oliver Fleetwood     
     Gerrit Groenhof            Bert de Groot             Anca Hamuraru       
    Vincent Hindriksen          Victor Holanda           Aleksei Iupinov      
   Dimitrios Karkoulis           Peter Kasson             Sebastian Kehl      
        Jiri Kraus               Per Larsson              Viveca Lindahl      
      Erik Marklund           Pieter Meulenhoff           Teemu Murtola       
       Sander Pronk             Alfons Sijbers            Peter Tieleman      
       Jon Vincent             Teemu Virolainen         Christian Wennberg    
       Maarten Wolf       

                  Coordinated by the GROMACS project leaders:
                    Paul Bauer, Berk Hess, and Erik Lindahl

GROMACS:      gmx mdrun, version 2023.4
Executable:   /home/asouza/programas/GROMACS_2023_CUDA/bin/gmx
Data prefix:  /home/asouza/programas/GROMACS_2023_CUDA
Working dir:  /home/asouza/projects/UG/FA2/data
Process ID:   1963647
Command line:
  gmx mdrun -deffnm md -ntmpi 1 -ntomp 90 -nb gpu -bonded gpu -pin on -append -v

GROMACS version:    2023.4
Precision:          mixed
Memory model:       64 bit
MPI library:        thread_mpi
OpenMP support:     enabled (GMX_OPENMP_MAX_THREADS = 128)
GPU support:        CUDA
NB cluster size:    8
SIMD instructions:  AVX2_256
CPU FFT library:    fftw-3.3.8-sse2-avx-avx2-avx2_128
GPU FFT library:    cuFFT
Multi-GPU FFT:      none
RDTSCP usage:       enabled
TNG support:        enabled
Hwloc support:      disabled
Tracing support:    disabled
C compiler:         /opt/ohpc/pub/compiler/gcc/12.2.0/bin/gcc GNU 12.2.0
C compiler flags:   -fexcess-precision=fast -funroll-all-loops -mavx2 -mfma -Wno-missing-field-initializers -O3 -DNDEBUG
C++ compiler:       /opt/ohpc/pub/compiler/gcc/12.2.0/bin/g++ GNU 12.2.0
C++ compiler flags: -fexcess-precision=fast -funroll-all-loops -mavx2 -mfma -Wno-missing-field-initializers -Wno-cast-function-type-strict -fopenmp -O3 -DNDEBUG
BLAS library:       External - detected on the system
LAPACK library:     External - detected on the system
CUDA compiler:      /usr/local/cuda-12.6/bin/nvcc nvcc: NVIDIA (R) Cuda compiler driver;Copyright (c) 2005-2024 NVIDIA Corporation;Built on Fri_Jun_14_16:34:21_PDT_2024;Cuda compilation tools, release 12.6, V12.6.20;Build cuda_12.6.r12.6/compiler.34431801_0
CUDA compiler flags:-std=c++17;--generate-code=arch=compute_50,code=sm_50;--generate-code=arch=compute_52,code=sm_52;--generate-code=arch=compute_60,code=sm_60;--generate-code=arch=compute_61,code=sm_61;--generate-code=arch=compute_70,code=sm_70;--generate-code=arch=compute_75,code=sm_75;--generate-code=arch=compute_80,code=sm_80;--generate-code=arch=compute_86,code=sm_86;--generate-code=arch=compute_89,code=sm_89;--generate-code=arch=compute_90,code=sm_90;-Wno-deprecated-gpu-targets;--generate-code=arch=compute_53,code=sm_53;--generate-code=arch=compute_80,code=sm_80;-use_fast_math;-Xptxas;-warn-double-usage;-Xptxas;-Werror;-D_FORCE_INLINES;-fexcess-precision=fast -funroll-all-loops -mavx2 -mfma -Wno-missing-field-initializers -Wno-cast-function-type-strict -fopenmp -O3 -DNDEBUG
CUDA driver:        12.60
CUDA runtime:       12.60


Running on 1 node with total 45 cores, 90 processing units, 2 compatible GPUs
Hardware detected on host gn01:
  CPU info:
    Vendor: AMD
    Brand:  AMD EPYC 9334 32-Core Processor                
    Family: 25   Model: 17   Stepping: 1
    Features: aes amd apic avx avx2 avx512f avx512cd avx512bw avx512vl avx512bf16 avx512secondFMA clfsh cmov cx8 cx16 f16c fma htt lahf misalignsse mmx msr nonstop_tsc pcid pclmuldq pdpe1gb popcnt pse rdrnd rdtscp sha sse2 sse3 sse4a sse4.1 sse4.2 ssse3 x2apic
  Hardware topology: Basic
    Packages, cores, and logical processors:
    [indices refer to OS logical processors]
      Package  0: [   0  64] [   1  65] [   2  66] [   3  67] [   4  68] [   5  69] [   6  70] [   7  71] [  21  85] [  22  86] [  23  87] [  24  88] [  25  89] [  26  90] [  27  91] [  28  92] [  29  93] [  30  94] [  31  95]
      Package  1: [  32  96] [  33  97] [  34  98] [  35  99] [  36 100] [  37 101] [  38 102] [  39 103] [  40 104] [  41 105] [  42 106] [  43 107] [  44 108] [  45 109] [  46 110] [  47 111] [  48 112] [  49 113] [  50 114] [  51 115] [  52 116] [  53 117] [  54 118] [  55 119] [  56 120] [  57 121]
    CPU limit set by OS: -1   Recommended max number of threads: 90
  GPU info:
    Number of GPUs detected: 2
    #0: NVIDIA NVIDIA L40S, compute cap.: 8.9, ECC: yes, stat: compatible
    #1: NVIDIA NVIDIA L40S, compute cap.: 8.9, ECC: yes, stat: compatible

Likely fastest SIMD instructions supported by all nodes: AVX_512
SIMD instructions selected at compile time:              AVX2_256
On non-Intel hardware supporting AVX-512, you might gain a few percent
performance by recompiling to use it, at least for CPU-only runs.


++++ PLEASE READ AND CITE THE FOLLOWING REFERENCE ++++
M. J. Abraham, T. Murtola, R. Schulz, S. Páll, J. C. Smith, B. Hess, E.
Lindahl
GROMACS: High performance molecular simulations through multi-level
parallelism from laptops to supercomputers
SoftwareX 1 (2015) pp. 19-25
-------- -------- --- Thank You --- -------- --------


++++ PLEASE READ AND CITE THE FOLLOWING REFERENCE ++++
S. Páll, M. J. Abraham, C. Kutzner, B. Hess, E. Lindahl
Tackling Exascale Software Challenges in Molecular Dynamics Simulations with
GROMACS
In S. Markidis & E. Laure (Eds.), Solving Software Challenges for Exascale 8759 (2015) pp. 3-27
-------- -------- --- Thank You --- -------- --------


++++ PLEASE READ AND CITE THE FOLLOWING REFERENCE ++++
S. Pronk, S. Páll, R. Schulz, P. Larsson, P. Bjelkmar, R. Apostolov, M. R.
Shirts, J. C. Smith, P. M. Kasson, D. van der Spoel, B. Hess, and E. Lindahl
GROMACS 4.5: a high-throughput and highly parallel open source molecular
simulation toolkit
Bioinformatics 29 (2013) pp. 845-54
-------- -------- --- Thank You --- -------- --------


++++ PLEASE READ AND CITE THE FOLLOWING REFERENCE ++++
B. Hess and C. Kutzner and D. van der Spoel and E. Lindahl
GROMACS 4: Algorithms for highly efficient, load-balanced, and scalable
molecular simulation
J. Chem. Theory Comput. 4 (2008) pp. 435-447
-------- -------- --- Thank You --- -------- --------


++++ PLEASE READ AND CITE THE FOLLOWING REFERENCE ++++
D. van der Spoel, E. Lindahl, B. Hess, G. Groenhof, A. E. Mark and H. J. C.
Berendsen
GROMACS: Fast, Flexible and Free
J. Comp. Chem. 26 (2005) pp. 1701-1719
-------- -------- --- Thank You --- -------- --------


++++ PLEASE READ AND CITE THE FOLLOWING REFERENCE ++++
E. Lindahl and B. Hess and D. van der Spoel
GROMACS 3.0: A package for molecular simulation and trajectory analysis
J. Mol. Mod. 7 (2001) pp. 306-317
-------- -------- --- Thank You --- -------- --------


++++ PLEASE READ AND CITE THE FOLLOWING REFERENCE ++++
H. J. C. Berendsen, D. van der Spoel and R. van Drunen
GROMACS: A message-passing parallel molecular dynamics implementation
Comp. Phys. Comm. 91 (1995) pp. 43-56
-------- -------- --- Thank You --- -------- --------


++++ PLEASE CITE THE DOI FOR THIS VERSION OF GROMACS ++++
https://doi.org/10.5281/zenodo.10559950
-------- -------- --- Thank You --- -------- --------

Input Parameters:
   integrator                     = md
   tinit                          = 0
   dt                             = 0.002
   nsteps                         = 50000000
   init-step                      = 0
   simulation-part                = 1
   mts                            = false
   comm-mode                      = Linear
   nstcomm                        = 100
   bd-fric                        = 0
   ld-seed                        = -134251235
   emtol                          = 10
   emstep                         = 0.01
   niter                          = 20
   fcstep                         = 0
   nstcgsteep                     = 1000
   nbfgscorr                      = 10
   rtpi                           = 0.05
   nstxout                        = 0
   nstvout                        = 0
   nstfout                        = 0
   nstlog                         = 50000
   nstcalcenergy                  = 100
   nstenergy                      = 50000
   nstxout-compressed             = 50000
   compressed-x-precision         = 50000
   cutoff-scheme                  = Verlet
   nstlist                        = 20
   pbc                            = xyz
   periodic-molecules             = false
   verlet-buffer-tolerance        = -1
   rlist                          = 1.35
   coulombtype                    = Reaction-Field
   coulomb-modifier               = Potential-shift
   rcoulomb-switch                = 0
   rcoulomb                       = 1.1
   epsilon-r                      = 15
   epsilon-rf                     = inf
   vdw-type                       = Cut-off
   vdw-modifier                   = Potential-shift
   rvdw-switch                    = 0
   rvdw                           = 1.1
   DispCorr                       = No
   table-extension                = 1
   fourierspacing                 = 0.12
   fourier-nx                     = 0
   fourier-ny                     = 0
   fourier-nz                     = 0
   pme-order                      = 4
   ewald-rtol                     = 1e-05
   ewald-rtol-lj                  = 0.001
   lj-pme-comb-rule               = Geometric
   ewald-geometry                 = 3d
   epsilon-surface                = 0
   ensemble-temperature-setting   = constant
   ensemble-temperature           = 310
   tcoupl                         = V-rescale
   nsttcouple                     = 100
   nh-chain-length                = 0
   print-nose-hoover-chain-variables = false
   pcoupl                         = C-rescale
   pcoupltype                     = Semiisotropic
   nstpcouple                     = 100
   tau-p                          = 5
   compressibility (3x3):
      compressibility[    0]={ 4.50000e-05,  0.00000e+00,  0.00000e+00}
      compressibility[    1]={ 0.00000e+00,  4.50000e-05,  0.00000e+00}
      compressibility[    2]={ 0.00000e+00,  0.00000e+00,  4.50000e-05}
   ref-p (3x3):
      ref-p[    0]={ 1.00000e+00,  0.00000e+00,  0.00000e+00}
      ref-p[    1]={ 0.00000e+00,  1.00000e+00,  0.00000e+00}
      ref-p[    2]={ 0.00000e+00,  0.00000e+00,  1.00000e+00}
   refcoord-scaling               = No
   posres-com (3):
      posres-com[0]= 0.00000e+00
      posres-com[1]= 0.00000e+00
      posres-com[2]= 0.00000e+00
   posres-comB (3):
      posres-comB[0]= 0.00000e+00
      posres-comB[1]= 0.00000e+00
      posres-comB[2]= 0.00000e+00
   QMMM                           = false
qm-opts:
   ngQM                           = 0
   constraint-algorithm           = Lincs
   continuation                   = true
   Shake-SOR                      = false
   shake-tol                      = 0.0001
   lincs-order                    = 8
   lincs-iter                     = 2
   lincs-warnangle                = 90
   nwall                          = 0
   wall-type                      = 9-3
   wall-r-linpot                  = -1
   wall-atomtype[0]               = -1
   wall-atomtype[1]               = -1
   wall-density[0]                = 0
   wall-density[1]                = 0
   wall-ewald-zfac                = 3
   pull                           = false
   awh                            = false
   rotation                       = false
   interactiveMD                  = false
   disre                          = No
   disre-weighting                = Conservative
   disre-mixed                    = false
   dr-fc                          = 1000
   dr-tau                         = 0
   nstdisreout                    = 100
   orire-fc                       = 0
   orire-tau                      = 0
   nstorireout                    = 100
   free-energy                    = no
   cos-acceleration               = 0
   deform (3x3):
      deform[    0]={ 0.00000e+00,  0.00000e+00,  0.00000e+00}
      deform[    1]={ 0.00000e+00,  0.00000e+00,  0.00000e+00}
      deform[    2]={ 0.00000e+00,  0.00000e+00,  0.00000e+00}
   simulated-tempering            = false
   swapcoords                     = no
   userint1                       = 0
   userint2                       = 0
   userint3                       = 0
   userint4                       = 0
   userreal1                      = 0
   userreal2                      = 0
   userreal3                      = 0
   userreal4                      = 0
   applied-forces:
     electric-field:
       x:
         E0                       = 0
         omega                    = 0
         t0                       = 0
         sigma                    = 0
       y:
         E0                       = 0
         omega                    = 0
         t0                       = 0
         sigma                    = 0
       z:
         E0                       = 0
         omega                    = 0
         t0                       = 0
         sigma                    = 0
     density-guided-simulation:
       active                     = false
       group                      = protein
       similarity-measure         = inner-product
       atom-spreading-weight      = unity
       force-constant             = 1e+09
       gaussian-transform-spreading-width = 0.2
       gaussian-transform-spreading-range-in-multiples-of-width = 4
       reference-density-filename = reference.mrc
       nst                        = 1
       normalize-densities        = true
       adaptive-force-scaling     = false
       adaptive-force-scaling-time-constant = 4
       shift-vector               = 
       transformation-matrix      = 
     qmmm-cp2k:
       active                     = false
       qmgroup                    = System
       qmmethod                   = PBE
       qmfilenames                = 
       qmcharge                   = 0
       qmmultiplicity             = 1
grpopts:
   nrdf:          87        1965
   ref-t:         310         310
   tau-t:           1           1
annealing:          No          No
annealing-npoints:           0           0
   acc:	           0           0           0
   nfreeze:           N           N           N
   energygrp-flags[  0]: 0

Can not increase nstlist because verlet-buffer-tolerance is not set or used
When checking whether update groups are usable:
  Domain decomposition is not active, so there is no need for update groups
  No constraints or virtual sites are in use, so it is best not to use update groups
1 GPU selected for this run.
Mapping of GPU IDs to the 1 GPU task in the 1 rank on this node:
  PP:0
PP tasks will do (non-perturbed) short-ranged and most bonded interactions on the GPU
PP task will update and constrain coordinates on the GPU
Using 1 MPI thread
Using 90 OpenMP threads 

System total charge: 0.450
Reaction-Field:
epsRF = 0, rc = 1.1, krf = 0.375657, crf = 1.36364, epsfac = 9.26236
The electrostatics potential has its minimum at r = 1.1
Potential shift: LJ r^-12: -3.186e-01 r^-6: -5.645e-01


Using GPU 8x8 nonbonded short-range kernels

Using a 8x8 pair-list setup:
  updated every 20 steps, buffer 0.250 nm, rlist 1.350 nm

The non-bonded pair calculation algorithm tolerates a few missing pair interactions close to the cut-off. This can lead to a systematic overestimation of the pressure due to missing LJ interactions. The error in the average pressure due to missing LJ interactions is at most 0.00 bar.

Using full Lennard-Jones parameter combination matrix

Overriding thread affinity set outside gmx mdrun

Pinning threads with an auto-selected logical cpu stride of 1

++++ PLEASE READ AND CITE THE FOLLOWING REFERENCE ++++
G. Bussi, D. Donadio and M. Parrinello
Canonical sampling through velocity rescaling
J. Chem. Phys. 126 (2007) pp. 014101
-------- -------- --- Thank You --- -------- --------


++++ PLEASE READ AND CITE THE FOLLOWING REFERENCE ++++
M. Bernetti, G. Bussi
Pressure control using stochastic cell rescaling
J. Chem. Phys. 153 (2020) pp. 114107
-------- -------- --- Thank You --- -------- --------

There are: 686 Atoms

Updating coordinates on the GPU.
Center of mass motion removal mode is Linear
We have the following groups for center of mass motion removal:
  0:  glycoprotein
  1:  Water_ions

Started mdrun on rank 0 Wed Apr  1 16:13:21 2026

           Step           Time
              0        0.00000

   Energies (kJ/mol)
           Bond       G96Angle  Improper Dih.        LJ (SR)   Coulomb (SR)
    4.58642e+01    2.26560e+01    9.82012e+00   -1.76623e+04   -1.11792e+02
      Potential    Kinetic En.   Total Energy  Conserved En.    Temperature
   -1.76958e+04    2.59232e+03   -1.51035e+04   -1.51037e+04    3.03884e+02
 Pressure (bar)
    2.17198e+02

           Step           Time
          50000      100.00000

   Energies (kJ/mol)
           Bond       G96Angle  Improper Dih.        LJ (SR)   Coulomb (SR)
    5.20954e+01    3.39410e+01    7.25106e+00   -1.79264e+04   -1.27883e+02
      Potential    Kinetic En.   Total Energy  Conserved En.    Temperature
   -1.79610e+04    2.61245e+03   -1.53486e+04   -1.66570e+04    3.06243e+02
 Pressure (bar)
   -6.45628e+01

           Step           Time
         100000      200.00000

   Energies (kJ/mol)
           Bond       G96Angle  Improper Dih.        LJ (SR)   Coulomb (SR)
    5.91788e+01    1.69978e+01    1.15385e+01   -1.77912e+04   -1.23262e+02
      Potential    Kinetic En.   Total Energy  Conserved En.    Temperature
   -1.78268e+04    2.57480e+03   -1.52520e+04   -1.66209e+04    3.01829e+02
 Pressure (bar)
    8.26934e+00

           Step           Time
         150000      300.00000

   Energies (kJ/mol)
           Bond       G96Angle  Improper Dih.        LJ (SR)   Coulomb (SR)
    5.20598e+01    4.18351e+01    1.97829e+01   -1.76056e+04   -1.21778e+02
      Potential    Kinetic En.   Total Energy  Conserved En.    Temperature
   -1.76137e+04    2.59193e+03   -1.50218e+04   -1.81365e+04    3.03838e+02
 Pressure (bar)
    2.03497e+02

           Step           Time
         200000      400.00000

   Energies (kJ/mol)
           Bond       G96Angle  Improper Dih.        LJ (SR)   Coulomb (SR)
    3.76260e+01    3.95554e+01    5.39243e+00   -1.77393e+04   -1.11676e+02
      Potential    Kinetic En.   Total Energy  Conserved En.    Temperature
   -1.77684e+04    2.56325e+03   -1.52052e+04   -1.96800e+04    3.00475e+02
 Pressure (bar)
   -7.61744e+01

           Step           Time
         250000      500.00000

   Energies (kJ/mol)
           Bond       G96Angle  Improper Dih.        LJ (SR)   Coulomb (SR)
    4.23507e+01    1.70595e+01    9.92175e+00   -1.75197e+04   -1.15946e+02
      Potential    Kinetic En.   Total Energy  Conserved En.    Temperature
   -1.75663e+04    2.67742e+03   -1.48889e+04   -2.12280e+04    3.13859e+02
 Pressure (bar)
   -7.11304e+00

           Step           Time
         300000      600.00000

   Energies (kJ/mol)
           Bond       G96Angle  Improper Dih.        LJ (SR)   Coulomb (SR)
    5.25023e+01    4.57513e+01    5.61651e+00   -1.76701e+04   -1.21694e+02
      Potential    Kinetic En.   Total Energy  Conserved En.    Temperature
   -1.76880e+04    2.68315e+03   -1.50048e+04   -2.26603e+04    3.14531e+02
 Pressure (bar)
    8.65248e+01

           Step           Time
         350000      700.00000

   Energies (kJ/mol)
           Bond       G96Angle  Improper Dih.        LJ (SR)   Coulomb (SR)
    3.26106e+01    2.59023e+01    1.20418e+01   -1.76558e+04   -1.15947e+02
      Potential    Kinetic En.   Total Energy  Conserved En.    Temperature
   -1.77012e+04    2.61819e+03   -1.50830e+04   -2.42327e+04    3.06917e+02
 Pressure (bar)
   -1.25555e+02

           Step           Time
         400000      800.00000

   Energies (kJ/mol)
           Bond       G96Angle  Improper Dih.        LJ (SR)   Coulomb (SR)
    3.74661e+01    3.23836e+01    1.44320e+01   -1.78732e+04   -1.20883e+02
      Potential    Kinetic En.   Total Energy  Conserved En.    Temperature
   -1.79098e+04    2.51922e+03   -1.53906e+04   -2.54725e+04    2.95315e+02
 Pressure (bar)
   -3.69839e+01

           Step           Time
         450000      900.00000

   Energies (kJ/mol)
           Bond       G96Angle  Improper Dih.        LJ (SR)   Coulomb (SR)
    3.61642e+01    4.64957e+01    1.19072e+01   -1.75823e+04   -1.13217e+02
      Potential    Kinetic En.   Total Energy  Conserved En.    Temperature
   -1.76010e+04    2.71740e+03   -1.48836e+04   -2.70335e+04    3.18546e+02
 Pressure (bar)
   -2.06051e+02

           Step           Time
         500000     1000.00000

   Energies (kJ/mol)
           Bond       G96Angle  Improper Dih.        LJ (SR)   Coulomb (SR)
    5.85266e+01    4.24202e+01    9.43911e+00   -1.77847e+04   -1.09025e+02
      Potential    Kinetic En.   Total Energy  Conserved En.    Temperature
   -1.77834e+04    2.62898e+03   -1.51544e+04   -2.85101e+04    3.08181e+02
 Pressure (bar)
    6.60695e+01

           Step           Time
         550000     1100.00000

   Energies (kJ/mol)
           Bond       G96Angle  Improper Dih.        LJ (SR)   Coulomb (SR)
    4.94597e+01    2.32227e+01    4.70168e+00   -1.76052e+04   -1.15800e+02
      Potential    Kinetic En.   Total Energy  Conserved En.    Temperature
   -1.76437e+04    2.71712e+03   -1.49265e+04   -2.97227e+04    3.18513e+02
 Pressure (bar)
    1.43664e+02

           Step           Time
         600000     1200.00000

   Energies (kJ/mol)
           Bond       G96Angle  Improper Dih.        LJ (SR)   Coulomb (SR)
    5.30705e+01    3.64031e+01    1.70533e+01   -1.78669e+04   -1.15546e+02
      Potential    Kinetic En.   Total Energy  Conserved En.    Temperature
   -1.78759e+04    2.76559e+03   -1.51103e+04   -3.12718e+04    3.24195e+02
 Pressure (bar)
    1.98513e+01

           Step           Time
         650000     1300.00000

   Energies (kJ/mol)
           Bond       G96Angle  Improper Dih.        LJ (SR)   Coulomb (SR)
    4.57926e+01    4.36147e+01    1.22694e+01   -1.73866e+04   -1.24629e+02
      Potential    Kinetic En.   Total Energy  Conserved En.    Temperature
   -1.74096e+04    2.79296e+03   -1.46166e+04   -3.30173e+04    3.27403e+02
 Pressure (bar)
    6.98356e+01

           Step           Time
         700000     1400.00000

   Energies (kJ/mol)
           Bond       G96Angle  Improper Dih.        LJ (SR)   Coulomb (SR)
    3.69879e+01    2.91872e+01    1.16622e+01   -1.77125e+04   -1.27230e+02
      Potential    Kinetic En.   Total Energy  Conserved En.    Temperature
   -1.77619e+04    2.66564e+03   -1.50962e+04   -3.46066e+04    3.12478e+02
 Pressure (bar)
   -6.68501e+00

           Step           Time
         750000     1500.00000

   Energies (kJ/mol)
           Bond       G96Angle  Improper Dih.        LJ (SR)   Coulomb (SR)
    7.00667e+01    2.60832e+01    8.85053e+00   -1.77158e+04   -1.37114e+02
      Potential    Kinetic En.   Total Energy  Conserved En.    Temperature
   -1.77479e+04    2.53038e+03   -1.52175e+04   -3.62168e+04    2.96622e+02
 Pressure (bar)
   -2.28934e+02

           Step           Time
         800000     1600.00000

   Energies (kJ/mol)
           Bond       G96Angle  Improper Dih.        LJ (SR)   Coulomb (SR)
    5.37755e+01    3.83819e+01    9.19829e+00   -1.78507e+04   -1.23038e+02
      Potential    Kinetic En.   Total Energy  Conserved En.    Temperature
   -1.78723e+04    2.70062e+03   -1.51717e+04   -3.58925e+04    3.16579e+02
 Pressure (bar)
    3.63623e+01

           Step           Time
         850000     1700.00000

   Energies (kJ/mol)
           Bond       G96Angle  Improper Dih.        LJ (SR)   Coulomb (SR)
    5.30842e+01    2.55180e+01    1.42337e+01   -1.76728e+04   -1.27928e+02
      Potential    Kinetic En.   Total Energy  Conserved En.    Temperature
   -1.77078e+04    2.45585e+03   -1.52520e+04   -3.74428e+04    2.87886e+02
 Pressure (bar)
   -3.61758e+01

           Step           Time
         900000     1800.00000

   Energies (kJ/mol)
           Bond       G96Angle  Improper Dih.        LJ (SR)   Coulomb (SR)
    4.88803e+01    2.46431e+01    8.29446e+00   -1.76034e+04   -1.21883e+02
      Potential    Kinetic En.   Total Energy  Conserved En.    Temperature
   -1.76434e+04    2.62980e+03   -1.50136e+04   -3.87736e+04    3.08277e+02
 Pressure (bar)
    5.14410e+01

           Step           Time
         950000     1900.00000

   Energies (kJ/mol)
           Bond       G96Angle  Improper Dih.        LJ (SR)   Coulomb (SR)
    4.45431e+01    2.44954e+01    1.69248e+01   -1.75973e+04   -1.31660e+02
      Potential    Kinetic En.   Total Energy  Conserved En.    Temperature
   -1.76430e+04    2.66576e+03   -1.49772e+04   -4.03338e+04    3.12492e+02
 Pressure (bar)
   -1.11038e+02

           Step           Time
        1000000     2000.00000

   Energies (kJ/mol)
           Bond       G96Angle  Improper Dih.        LJ (SR)   Coulomb (SR)
    4.24381e+01    2.31317e+01    1.16462e+01   -1.78638e+04   -1.24711e+02
      Potential    Kinetic En.   Total Energy  Conserved En.    Temperature
   -1.79113e+04    2.51776e+03   -1.53935e+04   -4.19365e+04    2.95144e+02
 Pressure (bar)
    5.35430e-01

           Step           Time
        1050000     2100.00000

   Energies (kJ/mol)
           Bond       G96Angle  Improper Dih.        LJ (SR)   Coulomb (SR)
    3.91168e+01    2.21327e+01    1.05126e+01   -1.77770e+04   -1.31623e+02
      Potential    Kinetic En.   Total Energy  Conserved En.    Temperature
   -1.78369e+04    2.64755e+03   -1.51893e+04   -4.33300e+04    3.10358e+02
 Pressure (bar)
    9.23653e+01

           Step           Time
        1100000     2200.00000

   Energies (kJ/mol)
           Bond       G96Angle  Improper Dih.        LJ (SR)   Coulomb (SR)
    5.30820e+01    2.15952e+01    1.75256e+01   -1.79262e+04   -1.16339e+02
      Potential    Kinetic En.   Total Energy  Conserved En.    Temperature
   -1.79504e+04    2.55648e+03   -1.53939e+04   -4.49056e+04    2.99683e+02
 Pressure (bar)
   -1.55015e+02

           Step           Time
        1150000     2300.00000

   Energies (kJ/mol)
           Bond       G96Angle  Improper Dih.        LJ (SR)   Coulomb (SR)
    3.16678e+01    3.86406e+01    7.07167e+00   -1.76488e+04   -1.30369e+02
      Potential    Kinetic En.   Total Energy  Conserved En.    Temperature
   -1.77018e+04    2.55974e+03   -1.51420e+04   -4.65996e+04    3.00064e+02
 Pressure (bar)
    3.49918e+01



Received the INT signal, stopping within 200 steps

           Step           Time
        1153520     2307.04000

Writing checkpoint, step 1153520 at Wed Apr  1 16:15:57 2026



Reading checkpoint file md.cpt
  file generated by:     /home/asouza/programas/GROMACS_2023_CUDA/bin/gmx
  file generated at:     Wed Apr  1 16:15:57 2026

  GROMACS double prec.:  0
  simulation part #:     1
  step:                  1153520
  time:                  2307.040000



-----------------------------------------------------------
Restarting from checkpoint, appending to previous log file.

                      :-) GROMACS - gmx mdrun, 2023.4 (-:

Executable:   /home/asouza/programas/GROMACS_2023_CUDA/bin/gmx
Data prefix:  /home/asouza/programas/GROMACS_2023_CUDA
Working dir:  /home/asouza/projects/UG/FA2/data
Process ID:   1964679
Command line:
  gmx mdrun -deffnm md -ntmpi 1 -ntomp 90 -nb gpu -bonded gpu -pin on -cpi md.cpt -append -v

GROMACS version:    2023.4
Precision:          mixed
Memory model:       64 bit
MPI library:        thread_mpi
OpenMP support:     enabled (GMX_OPENMP_MAX_THREADS = 128)
GPU support:        CUDA
NB cluster size:    8
SIMD instructions:  AVX2_256
CPU FFT library:    fftw-3.3.8-sse2-avx-avx2-avx2_128
GPU FFT library:    cuFFT
Multi-GPU FFT:      none
RDTSCP usage:       enabled
TNG support:        enabled
Hwloc support:      disabled
Tracing support:    disabled
C compiler:         /opt/ohpc/pub/compiler/gcc/12.2.0/bin/gcc GNU 12.2.0
C compiler flags:   -fexcess-precision=fast -funroll-all-loops -mavx2 -mfma -Wno-missing-field-initializers -O3 -DNDEBUG
C++ compiler:       /opt/ohpc/pub/compiler/gcc/12.2.0/bin/g++ GNU 12.2.0
C++ compiler flags: -fexcess-precision=fast -funroll-all-loops -mavx2 -mfma -Wno-missing-field-initializers -Wno-cast-function-type-strict -fopenmp -O3 -DNDEBUG
BLAS library:       External - detected on the system
LAPACK library:     External - detected on the system
CUDA compiler:      /usr/local/cuda-12.6/bin/nvcc nvcc: NVIDIA (R) Cuda compiler driver;Copyright (c) 2005-2024 NVIDIA Corporation;Built on Fri_Jun_14_16:34:21_PDT_2024;Cuda compilation tools, release 12.6, V12.6.20;Build cuda_12.6.r12.6/compiler.34431801_0
CUDA compiler flags:-std=c++17;--generate-code=arch=compute_50,code=sm_50;--generate-code=arch=compute_52,code=sm_52;--generate-code=arch=compute_60,code=sm_60;--generate-code=arch=compute_61,code=sm_61;--generate-code=arch=compute_70,code=sm_70;--generate-code=arch=compute_75,code=sm_75;--generate-code=arch=compute_80,code=sm_80;--generate-code=arch=compute_86,code=sm_86;--generate-code=arch=compute_89,code=sm_89;--generate-code=arch=compute_90,code=sm_90;-Wno-deprecated-gpu-targets;--generate-code=arch=compute_53,code=sm_53;--generate-code=arch=compute_80,code=sm_80;-use_fast_math;-Xptxas;-warn-double-usage;-Xptxas;-Werror;-D_FORCE_INLINES;-fexcess-precision=fast -funroll-all-loops -mavx2 -mfma -Wno-missing-field-initializers -Wno-cast-function-type-strict -fopenmp -O3 -DNDEBUG
CUDA driver:        12.60
CUDA runtime:       12.60

Can not increase nstlist because verlet-buffer-tolerance is not set or used
When checking whether update groups are usable:
  Domain decomposition is not active, so there is no need for update groups
  No constraints or virtual sites are in use, so it is best not to use update groups
1 GPU selected for this run.
Mapping of GPU IDs to the 1 GPU task in the 1 rank on this node:
  PP:0
PP tasks will do (non-perturbed) short-ranged and most bonded interactions on the GPU
PP task will update and constrain coordinates on the GPU
Using 1 MPI thread
Using 90 OpenMP threads 

System total charge: 0.450
Reaction-Field:
epsRF = 0, rc = 1.1, krf = 0.375657, crf = 1.36364, epsfac = 9.26236
The electrostatics potential has its minimum at r = 1.1
Potential shift: LJ r^-12: -3.186e-01 r^-6: -5.645e-01


Using GPU 8x8 nonbonded short-range kernels

Using a 8x8 pair-list setup:
  updated every 20 steps, buffer 0.250 nm, rlist 1.350 nm

The non-bonded pair calculation algorithm tolerates a few missing pair interactions close to the cut-off. This can lead to a systematic overestimation of the pressure due to missing LJ interactions. The error in the average pressure due to missing LJ interactions is at most 0.00 bar.

Using full Lennard-Jones parameter combination matrix

Overriding thread affinity set outside gmx mdrun

Pinning threads with an auto-selected logical cpu stride of 1
There are: 686 Atoms

Updating coordinates on the GPU.
Center of mass motion removal mode is Linear
We have the following groups for center of mass motion removal:
  0:  glycoprotein
  1:  Water_ions

Started mdrun on rank 0 Wed Apr  1 16:17:27 2026

           Step           Time
        1200000     2400.00000

   Energies (kJ/mol)
           Bond       G96Angle  Improper Dih.        LJ (SR)   Coulomb (SR)
    6.58929e+01    3.81793e+01    9.72900e+00   -1.74713e+04   -1.59486e+02
      Potential    Kinetic En.   Total Energy  Conserved En.    Temperature
   -1.75169e+04    2.68291e+03   -1.48340e+04   -4.81284e+04    3.14503e+02
 Pressure (bar)
   -3.93622e+00

           Step           Time
        1250000     2500.00000

   Energies (kJ/mol)
           Bond       G96Angle  Improper Dih.        LJ (SR)   Coulomb (SR)
    8.35793e+01    2.99298e+01    8.33941e+00   -1.77508e+04   -1.49458e+02
      Potential    Kinetic En.   Total Energy  Conserved En.    Temperature
   -1.77785e+04    2.75229e+03   -1.50262e+04   -4.97633e+04    3.22635e+02
 Pressure (bar)
   -1.02073e+02

           Step           Time
        1300000     2600.00000

   Energies (kJ/mol)
           Bond       G96Angle  Improper Dih.        LJ (SR)   Coulomb (SR)
    7.23871e+01    3.53079e+01    1.54598e+01   -1.78774e+04   -1.51529e+02
      Potential    Kinetic En.   Total Energy  Conserved En.    Temperature
   -1.79058e+04    2.74804e+03   -1.51578e+04   -5.13063e+04    3.22138e+02
 Pressure (bar)
    1.62363e+02

           Step           Time
        1350000     2700.00000

   Energies (kJ/mol)
           Bond       G96Angle  Improper Dih.        LJ (SR)   Coulomb (SR)
    7.61366e+01    2.87889e+01    1.22940e+01   -1.77803e+04   -1.55274e+02
      Potential    Kinetic En.   Total Energy  Conserved En.    Temperature
   -1.78183e+04    2.64067e+03   -1.51777e+04   -5.23199e+04    3.09551e+02
 Pressure (bar)
   -8.88921e+01

           Step           Time
        1400000     2800.00000

   Energies (kJ/mol)
           Bond       G96Angle  Improper Dih.        LJ (SR)   Coulomb (SR)
    5.33524e+01    3.23981e+01    7.77221e+00   -1.78235e+04   -1.31687e+02
      Potential    Kinetic En.   Total Energy  Conserved En.    Temperature
   -1.78617e+04    2.74902e+03   -1.51127e+04   -5.38412e+04    3.22252e+02
 Pressure (bar)
    2.73691e+02

           Step           Time
        1450000     2900.00000

   Energies (kJ/mol)
           Bond       G96Angle  Improper Dih.        LJ (SR)   Coulomb (SR)
    6.17844e+01    3.50055e+01    2.27272e+01   -1.79266e+04   -1.49114e+02
      Potential    Kinetic En.   Total Energy  Conserved En.    Temperature
   -1.79562e+04    2.58641e+03   -1.53698e+04   -5.53813e+04    3.03190e+02
 Pressure (bar)
    2.37524e+01

           Step           Time
        1500000     3000.00000

   Energies (kJ/mol)
           Bond       G96Angle  Improper Dih.        LJ (SR)   Coulomb (SR)
    5.35230e+01    3.13884e+01    1.02705e+01   -1.79239e+04   -1.20613e+02
      Potential    Kinetic En.   Total Energy  Conserved En.    Temperature
   -1.79494e+04    2.69137e+03   -1.52580e+04   -5.69703e+04    3.15495e+02
 Pressure (bar)
    6.21166e+01



Received the INT signal, stopping within 200 steps

           Step           Time
        1517620     3035.24000

Writing checkpoint, step 1517620 at Wed Apr  1 16:18:52 2026



Reading checkpoint file md.cpt
  file generated by:     /home/asouza/programas/GROMACS_2023_CUDA/bin/gmx
  file generated at:     Wed Apr  1 16:18:52 2026

  GROMACS double prec.:  0
  simulation part #:     2
  step:                  1517620
  time:                  3035.240000



-----------------------------------------------------------
Restarting from checkpoint, appending to previous log file.

                      :-) GROMACS - gmx mdrun, 2023.4 (-:

Executable:   /home/asouza/programas/GROMACS_2023_CUDA/bin/gmx
Data prefix:  /home/asouza/programas/GROMACS_2023_CUDA
Working dir:  /home/asouza/projects/UG/FA2/data
Process ID:   1965502
Command line:
  gmx mdrun -deffnm md -ntmpi 1 -ntomp 90 -nb gpu -bonded gpu -pin on -cpi md.cpt -append -v

GROMACS version:    2023.4
Precision:          mixed
Memory model:       64 bit
MPI library:        thread_mpi
OpenMP support:     enabled (GMX_OPENMP_MAX_THREADS = 128)
GPU support:        CUDA
NB cluster size:    8
SIMD instructions:  AVX2_256
CPU FFT library:    fftw-3.3.8-sse2-avx-avx2-avx2_128
GPU FFT library:    cuFFT
Multi-GPU FFT:      none
RDTSCP usage:       enabled
TNG support:        enabled
Hwloc support:      disabled
Tracing support:    disabled
C compiler:         /opt/ohpc/pub/compiler/gcc/12.2.0/bin/gcc GNU 12.2.0
C compiler flags:   -fexcess-precision=fast -funroll-all-loops -mavx2 -mfma -Wno-missing-field-initializers -O3 -DNDEBUG
C++ compiler:       /opt/ohpc/pub/compiler/gcc/12.2.0/bin/g++ GNU 12.2.0
C++ compiler flags: -fexcess-precision=fast -funroll-all-loops -mavx2 -mfma -Wno-missing-field-initializers -Wno-cast-function-type-strict -fopenmp -O3 -DNDEBUG
BLAS library:       External - detected on the system
LAPACK library:     External - detected on the system
CUDA compiler:      /usr/local/cuda-12.6/bin/nvcc nvcc: NVIDIA (R) Cuda compiler driver;Copyright (c) 2005-2024 NVIDIA Corporation;Built on Fri_Jun_14_16:34:21_PDT_2024;Cuda compilation tools, release 12.6, V12.6.20;Build cuda_12.6.r12.6/compiler.34431801_0
CUDA compiler flags:-std=c++17;--generate-code=arch=compute_50,code=sm_50;--generate-code=arch=compute_52,code=sm_52;--generate-code=arch=compute_60,code=sm_60;--generate-code=arch=compute_61,code=sm_61;--generate-code=arch=compute_70,code=sm_70;--generate-code=arch=compute_75,code=sm_75;--generate-code=arch=compute_80,code=sm_80;--generate-code=arch=compute_86,code=sm_86;--generate-code=arch=compute_89,code=sm_89;--generate-code=arch=compute_90,code=sm_90;-Wno-deprecated-gpu-targets;--generate-code=arch=compute_53,code=sm_53;--generate-code=arch=compute_80,code=sm_80;-use_fast_math;-Xptxas;-warn-double-usage;-Xptxas;-Werror;-D_FORCE_INLINES;-fexcess-precision=fast -funroll-all-loops -mavx2 -mfma -Wno-missing-field-initializers -Wno-cast-function-type-strict -fopenmp -O3 -DNDEBUG
CUDA driver:        12.60
CUDA runtime:       12.60

Can not increase nstlist because verlet-buffer-tolerance is not set or used
When checking whether update groups are usable:
  Domain decomposition is not active, so there is no need for update groups
  No constraints or virtual sites are in use, so it is best not to use update groups
1 GPU selected for this run.
Mapping of GPU IDs to the 1 GPU task in the 1 rank on this node:
  PP:0
PP tasks will do (non-perturbed) short-ranged and most bonded interactions on the GPU
PP task will update and constrain coordinates on the GPU
Using 1 MPI thread
Using 90 OpenMP threads 

System total charge: 0.450
Reaction-Field:
epsRF = 0, rc = 1.1, krf = 0.375657, crf = 1.36364, epsfac = 9.26236
The electrostatics potential has its minimum at r = 1.1
Potential shift: LJ r^-12: -3.186e-01 r^-6: -5.645e-01


Using GPU 8x8 nonbonded short-range kernels

Using a 8x8 pair-list setup:
  updated every 20 steps, buffer 0.250 nm, rlist 1.350 nm

The non-bonded pair calculation algorithm tolerates a few missing pair interactions close to the cut-off. This can lead to a systematic overestimation of the pressure due to missing LJ interactions. The error in the average pressure due to missing LJ interactions is at most 0.00 bar.

Using full Lennard-Jones parameter combination matrix

Overriding thread affinity set outside gmx mdrun

Pinning threads with an auto-selected logical cpu stride of 1
There are: 686 Atoms

Updating coordinates on the GPU.
Center of mass motion removal mode is Linear
We have the following groups for center of mass motion removal:
  0:  glycoprotein
  1:  Water_ions

Started mdrun on rank 0 Wed Apr  1 16:20:01 2026

           Step           Time
        1550000     3100.00000

   Energies (kJ/mol)
           Bond       G96Angle  Improper Dih.        LJ (SR)   Coulomb (SR)
    6.24381e+01    2.86028e+01    2.55327e+01   -1.78286e+04   -1.33801e+02
      Potential    Kinetic En.   Total Energy  Conserved En.    Temperature
   -1.78458e+04    2.60204e+03   -1.52438e+04   -5.85772e+04    3.05023e+02
 Pressure (bar)
   -4.79982e+01

           Step           Time
        1600000     3200.00000

   Energies (kJ/mol)
           Bond       G96Angle  Improper Dih.        LJ (SR)   Coulomb (SR)
    4.36070e+01    4.82514e+01    2.09963e+01   -1.78356e+04   -1.12283e+02
      Potential    Kinetic En.   Total Energy  Conserved En.    Temperature
   -1.78351e+04    2.63719e+03   -1.51979e+04   -6.00884e+04    3.09143e+02
 Pressure (bar)
   -4.92399e+00

           Step           Time
        1650000     3300.00000

   Energies (kJ/mol)
           Bond       G96Angle  Improper Dih.        LJ (SR)   Coulomb (SR)
    4.50459e+01    4.96814e+01    9.67584e+00   -1.76202e+04   -1.26718e+02
      Potential    Kinetic En.   Total Energy  Conserved En.    Temperature
   -1.76425e+04    2.69956e+03   -1.49429e+04   -6.17328e+04    3.16454e+02
 Pressure (bar)
    1.23078e+02

           Step           Time
        1700000     3400.00000

   Energies (kJ/mol)
           Bond       G96Angle  Improper Dih.        LJ (SR)   Coulomb (SR)
    3.62791e+01    3.48288e+01    1.47661e+01   -1.79512e+04   -9.91849e+01
      Potential    Kinetic En.   Total Energy  Conserved En.    Temperature
   -1.79645e+04    2.62086e+03   -1.53436e+04   -6.33538e+04    3.07229e+02
 Pressure (bar)
   -1.44258e+02

           Step           Time
        1750000     3500.00000

   Energies (kJ/mol)
           Bond       G96Angle  Improper Dih.        LJ (SR)   Coulomb (SR)
    5.75977e+01    3.99284e+01    1.14997e+01   -1.76100e+04   -1.16090e+02
      Potential    Kinetic En.   Total Energy  Conserved En.    Temperature
   -1.76170e+04    2.62429e+03   -1.49928e+04   -6.49828e+04    3.07631e+02
 Pressure (bar)
   -8.74257e+01

           Step           Time
        1800000     3600.00000

   Energies (kJ/mol)
           Bond       G96Angle  Improper Dih.        LJ (SR)   Coulomb (SR)
    5.05899e+01    3.41349e+01    1.52126e+01   -1.76020e+04   -1.22060e+02
      Potential    Kinetic En.   Total Energy  Conserved En.    Temperature
   -1.76241e+04    2.60788e+03   -1.50162e+04   -6.62325e+04    3.05707e+02
 Pressure (bar)
    7.47784e+01

           Step           Time
        1850000     3700.00000

   Energies (kJ/mol)
           Bond       G96Angle  Improper Dih.        LJ (SR)   Coulomb (SR)
    2.89284e+01    4.41421e+01    1.67116e+01   -1.78867e+04   -1.23048e+02
      Potential    Kinetic En.   Total Energy  Conserved En.    Temperature
   -1.79199e+04    2.64710e+03   -1.52728e+04   -6.48927e+04    3.10305e+02
 Pressure (bar)
    3.10262e+02

           Step           Time
        1900000     3800.00000

   Energies (kJ/mol)
           Bond       G96Angle  Improper Dih.        LJ (SR)   Coulomb (SR)
    3.49332e+01    2.18117e+01    1.13038e+01   -1.75991e+04   -1.25316e+02
      Potential    Kinetic En.   Total Energy  Conserved En.    Temperature
   -1.76563e+04    2.77518e+03   -1.48812e+04   -6.64931e+04    3.25319e+02
 Pressure (bar)
   -2.65486e+02

           Step           Time
        1950000     3900.00000

   Energies (kJ/mol)
           Bond       G96Angle  Improper Dih.        LJ (SR)   Coulomb (SR)
    6.54562e+01    3.90801e+01    8.47357e+00   -1.77716e+04   -1.11785e+02
      Potential    Kinetic En.   Total Energy  Conserved En.    Temperature
   -1.77704e+04    2.59051e+03   -1.51799e+04   -6.79361e+04    3.03672e+02
 Pressure (bar)
    1.54655e+02

           Step           Time
        2000000     4000.00000

   Energies (kJ/mol)
           Bond       G96Angle  Improper Dih.        LJ (SR)   Coulomb (SR)
    4.96843e+01    3.69202e+01    1.15134e+01   -1.76410e+04   -1.15553e+02
      Potential    Kinetic En.   Total Energy  Conserved En.    Temperature
   -1.76585e+04    2.62333e+03   -1.50351e+04   -6.94677e+04    3.07519e+02
 Pressure (bar)
    1.19157e+01

           Step           Time
        2050000     4100.00000

   Energies (kJ/mol)
           Bond       G96Angle  Improper Dih.        LJ (SR)   Coulomb (SR)
    3.56520e+01    4.09479e+01    8.24309e+00   -1.77179e+04   -1.39641e+02
      Potential    Kinetic En.   Total Energy  Conserved En.    Temperature
   -1.77727e+04    2.69883e+03   -1.50739e+04   -7.10627e+04    3.16369e+02
 Pressure (bar)
   -1.27841e+02

           Step           Time
        2100000     4200.00000

   Energies (kJ/mol)
           Bond       G96Angle  Improper Dih.        LJ (SR)   Coulomb (SR)
    6.03783e+01    4.34089e+01    2.11826e+01   -1.76837e+04   -1.32732e+02
      Potential    Kinetic En.   Total Energy  Conserved En.    Temperature
   -1.76915e+04    2.57360e+03   -1.51179e+04   -7.26243e+04    3.01689e+02
 Pressure (bar)
    3.44371e+01

           Step           Time
        2150000     4300.00000

   Energies (kJ/mol)
           Bond       G96Angle  Improper Dih.        LJ (SR)   Coulomb (SR)
    5.60302e+01    4.35515e+01    1.13225e+01   -1.74759e+04   -1.41308e+02
      Potential    Kinetic En.   Total Energy  Conserved En.    Temperature
   -1.75063e+04    2.55337e+03   -1.49530e+04   -7.41439e+04    2.99318e+02
 Pressure (bar)
   -3.61095e+01

           Step           Time
        2200000     4400.00000

   Energies (kJ/mol)
           Bond       G96Angle  Improper Dih.        LJ (SR)   Coulomb (SR)
    5.93019e+01    4.05686e+01    1.60410e+01   -1.76602e+04   -1.32142e+02
      Potential    Kinetic En.   Total Energy  Conserved En.    Temperature
   -1.76764e+04    2.60143e+03   -1.50750e+04   -7.57172e+04    3.04951e+02
 Pressure (bar)
   -4.27809e+01

           Step           Time
        2250000     4500.00000

   Energies (kJ/mol)
           Bond       G96Angle  Improper Dih.        LJ (SR)   Coulomb (SR)
    5.34414e+01    4.88458e+01    8.88364e+00   -1.78457e+04   -1.32629e+02
      Potential    Kinetic En.   Total Energy  Conserved En.    Temperature
   -1.78672e+04    2.74207e+03   -1.51251e+04   -7.71772e+04    3.21438e+02
 Pressure (bar)
    7.94458e+01

           Step           Time
        2300000     4600.00000

   Energies (kJ/mol)
           Bond       G96Angle  Improper Dih.        LJ (SR)   Coulomb (SR)
    5.36661e+01    3.41443e+01    1.13221e+01   -1.75105e+04   -1.04444e+02
      Potential    Kinetic En.   Total Energy  Conserved En.    Temperature
   -1.75158e+04    2.53722e+03   -1.49786e+04   -7.86654e+04    2.97424e+02
 Pressure (bar)
   -2.31110e+02

           Step           Time
        2350000     4700.00000

   Energies (kJ/mol)
           Bond       G96Angle  Improper Dih.        LJ (SR)   Coulomb (SR)
    7.82756e+01    4.47777e+01    8.41635e+00   -1.75250e+04   -1.16057e+02
      Potential    Kinetic En.   Total Energy  Conserved En.    Temperature
   -1.75096e+04    2.62443e+03   -1.48851e+04   -8.01313e+04    3.07647e+02
 Pressure (bar)
    1.51401e+01

           Step           Time
        2400000     4800.00000

   Energies (kJ/mol)
           Bond       G96Angle  Improper Dih.        LJ (SR)   Coulomb (SR)
    4.37757e+01    2.52465e+01    2.13260e+01   -1.75612e+04   -1.32113e+02
      Potential    Kinetic En.   Total Energy  Conserved En.    Temperature
   -1.76029e+04    2.62116e+03   -1.49818e+04   -8.16172e+04    3.07265e+02
 Pressure (bar)
   -1.36209e+02

           Step           Time
        2450000     4900.00000

   Energies (kJ/mol)
           Bond       G96Angle  Improper Dih.        LJ (SR)   Coulomb (SR)
    7.37177e+01    4.44884e+01    3.75093e+00   -1.75320e+04   -1.29350e+02
      Potential    Kinetic En.   Total Energy  Conserved En.    Temperature
   -1.75394e+04    2.55290e+03   -1.49865e+04   -8.33214e+04    2.99262e+02
 Pressure (bar)
   -5.12612e+01

           Step           Time
        2500000     5000.00000

   Energies (kJ/mol)
           Bond       G96Angle  Improper Dih.        LJ (SR)   Coulomb (SR)
    5.38210e+01    2.43086e+01    2.21432e+01   -1.76732e+04   -9.94868e+01
      Potential    Kinetic En.   Total Energy  Conserved En.    Temperature
   -1.76724e+04    2.63259e+03   -1.50398e+04   -8.47801e+04    3.08604e+02
 Pressure (bar)
    8.10399e+01

           Step           Time
        2550000     5100.00000

   Energies (kJ/mol)
           Bond       G96Angle  Improper Dih.        LJ (SR)   Coulomb (SR)
    5.51499e+01    2.40988e+01    1.89183e+01   -1.80467e+04   -1.22291e+02
      Potential    Kinetic En.   Total Energy  Conserved En.    Temperature
   -1.80708e+04    2.63205e+03   -1.54388e+04   -8.61816e+04    3.08541e+02
 Pressure (bar)
    1.45288e+02

Large VCM(group glycoprotein):     -0.19073,      0.00293,     -0.22724, Temp-cm:  1.58796e+00
           Step           Time
        2600000     5200.00000

   Energies (kJ/mol)
           Bond       G96Angle  Improper Dih.        LJ (SR)   Coulomb (SR)
    3.60711e+01    2.71438e+01    2.18611e+01   -1.76441e+04   -1.35127e+02
      Potential    Kinetic En.   Total Energy  Conserved En.    Temperature
   -1.76941e+04    2.62745e+03   -1.50667e+04   -7.68567e+04    3.08001e+02
 Pressure (bar)
   -1.53661e+02

           Step           Time
        2650000     5300.00000

   Energies (kJ/mol)
           Bond       G96Angle  Improper Dih.        LJ (SR)   Coulomb (SR)
    4.23027e+01    4.63056e+01    2.23885e+01   -1.77636e+04   -1.27319e+02
      Potential    Kinetic En.   Total Energy  Conserved En.    Temperature
   -1.77799e+04    2.58568e+03   -1.51943e+04   -7.84582e+04    3.03105e+02
 Pressure (bar)
   -1.60105e+01

           Step           Time
        2700000     5400.00000

   Energies (kJ/mol)
           Bond       G96Angle  Improper Dih.        LJ (SR)   Coulomb (SR)
    5.21445e+01    4.24210e+01    1.58860e+01   -1.75485e+04   -1.25954e+02
      Potential    Kinetic En.   Total Energy  Conserved En.    Temperature
   -1.75640e+04    2.59331e+03   -1.49707e+04   -8.01871e+04    3.03999e+02
 Pressure (bar)
   -1.43482e+02

           Step           Time
        2750000     5500.00000

   Energies (kJ/mol)
           Bond       G96Angle  Improper Dih.        LJ (SR)   Coulomb (SR)
    5.67085e+01    2.60317e+01    1.05554e+01   -1.78110e+04   -1.26131e+02
      Potential    Kinetic En.   Total Energy  Conserved En.    Temperature
   -1.78438e+04    2.64726e+03   -1.51966e+04   -8.15908e+04    3.10324e+02
 Pressure (bar)
    1.50885e+02

           Step           Time
        2800000     5600.00000

   Energies (kJ/mol)
           Bond       G96Angle  Improper Dih.        LJ (SR)   Coulomb (SR)
    5.39965e+01    2.14936e+01    1.20382e+01   -1.77420e+04   -1.33109e+02
      Potential    Kinetic En.   Total Energy  Conserved En.    Temperature
   -1.77875e+04    2.63276e+03   -1.51548e+04   -8.31418e+04    3.08624e+02
 Pressure (bar)
   -1.36020e+02

           Step           Time
        2850000     5700.00000

   Energies (kJ/mol)
           Bond       G96Angle  Improper Dih.        LJ (SR)   Coulomb (SR)
    5.54960e+01    3.36901e+01    1.36930e+01   -1.77706e+04   -1.22130e+02
      Potential    Kinetic En.   Total Energy  Conserved En.    Temperature
   -1.77899e+04    2.61964e+03   -1.51702e+04   -8.42447e+04    3.07086e+02
 Pressure (bar)
   -2.27477e+02

           Step           Time
        2900000     5800.00000

   Energies (kJ/mol)
           Bond       G96Angle  Improper Dih.        LJ (SR)   Coulomb (SR)
    5.58276e+01    2.95063e+01    7.61279e+00   -1.78375e+04   -1.33348e+02
      Potential    Kinetic En.   Total Energy  Conserved En.    Temperature
   -1.78779e+04    2.52881e+03   -1.53491e+04   -8.57491e+04    2.96438e+02
 Pressure (bar)
    2.33542e+02

           Step           Time
        2950000     5900.00000

   Energies (kJ/mol)
           Bond       G96Angle  Improper Dih.        LJ (SR)   Coulomb (SR)
    4.70843e+01    3.46675e+01    1.91991e+01   -1.73495e+04   -1.29120e+02
      Potential    Kinetic En.   Total Energy  Conserved En.    Temperature
   -1.73777e+04    2.68747e+03   -1.46902e+04   -8.74076e+04    3.15038e+02
 Pressure (bar)
    8.81995e+01

           Step           Time
        3000000     6000.00000

   Energies (kJ/mol)
           Bond       G96Angle  Improper Dih.        LJ (SR)   Coulomb (SR)
    7.74704e+01    3.44300e+01    2.20328e+01   -1.76998e+04   -1.25599e+02
      Potential    Kinetic En.   Total Energy  Conserved En.    Temperature
   -1.76914e+04    2.70738e+03   -1.49841e+04   -8.89734e+04    3.17372e+02
 Pressure (bar)
    1.39256e+02

           Step           Time
        3050000     6100.00000

   Energies (kJ/mol)
           Bond       G96Angle  Improper Dih.        LJ (SR)   Coulomb (SR)
    4.80216e+01    2.54422e+01    2.31515e+01   -1.77392e+04   -1.29733e+02
      Potential    Kinetic En.   Total Energy  Conserved En.    Temperature
   -1.77723e+04    2.66984e+03   -1.51025e+04   -8.96534e+04    3.12971e+02
 Pressure (bar)
   -1.37960e+02

           Step           Time
        3100000     6200.00000

   Energies (kJ/mol)
           Bond       G96Angle  Improper Dih.        LJ (SR)   Coulomb (SR)
    7.02606e+01    3.77329e+01    9.66371e+00   -1.77511e+04   -1.23896e+02
      Potential    Kinetic En.   Total Energy  Conserved En.    Temperature
   -1.77573e+04    2.52956e+03   -1.52278e+04   -9.01991e+04    2.96526e+02
 Pressure (bar)
   -1.28571e+02

           Step           Time
        3150000     6300.00000

   Energies (kJ/mol)
           Bond       G96Angle  Improper Dih.        LJ (SR)   Coulomb (SR)
    5.89756e+01    3.72881e+01    6.64513e+00   -1.78236e+04   -1.57649e+02
      Potential    Kinetic En.   Total Energy  Conserved En.    Temperature
   -1.78783e+04    2.65067e+03   -1.52276e+04   -9.16777e+04    3.10724e+02
 Pressure (bar)
   -8.16755e+01

           Step           Time
        3200000     6400.00000

   Energies (kJ/mol)
           Bond       G96Angle  Improper Dih.        LJ (SR)   Coulomb (SR)
    3.63457e+01    4.40932e+01    1.07375e+01   -1.79154e+04   -1.38549e+02
      Potential    Kinetic En.   Total Energy  Conserved En.    Temperature
   -1.79628e+04    2.71904e+03   -1.52438e+04   -9.33111e+04    3.18738e+02
 Pressure (bar)
    1.33756e+02

           Step           Time
        3250000     6500.00000

   Energies (kJ/mol)
           Bond       G96Angle  Improper Dih.        LJ (SR)   Coulomb (SR)
    5.06351e+01    3.83291e+01    1.09884e+01   -1.75854e+04   -1.29431e+02
      Potential    Kinetic En.   Total Energy  Conserved En.    Temperature
   -1.76149e+04    2.71431e+03   -1.49006e+04   -9.48626e+04    3.18183e+02
 Pressure (bar)
    3.41481e+01

           Step           Time
        3300000     6600.00000

   Energies (kJ/mol)
           Bond       G96Angle  Improper Dih.        LJ (SR)   Coulomb (SR)
    6.53754e+01    3.45466e+01    1.21588e+01   -1.76374e+04   -1.36679e+02
      Potential    Kinetic En.   Total Energy  Conserved En.    Temperature
   -1.76620e+04    2.65256e+03   -1.50095e+04   -9.59436e+04    3.10946e+02
 Pressure (bar)
   -3.46178e+01

           Step           Time
        3350000     6700.00000

   Energies (kJ/mol)
           Bond       G96Angle  Improper Dih.        LJ (SR)   Coulomb (SR)
    3.98544e+01    2.54691e+01    1.68739e+01   -1.75675e+04   -1.37348e+02
      Potential    Kinetic En.   Total Energy  Conserved En.    Temperature
   -1.76227e+04    2.60887e+03   -1.50138e+04   -9.75117e+04    3.05823e+02
 Pressure (bar)
   -6.12092e+01

           Step           Time
        3400000     6800.00000

   Energies (kJ/mol)
           Bond       G96Angle  Improper Dih.        LJ (SR)   Coulomb (SR)
    4.37843e+01    2.25622e+01    9.58027e+00   -1.76642e+04   -1.08190e+02
      Potential    Kinetic En.   Total Energy  Conserved En.    Temperature
   -1.76964e+04    2.60331e+03   -1.50931e+04   -9.90411e+04    3.05172e+02
 Pressure (bar)
    1.24342e+02

           Step           Time
        3450000     6900.00000

   Energies (kJ/mol)
           Bond       G96Angle  Improper Dih.        LJ (SR)   Coulomb (SR)
    5.30971e+01    3.29759e+01    8.43197e+00   -1.74806e+04   -1.48753e+02
      Potential    Kinetic En.   Total Energy  Conserved En.    Temperature
   -1.75348e+04    2.68497e+03   -1.48499e+04   -1.00594e+05    3.14745e+02
 Pressure (bar)
    1.41714e+00

           Step           Time
        3500000     7000.00000

   Energies (kJ/mol)
           Bond       G96Angle  Improper Dih.        LJ (SR)   Coulomb (SR)
    4.88793e+01    3.46053e+01    1.55442e+01   -1.78726e+04   -1.23595e+02
      Potential    Kinetic En.   Total Energy  Conserved En.    Temperature
   -1.78972e+04    2.54878e+03   -1.53484e+04   -1.01841e+05    2.98779e+02
 Pressure (bar)
    2.93697e+02

           Step           Time
        3550000     7100.00000

   Energies (kJ/mol)
           Bond       G96Angle  Improper Dih.        LJ (SR)   Coulomb (SR)
    4.39277e+01    3.57923e+01    1.18471e+00   -1.77092e+04   -1.38029e+02
      Potential    Kinetic En.   Total Energy  Conserved En.    Temperature
   -1.77664e+04    2.60700e+03   -1.51594e+04   -1.03314e+05    3.05604e+02
 Pressure (bar)
    3.62445e+02

           Step           Time
        3600000     7200.00000

   Energies (kJ/mol)
           Bond       G96Angle  Improper Dih.        LJ (SR)   Coulomb (SR)
    6.52588e+01    3.25381e+01    8.23203e+00   -1.77671e+04   -1.36593e+02
      Potential    Kinetic En.   Total Energy  Conserved En.    Temperature
   -1.77977e+04    2.74305e+03   -1.50547e+04   -1.04946e+05    3.21553e+02
 Pressure (bar)
   -4.56446e+01

           Step           Time
        3650000     7300.00000

   Energies (kJ/mol)
           Bond       G96Angle  Improper Dih.        LJ (SR)   Coulomb (SR)
    3.50496e+01    2.61327e+01    1.10631e+01   -1.79892e+04   -1.26900e+02
      Potential    Kinetic En.   Total Energy  Conserved En.    Temperature
   -1.80439e+04    2.64410e+03   -1.53997e+04   -1.06159e+05    3.09954e+02
 Pressure (bar)
   -8.61887e+01

           Step           Time
        3700000     7400.00000

   Energies (kJ/mol)
           Bond       G96Angle  Improper Dih.        LJ (SR)   Coulomb (SR)
    5.11792e+01    3.85752e+01    1.24731e+01   -1.76984e+04   -1.32074e+02
      Potential    Kinetic En.   Total Energy  Conserved En.    Temperature
   -1.77282e+04    2.68744e+03   -1.50408e+04   -1.07673e+05    3.15034e+02
 Pressure (bar)
    2.47452e+02

           Step           Time
        3750000     7500.00000

   Energies (kJ/mol)
           Bond       G96Angle  Improper Dih.        LJ (SR)   Coulomb (SR)
    6.94666e+01    2.53361e+01    1.71788e+01   -1.76254e+04   -1.50447e+02
      Potential    Kinetic En.   Total Energy  Conserved En.    Temperature
   -1.76639e+04    2.53270e+03   -1.51312e+04   -1.09243e+05    2.96894e+02
 Pressure (bar)
   -9.79322e+01

           Step           Time
        3800000     7600.00000

   Energies (kJ/mol)
           Bond       G96Angle  Improper Dih.        LJ (SR)   Coulomb (SR)
    5.35425e+01    4.14237e+01    8.83982e+00   -1.77844e+04   -1.33777e+02
      Potential    Kinetic En.   Total Energy  Conserved En.    Temperature
   -1.78144e+04    2.62364e+03   -1.51908e+04   -1.10755e+05    3.07555e+02
 Pressure (bar)
    1.14824e+00

           Step           Time
        3850000     7700.00000

   Energies (kJ/mol)
           Bond       G96Angle  Improper Dih.        LJ (SR)   Coulomb (SR)
    4.85971e+01    2.60608e+01    2.63675e+01   -1.78275e+04   -1.40717e+02
      Potential    Kinetic En.   Total Energy  Conserved En.    Temperature
   -1.78672e+04    2.69497e+03   -1.51722e+04   -1.12320e+05    3.15917e+02
 Pressure (bar)
    2.60544e+02

           Step           Time
        3900000     7800.00000

   Energies (kJ/mol)
           Bond       G96Angle  Improper Dih.        LJ (SR)   Coulomb (SR)
    4.32097e+01    2.24798e+01    2.63245e+01   -1.73417e+04   -1.49517e+02
      Potential    Kinetic En.   Total Energy  Conserved En.    Temperature
   -1.73992e+04    2.60378e+03   -1.47954e+04   -1.14038e+05    3.05227e+02
 Pressure (bar)
   -1.58837e+02

           Step           Time
        3950000     7900.00000

   Energies (kJ/mol)
           Bond       G96Angle  Improper Dih.        LJ (SR)   Coulomb (SR)
    5.15348e+01    3.59284e+01    1.78028e+01   -1.75674e+04   -1.51888e+02
      Potential    Kinetic En.   Total Energy  Conserved En.    Temperature
   -1.76140e+04    2.71270e+03   -1.49013e+04   -1.15636e+05    3.17995e+02
 Pressure (bar)
   -1.65573e+01

           Step           Time
        4000000     8000.00000

   Energies (kJ/mol)
           Bond       G96Angle  Improper Dih.        LJ (SR)   Coulomb (SR)
    6.86668e+01    3.78509e+01    1.57519e+01   -1.77736e+04   -1.49303e+02
      Potential    Kinetic En.   Total Energy  Conserved En.    Temperature
   -1.78006e+04    2.68339e+03   -1.51172e+04   -1.17192e+05    3.14559e+02
 Pressure (bar)
    1.86814e+01

           Step           Time
        4050000     8100.00000

   Energies (kJ/mol)
           Bond       G96Angle  Improper Dih.        LJ (SR)   Coulomb (SR)
    6.06952e+01    4.27155e+01    1.75336e+01   -1.76883e+04   -1.42339e+02
      Potential    Kinetic En.   Total Energy  Conserved En.    Temperature
   -1.77097e+04    2.62985e+03   -1.50799e+04   -1.18855e+05    3.08282e+02
 Pressure (bar)
    1.86717e+01

           Step           Time
        4100000     8200.00000

   Energies (kJ/mol)
           Bond       G96Angle  Improper Dih.        LJ (SR)   Coulomb (SR)
    5.95592e+01    3.84343e+01    1.11420e+01   -1.77788e+04   -1.74360e+02
      Potential    Kinetic En.   Total Energy  Conserved En.    Temperature
   -1.78440e+04    2.63746e+03   -1.52065e+04   -1.20329e+05    3.09175e+02
 Pressure (bar)
    2.15730e+02

           Step           Time
        4150000     8300.00000

   Energies (kJ/mol)
           Bond       G96Angle  Improper Dih.        LJ (SR)   Coulomb (SR)
    5.13005e+01    5.48697e+01    1.06920e+01   -1.76752e+04   -1.37200e+02
      Potential    Kinetic En.   Total Energy  Conserved En.    Temperature
   -1.76956e+04    2.56631e+03   -1.51293e+04   -1.21968e+05    3.00834e+02
 Pressure (bar)
   -7.60792e+01

           Step           Time
        4200000     8400.00000

   Energies (kJ/mol)
           Bond       G96Angle  Improper Dih.        LJ (SR)   Coulomb (SR)
    5.35922e+01    3.15136e+01    1.24238e+01   -1.77653e+04   -1.17217e+02
      Potential    Kinetic En.   Total Energy  Conserved En.    Temperature
   -1.77850e+04    2.72558e+03   -1.50594e+04   -1.23482e+05    3.19505e+02
 Pressure (bar)
    1.60497e+01

           Step           Time
        4250000     8500.00000

   Energies (kJ/mol)
           Bond       G96Angle  Improper Dih.        LJ (SR)   Coulomb (SR)
    7.04814e+01    4.46185e+01    1.13429e+01   -1.77422e+04   -1.17133e+02
      Potential    Kinetic En.   Total Energy  Conserved En.    Temperature
   -1.77329e+04    2.61333e+03   -1.51196e+04   -1.24923e+05    3.06346e+02
 Pressure (bar)
    4.08333e+01

           Step           Time
        4300000     8600.00000

   Energies (kJ/mol)
           Bond       G96Angle  Improper Dih.        LJ (SR)   Coulomb (SR)
    6.45795e+01    2.25445e+01    1.18210e+01   -1.80832e+04   -1.32834e+02
      Potential    Kinetic En.   Total Energy  Conserved En.    Temperature
   -1.81171e+04    2.61587e+03   -1.55012e+04   -1.25345e+05    3.06644e+02
 Pressure (bar)
   -1.23208e+02

           Step           Time
        4350000     8700.00000

   Energies (kJ/mol)
           Bond       G96Angle  Improper Dih.        LJ (SR)   Coulomb (SR)
    6.52871e+01    2.62839e+01    1.05818e+01   -1.76868e+04   -1.36297e+02
      Potential    Kinetic En.   Total Energy  Conserved En.    Temperature
   -1.77209e+04    2.64743e+03   -1.50735e+04   -1.26936e+05    3.10344e+02
 Pressure (bar)
    2.13603e+02

           Step           Time
        4400000     8800.00000

   Energies (kJ/mol)
           Bond       G96Angle  Improper Dih.        LJ (SR)   Coulomb (SR)
    4.68783e+01    1.96073e+01    1.33903e+01   -1.78893e+04   -1.06282e+02
      Potential    Kinetic En.   Total Energy  Conserved En.    Temperature
   -1.79157e+04    2.62368e+03   -1.52920e+04   -1.28355e+05    3.07560e+02
 Pressure (bar)
    1.95376e+02

           Step           Time
        4450000     8900.00000

   Energies (kJ/mol)
           Bond       G96Angle  Improper Dih.        LJ (SR)   Coulomb (SR)
    7.49764e+01    3.11728e+01    8.32520e+00   -1.81336e+04   -1.34770e+02
      Potential    Kinetic En.   Total Energy  Conserved En.    Temperature
   -1.81539e+04    2.59835e+03   -1.55556e+04   -1.29698e+05    3.04590e+02
 Pressure (bar)
   -9.03774e+01

           Step           Time
        4500000     9000.00000

   Energies (kJ/mol)
           Bond       G96Angle  Improper Dih.        LJ (SR)   Coulomb (SR)
    5.66567e+01    3.95301e+01    1.42455e+01   -1.76721e+04   -1.13667e+02
      Potential    Kinetic En.   Total Energy  Conserved En.    Temperature
   -1.76754e+04    2.55757e+03   -1.51178e+04   -1.31262e+05    2.99810e+02
 Pressure (bar)
   -1.28824e+02

           Step           Time
        4550000     9100.00000

   Energies (kJ/mol)
           Bond       G96Angle  Improper Dih.        LJ (SR)   Coulomb (SR)
    5.46541e+01    3.97130e+01    1.75042e+01   -1.77908e+04   -1.30393e+02
      Potential    Kinetic En.   Total Energy  Conserved En.    Temperature
   -1.78093e+04    2.55861e+03   -1.52507e+04   -1.32899e+05    2.99932e+02
 Pressure (bar)
    1.14767e+01

           Step           Time
        4600000     9200.00000

   Energies (kJ/mol)
           Bond       G96Angle  Improper Dih.        LJ (SR)   Coulomb (SR)
    6.11241e+01    2.64283e+01    1.48886e+01   -1.77227e+04   -1.31617e+02
      Potential    Kinetic En.   Total Energy  Conserved En.    Temperature
   -1.77519e+04    2.67340e+03   -1.50785e+04   -1.34408e+05    3.13388e+02
 Pressure (bar)
    2.26645e+02

           Step           Time
        4650000     9300.00000

   Energies (kJ/mol)
           Bond       G96Angle  Improper Dih.        LJ (SR)   Coulomb (SR)
    5.51794e+01    3.85170e+01    1.00298e+01   -1.79400e+04   -1.25171e+02
      Potential    Kinetic En.   Total Energy  Conserved En.    Temperature
   -1.79614e+04    2.48509e+03   -1.54763e+04   -1.35973e+05    2.91314e+02
 Pressure (bar)
    6.80719e+01

           Step           Time
        4700000     9400.00000

   Energies (kJ/mol)
           Bond       G96Angle  Improper Dih.        LJ (SR)   Coulomb (SR)
    5.68034e+01    3.93270e+01    7.98598e+00   -1.75797e+04   -1.40607e+02
      Potential    Kinetic En.   Total Energy  Conserved En.    Temperature
   -1.76162e+04    2.53038e+03   -1.50858e+04   -1.37593e+05    2.96623e+02
 Pressure (bar)
    7.71838e+01

           Step           Time
        4750000     9500.00000

   Energies (kJ/mol)
           Bond       G96Angle  Improper Dih.        LJ (SR)   Coulomb (SR)
    7.38546e+01    4.91676e+01    1.87371e+01   -1.77226e+04   -1.51685e+02
      Potential    Kinetic En.   Total Energy  Conserved En.    Temperature
   -1.77325e+04    2.84708e+03   -1.48854e+04   -1.39065e+05    3.33747e+02
 Pressure (bar)
    2.33736e+02

           Step           Time
        4800000     9600.00000

   Energies (kJ/mol)
           Bond       G96Angle  Improper Dih.        LJ (SR)   Coulomb (SR)
    4.52365e+01    2.88267e+01    5.61873e+00   -1.80952e+04   -1.12825e+02
      Potential    Kinetic En.   Total Energy  Conserved En.    Temperature
   -1.81284e+04    2.71388e+03   -1.54145e+04   -1.40670e+05    3.18134e+02
 Pressure (bar)
    4.06775e+01

           Step           Time
        4850000     9700.00000

   Energies (kJ/mol)
           Bond       G96Angle  Improper Dih.        LJ (SR)   Coulomb (SR)
    4.73189e+01    3.47339e+01    6.86115e+00   -1.78300e+04   -1.41519e+02
      Potential    Kinetic En.   Total Energy  Conserved En.    Temperature
   -1.78826e+04    2.72467e+03   -1.51580e+04   -1.41826e+05    3.19398e+02
 Pressure (bar)
   -2.08547e+01

           Step           Time
        4900000     9800.00000

   Energies (kJ/mol)
           Bond       G96Angle  Improper Dih.        LJ (SR)   Coulomb (SR)
    5.66289e+01    2.37204e+01    1.24386e+01   -1.79022e+04   -1.45558e+02
      Potential    Kinetic En.   Total Energy  Conserved En.    Temperature
   -1.79550e+04    2.58892e+03   -1.53660e+04   -1.43325e+05    3.03484e+02
 Pressure (bar)
    1.31393e+00

           Step           Time
        4950000     9900.00000

   Energies (kJ/mol)
           Bond       G96Angle  Improper Dih.        LJ (SR)   Coulomb (SR)
    5.65850e+01    3.82671e+01    1.73503e+01   -1.77455e+04   -1.26549e+02
      Potential    Kinetic En.   Total Energy  Conserved En.    Temperature
   -1.77598e+04    2.48840e+03   -1.52714e+04   -1.44861e+05    2.91701e+02
 Pressure (bar)
    2.53646e+02

           Step           Time
        5000000    10000.00000

   Energies (kJ/mol)
           Bond       G96Angle  Improper Dih.        LJ (SR)   Coulomb (SR)
    4.68261e+01    2.59744e+01    2.25193e+01   -1.77001e+04   -1.24609e+02
      Potential    Kinetic En.   Total Energy  Conserved En.    Temperature
   -1.77294e+04    2.63094e+03   -1.50984e+04   -1.46333e+05    3.08411e+02
 Pressure (bar)
    1.97781e+02

           Step           Time
        5050000    10100.00000

   Energies (kJ/mol)
           Bond       G96Angle  Improper Dih.        LJ (SR)   Coulomb (SR)
    3.50697e+01    3.14096e+01    8.33211e+00   -1.79631e+04   -1.06695e+02
      Potential    Kinetic En.   Total Energy  Conserved En.    Temperature
   -1.79950e+04    2.48948e+03   -1.55055e+04   -1.47941e+05    2.91828e+02
 Pressure (bar)
    6.36034e+01

           Step           Time
        5100000    10200.00000

   Energies (kJ/mol)
           Bond       G96Angle  Improper Dih.        LJ (SR)   Coulomb (SR)
    6.09230e+01    2.79241e+01    1.38802e+01   -1.76106e+04   -1.09436e+02
      Potential    Kinetic En.   Total Energy  Conserved En.    Temperature
   -1.76173e+04    2.40755e+03   -1.52098e+04   -1.49458e+05    2.82224e+02
 Pressure (bar)
   -4.07602e+01

           Step           Time
        5150000    10300.00000

   Energies (kJ/mol)
           Bond       G96Angle  Improper Dih.        LJ (SR)   Coulomb (SR)
    5.87434e+01    4.87479e+01    1.64177e+01   -1.75958e+04   -1.12055e+02
      Potential    Kinetic En.   Total Energy  Conserved En.    Temperature
   -1.75839e+04    2.74209e+03   -1.48418e+04   -1.50949e+05    3.21440e+02
 Pressure (bar)
    2.01492e+02

           Step           Time
        5200000    10400.00000

   Energies (kJ/mol)
           Bond       G96Angle  Improper Dih.        LJ (SR)   Coulomb (SR)
    4.52951e+01    2.52600e+01    7.25081e+00   -1.74884e+04   -1.43650e+02
      Potential    Kinetic En.   Total Energy  Conserved En.    Temperature
   -1.75543e+04    2.70609e+03   -1.48482e+04   -1.52510e+05    3.17220e+02
 Pressure (bar)
    2.37124e+02

           Step           Time
        5250000    10500.00000

   Energies (kJ/mol)
           Bond       G96Angle  Improper Dih.        LJ (SR)   Coulomb (SR)
    4.18399e+01    2.82094e+01    1.27977e+01   -1.77103e+04   -1.20204e+02
      Potential    Kinetic En.   Total Energy  Conserved En.    Temperature
   -1.77476e+04    2.76912e+03   -1.49785e+04   -1.54014e+05    3.24609e+02
 Pressure (bar)
   -2.14761e+01

           Step           Time
        5300000    10600.00000

   Energies (kJ/mol)
           Bond       G96Angle  Improper Dih.        LJ (SR)   Coulomb (SR)
    4.13960e+01    2.83378e+01    2.04572e+01   -1.77186e+04   -1.25469e+02
      Potential    Kinetic En.   Total Energy  Conserved En.    Temperature
   -1.77539e+04    2.72825e+03   -1.50257e+04   -1.55647e+05    3.19818e+02
 Pressure (bar)
    2.49085e+01

           Step           Time
        5350000    10700.00000

   Energies (kJ/mol)
           Bond       G96Angle  Improper Dih.        LJ (SR)   Coulomb (SR)
    4.64869e+01    3.34111e+01    1.03935e+01   -1.77546e+04   -1.16077e+02
      Potential    Kinetic En.   Total Energy  Conserved En.    Temperature
   -1.77804e+04    2.62645e+03   -1.51539e+04   -1.57215e+05    3.07885e+02
 Pressure (bar)
   -2.71277e+01

           Step           Time
        5400000    10800.00000

   Energies (kJ/mol)
           Bond       G96Angle  Improper Dih.        LJ (SR)   Coulomb (SR)
    5.98635e+01    2.81823e+01    9.49633e+00   -1.78700e+04   -1.47281e+02
      Potential    Kinetic En.   Total Energy  Conserved En.    Temperature
   -1.79198e+04    2.64268e+03   -1.52771e+04   -1.58918e+05    3.09786e+02
 Pressure (bar)
    2.44118e+02

           Step           Time
        5450000    10900.00000

   Energies (kJ/mol)
           Bond       G96Angle  Improper Dih.        LJ (SR)   Coulomb (SR)
    3.48553e+02    8.10328e+01    7.54205e+00   -1.72227e+04   -1.22241e+02
      Potential    Kinetic En.   Total Energy  Conserved En.    Temperature
   -1.69079e+04    4.39016e+03   -1.25177e+04   -1.57804e+05    5.14634e+02
 Pressure (bar)
    5.90810e+02

           Step           Time
        5500000    11000.00000

   Energies (kJ/mol)
           Bond       G96Angle  Improper Dih.        LJ (SR)   Coulomb (SR)
    4.41579e+01    3.52981e+01    1.19087e+01   -1.74798e+04   -1.31903e+02
      Potential    Kinetic En.   Total Energy  Conserved En.    Temperature
   -1.75204e+04    2.61757e+03   -1.49028e+04   -1.59083e+05    3.06844e+02
 Pressure (bar)
   -1.65630e+01

           Step           Time
        5550000    11100.00000

   Energies (kJ/mol)
           Bond       G96Angle  Improper Dih.        LJ (SR)   Coulomb (SR)
    5.81708e+01    4.25000e+01    1.08468e+01   -1.76654e+04   -1.08627e+02
      Potential    Kinetic En.   Total Energy  Conserved En.    Temperature
   -1.76625e+04    2.68695e+03   -1.49756e+04   -1.60702e+05    3.14977e+02
 Pressure (bar)
    7.04210e+01

           Step           Time
        5600000    11200.00000

   Energies (kJ/mol)
           Bond       G96Angle  Improper Dih.        LJ (SR)   Coulomb (SR)
    4.42696e+01    3.42192e+01    8.97324e+00   -1.76292e+04   -1.29165e+02
      Potential    Kinetic En.   Total Energy  Conserved En.    Temperature
   -1.76709e+04    2.52821e+03   -1.51427e+04   -1.62175e+05    2.96368e+02
 Pressure (bar)
   -1.58426e+02

           Step           Time
        5650000    11300.00000

   Energies (kJ/mol)
           Bond       G96Angle  Improper Dih.        LJ (SR)   Coulomb (SR)
    5.95397e+01    4.44823e+01    2.04517e+01   -1.78734e+04   -1.21111e+02
      Potential    Kinetic En.   Total Energy  Conserved En.    Temperature
   -1.78700e+04    2.73904e+03   -1.51310e+04   -1.63797e+05    3.21083e+02
 Pressure (bar)
    7.23147e+01

           Step           Time
        5700000    11400.00000

   Energies (kJ/mol)
           Bond       G96Angle  Improper Dih.        LJ (SR)   Coulomb (SR)
    4.37107e+01    4.11178e+01    1.17217e+01   -1.79429e+04   -1.24711e+02
      Potential    Kinetic En.   Total Energy  Conserved En.    Temperature
   -1.79711e+04    2.49164e+03   -1.54794e+04   -1.65370e+05    2.92081e+02
 Pressure (bar)
   -2.55735e+02

           Step           Time
        5750000    11500.00000

   Energies (kJ/mol)
           Bond       G96Angle  Improper Dih.        LJ (SR)   Coulomb (SR)
    4.67529e+01    4.71425e+01    2.05621e+01   -1.77046e+04   -1.12299e+02
      Potential    Kinetic En.   Total Energy  Conserved En.    Temperature
   -1.77024e+04    2.57947e+03   -1.51230e+04   -1.66941e+05    3.02377e+02
 Pressure (bar)
    2.54270e+01

           Step           Time
        5800000    11600.00000

   Energies (kJ/mol)
           Bond       G96Angle  Improper Dih.        LJ (SR)   Coulomb (SR)
    5.02436e+01    3.81166e+01    1.21984e+01   -1.78588e+04   -1.07188e+02
      Potential    Kinetic En.   Total Energy  Conserved En.    Temperature
   -1.78654e+04    2.64580e+03   -1.52196e+04   -1.68304e+05    3.10153e+02
 Pressure (bar)
    7.13925e+01

           Step           Time
        5850000    11700.00000

   Energies (kJ/mol)
           Bond       G96Angle  Improper Dih.        LJ (SR)   Coulomb (SR)
    4.91649e+01    3.57190e+01    1.51461e+01   -1.76535e+04   -1.24164e+02
      Potential    Kinetic En.   Total Energy  Conserved En.    Temperature
   -1.76776e+04    2.80411e+03   -1.48735e+04   -1.68931e+05    3.28711e+02
 Pressure (bar)
    1.00375e+02

           Step           Time
        5900000    11800.00000

   Energies (kJ/mol)
           Bond       G96Angle  Improper Dih.        LJ (SR)   Coulomb (SR)
    5.50882e+01    3.26563e+01    1.09982e+01   -1.78593e+04   -1.05502e+02
      Potential    Kinetic En.   Total Energy  Conserved En.    Temperature
   -1.78661e+04    2.57982e+03   -1.52863e+04   -1.70471e+05    3.02418e+02
 Pressure (bar)
   -8.98893e+01

           Step           Time
        5950000    11900.00000

   Energies (kJ/mol)
           Bond       G96Angle  Improper Dih.        LJ (SR)   Coulomb (SR)
    3.58288e+01    2.85014e+01    9.93300e+00   -1.78431e+04   -1.27828e+02
      Potential    Kinetic En.   Total Energy  Conserved En.    Temperature
   -1.78966e+04    2.66233e+03   -1.52343e+04   -1.71727e+05    3.12090e+02
 Pressure (bar)
    1.34134e+02

           Step           Time
        6000000    12000.00000

   Energies (kJ/mol)
           Bond       G96Angle  Improper Dih.        LJ (SR)   Coulomb (SR)
    6.08101e+01    2.34652e+01    9.16247e+00   -1.77154e+04   -1.12114e+02
      Potential    Kinetic En.   Total Energy  Conserved En.    Temperature
   -1.77341e+04    2.73530e+03   -1.49988e+04   -1.72817e+05    3.20644e+02
 Pressure (bar)
   -1.50677e+02

           Step           Time
        6050000    12100.00000

   Energies (kJ/mol)
           Bond       G96Angle  Improper Dih.        LJ (SR)   Coulomb (SR)
    3.47332e+01    2.43083e+01    2.91375e+01   -1.78182e+04   -1.23623e+02
      Potential    Kinetic En.   Total Energy  Conserved En.    Temperature
   -1.78536e+04    2.76477e+03   -1.50888e+04   -1.74389e+05    3.24099e+02
 Pressure (bar)
    8.14279e+00

           Step           Time
        6100000    12200.00000

   Energies (kJ/mol)
           Bond       G96Angle  Improper Dih.        LJ (SR)   Coulomb (SR)
    3.66765e+01    3.60716e+01    2.76445e+01   -1.75806e+04   -1.15731e+02
      Potential    Kinetic En.   Total Energy  Conserved En.    Temperature
   -1.75959e+04    2.72505e+03   -1.48709e+04   -1.75993e+05    3.19443e+02
 Pressure (bar)
   -4.56796e+01

           Step           Time
        6150000    12300.00000

   Energies (kJ/mol)
           Bond       G96Angle  Improper Dih.        LJ (SR)   Coulomb (SR)
    6.30996e+01    2.94862e+01    1.95094e+01   -1.76632e+04   -1.32094e+02
      Potential    Kinetic En.   Total Energy  Conserved En.    Temperature
   -1.76832e+04    2.50278e+03   -1.51804e+04   -1.77569e+05    2.93388e+02
 Pressure (bar)
   -4.84722e+00

           Step           Time
        6200000    12400.00000

   Energies (kJ/mol)
           Bond       G96Angle  Improper Dih.        LJ (SR)   Coulomb (SR)
    5.29257e+01    2.67999e+01    2.26511e+01   -1.80484e+04   -1.42696e+02
      Potential    Kinetic En.   Total Energy  Conserved En.    Temperature
   -1.80887e+04    2.56842e+03   -1.55203e+04   -1.79113e+05    3.01082e+02
 Pressure (bar)
    2.18078e+02

           Step           Time
        6250000    12500.00000

   Energies (kJ/mol)
           Bond       G96Angle  Improper Dih.        LJ (SR)   Coulomb (SR)
    4.65675e+01    6.10444e+01    6.49508e+00   -1.79484e+04   -1.29475e+02
      Potential    Kinetic En.   Total Energy  Conserved En.    Temperature
   -1.79638e+04    2.47384e+03   -1.54900e+04   -1.80687e+05    2.89994e+02
 Pressure (bar)
   -6.02733e+01

           Step           Time
        6300000    12600.00000

   Energies (kJ/mol)
           Bond       G96Angle  Improper Dih.        LJ (SR)   Coulomb (SR)
    3.58504e+01    3.69138e+01    1.00726e+01   -1.77277e+04   -1.19903e+02
      Potential    Kinetic En.   Total Energy  Conserved En.    Temperature
   -1.77648e+04    2.61310e+03   -1.51517e+04   -1.82247e+05    3.06320e+02
 Pressure (bar)
   -1.58866e+02

           Step           Time
        6350000    12700.00000

   Energies (kJ/mol)
           Bond       G96Angle  Improper Dih.        LJ (SR)   Coulomb (SR)
    4.68526e+01    3.80257e+01    1.83809e+01   -1.76893e+04   -1.41270e+02
      Potential    Kinetic En.   Total Energy  Conserved En.    Temperature
   -1.77274e+04    2.56495e+03   -1.51624e+04   -1.83867e+05    3.00675e+02
 Pressure (bar)
    6.78356e+01

           Step           Time
        6400000    12800.00000

   Energies (kJ/mol)
           Bond       G96Angle  Improper Dih.        LJ (SR)   Coulomb (SR)
    3.82869e+01    2.46326e+01    1.15644e+01   -1.79145e+04   -1.22113e+02
      Potential    Kinetic En.   Total Energy  Conserved En.    Temperature
   -1.79621e+04    2.47868e+03   -1.54834e+04   -1.85388e+05    2.90562e+02
 Pressure (bar)
   -2.23139e+02

           Step           Time
        6450000    12900.00000

   Energies (kJ/mol)
           Bond       G96Angle  Improper Dih.        LJ (SR)   Coulomb (SR)
    5.24687e+01    3.10883e+01    2.00509e+01   -1.77065e+04   -1.12240e+02
      Potential    Kinetic En.   Total Energy  Conserved En.    Temperature
   -1.77152e+04    2.71501e+03   -1.50002e+04   -1.86865e+05    3.18266e+02
 Pressure (bar)
   -4.69273e+01

           Step           Time
        6500000    13000.00000

   Energies (kJ/mol)
           Bond       G96Angle  Improper Dih.        LJ (SR)   Coulomb (SR)
    6.04260e+01    4.39054e+01    1.97115e+01   -1.76202e+04   -1.11909e+02
      Potential    Kinetic En.   Total Energy  Conserved En.    Temperature
   -1.76081e+04    2.72953e+03   -1.48786e+04   -1.88062e+05    3.19968e+02
 Pressure (bar)
    2.47874e+01

           Step           Time
        6550000    13100.00000

   Energies (kJ/mol)
           Bond       G96Angle  Improper Dih.        LJ (SR)   Coulomb (SR)
    6.99742e+01    3.88234e+01    1.12245e+01   -1.78437e+04   -1.20230e+02
      Potential    Kinetic En.   Total Energy  Conserved En.    Temperature
   -1.78439e+04    2.56920e+03   -1.52747e+04   -1.89597e+05    3.01174e+02
 Pressure (bar)
   -1.78403e+02

           Step           Time
        6600000    13200.00000

   Energies (kJ/mol)
           Bond       G96Angle  Improper Dih.        LJ (SR)   Coulomb (SR)
    4.77950e+01    2.53260e+01    1.45212e+01   -1.78286e+04   -1.53635e+02
      Potential    Kinetic En.   Total Energy  Conserved En.    Temperature
   -1.78946e+04    2.49878e+03   -1.53958e+04   -1.91104e+05    2.92918e+02
 Pressure (bar)
    1.23358e+01

           Step           Time
        6650000    13300.00000

   Energies (kJ/mol)
           Bond       G96Angle  Improper Dih.        LJ (SR)   Coulomb (SR)
    4.55885e+01    3.11428e+01    1.49445e+01   -1.79121e+04   -1.42794e+02
      Potential    Kinetic En.   Total Energy  Conserved En.    Temperature
   -1.79632e+04    2.55770e+03   -1.54055e+04   -1.92681e+05    2.99825e+02
 Pressure (bar)
    3.72364e+01

           Step           Time
        6700000    13400.00000

   Energies (kJ/mol)
           Bond       G96Angle  Improper Dih.        LJ (SR)   Coulomb (SR)
    5.16422e+01    4.37752e+01    1.38229e+01   -1.76385e+04   -1.38893e+02
      Potential    Kinetic En.   Total Energy  Conserved En.    Temperature
   -1.76681e+04    2.85008e+03   -1.48180e+04   -1.94257e+05    3.34099e+02
 Pressure (bar)
   -5.68857e+01

           Step           Time
        6750000    13500.00000

   Energies (kJ/mol)
           Bond       G96Angle  Improper Dih.        LJ (SR)   Coulomb (SR)
    6.04523e+01    5.82620e+01    1.26869e+01   -1.76782e+04   -1.27603e+02
      Potential    Kinetic En.   Total Energy  Conserved En.    Temperature
   -1.76744e+04    2.53932e+03   -1.51350e+04   -1.95769e+05    2.97670e+02
 Pressure (bar)
   -1.79862e+02

           Step           Time
        6800000    13600.00000

   Energies (kJ/mol)
           Bond       G96Angle  Improper Dih.        LJ (SR)   Coulomb (SR)
    6.96274e+01    2.78101e+01    1.40741e+01   -1.75961e+04   -1.31533e+02
      Potential    Kinetic En.   Total Energy  Conserved En.    Temperature
   -1.76161e+04    2.70052e+03   -1.49156e+04   -1.97244e+05    3.16567e+02
 Pressure (bar)
    1.66404e+02

           Step           Time
        6850000    13700.00000

   Energies (kJ/mol)
           Bond       G96Angle  Improper Dih.        LJ (SR)   Coulomb (SR)
    7.31013e+01    2.98618e+01    1.24688e+01   -1.77479e+04   -1.47055e+02
      Potential    Kinetic En.   Total Energy  Conserved En.    Temperature
   -1.77795e+04    2.51064e+03   -1.52689e+04   -1.98801e+05    2.94309e+02
 Pressure (bar)
   -1.09944e+02

           Step           Time
        6900000    13800.00000

   Energies (kJ/mol)
           Bond       G96Angle  Improper Dih.        LJ (SR)   Coulomb (SR)
    5.92084e+01    3.09009e+01    6.23424e+00   -1.78945e+04   -1.33560e+02
      Potential    Kinetic En.   Total Energy  Conserved En.    Temperature
   -1.79317e+04    2.43869e+03   -1.54930e+04   -2.00291e+05    2.85874e+02
 Pressure (bar)
   -3.23475e+01

           Step           Time
        6950000    13900.00000

   Energies (kJ/mol)
           Bond       G96Angle  Improper Dih.        LJ (SR)   Coulomb (SR)
    5.06099e+01    3.72438e+01    1.45974e+01   -1.79972e+04   -1.27811e+02
      Potential    Kinetic En.   Total Energy  Conserved En.    Temperature
   -1.80226e+04    2.66264e+03   -1.53600e+04   -2.00550e+05    3.12127e+02
 Pressure (bar)
    8.37106e+01

           Step           Time
        7000000    14000.00000

   Energies (kJ/mol)
           Bond       G96Angle  Improper Dih.        LJ (SR)   Coulomb (SR)
    5.48223e+01    2.99631e+01    1.09638e+01   -1.77591e+04   -1.28547e+02
      Potential    Kinetic En.   Total Energy  Conserved En.    Temperature
   -1.77919e+04    2.58881e+03   -1.52031e+04   -2.02065e+05    3.03472e+02
 Pressure (bar)
    7.21318e+01

           Step           Time
        7050000    14100.00000

   Energies (kJ/mol)
           Bond       G96Angle  Improper Dih.        LJ (SR)   Coulomb (SR)
    5.08021e+01    4.02765e+01    7.75419e+00   -1.76046e+04   -1.13913e+02
      Potential    Kinetic En.   Total Energy  Conserved En.    Temperature
   -1.76197e+04    2.57394e+03   -1.50458e+04   -2.03651e+05    3.01729e+02
 Pressure (bar)
   -1.37536e+02

           Step           Time
        7100000    14200.00000

   Energies (kJ/mol)
           Bond       G96Angle  Improper Dih.        LJ (SR)   Coulomb (SR)
    3.51304e+01    3.36764e+01    1.02091e+01   -1.77974e+04   -1.28037e+02
      Potential    Kinetic En.   Total Energy  Conserved En.    Temperature
   -1.78464e+04    2.59485e+03   -1.52515e+04   -2.04972e+05    3.04181e+02
 Pressure (bar)
   -8.39753e+01

           Step           Time
        7150000    14300.00000

   Energies (kJ/mol)
           Bond       G96Angle  Improper Dih.        LJ (SR)   Coulomb (SR)
    5.72480e+01    4.08413e+01    9.38286e+00   -1.77816e+04   -1.32247e+02
      Potential    Kinetic En.   Total Energy  Conserved En.    Temperature
   -1.78063e+04    2.45143e+03   -1.53549e+04   -2.06413e+05    2.87367e+02
 Pressure (bar)
    1.07215e+02

           Step           Time
        7200000    14400.00000

   Energies (kJ/mol)
           Bond       G96Angle  Improper Dih.        LJ (SR)   Coulomb (SR)
    3.45885e+01    3.61718e+01    1.39759e+01   -1.79957e+04   -1.35301e+02
      Potential    Kinetic En.   Total Energy  Conserved En.    Temperature
   -1.80463e+04    2.54308e+03   -1.55032e+04   -2.07963e+05    2.98111e+02
 Pressure (bar)
    1.58436e+02

           Step           Time
        7250000    14500.00000

   Energies (kJ/mol)
           Bond       G96Angle  Improper Dih.        LJ (SR)   Coulomb (SR)
    8.44970e+01    5.30948e+01    1.09513e+01   -1.76682e+04   -1.33448e+02
      Potential    Kinetic En.   Total Energy  Conserved En.    Temperature
   -1.76531e+04    2.60302e+03   -1.50501e+04   -2.09445e+05    3.05138e+02
 Pressure (bar)
   -1.88886e+02

           Step           Time
        7300000    14600.00000

   Energies (kJ/mol)
           Bond       G96Angle  Improper Dih.        LJ (SR)   Coulomb (SR)
    5.82233e+01    5.72843e+01    1.03366e+01   -1.80546e+04   -1.43747e+02
      Potential    Kinetic En.   Total Energy  Conserved En.    Temperature
   -1.80725e+04    2.62915e+03   -1.54434e+04   -2.10922e+05    3.08201e+02
 Pressure (bar)
    1.22454e+02

           Step           Time
        7350000    14700.00000

   Energies (kJ/mol)
           Bond       G96Angle  Improper Dih.        LJ (SR)   Coulomb (SR)
    6.33589e+01    2.88521e+01    2.85995e+01   -1.75872e+04   -1.41497e+02
      Potential    Kinetic En.   Total Energy  Conserved En.    Temperature
   -1.76079e+04    2.66448e+03   -1.49434e+04   -2.12308e+05    3.12343e+02
 Pressure (bar)
    1.64425e+02

           Step           Time
        7400000    14800.00000

   Energies (kJ/mol)
           Bond       G96Angle  Improper Dih.        LJ (SR)   Coulomb (SR)
    6.17175e+01    4.43377e+01    1.18673e+01   -1.75760e+04   -1.21980e+02
      Potential    Kinetic En.   Total Energy  Conserved En.    Temperature
   -1.75800e+04    2.52094e+03   -1.50591e+04   -2.13761e+05    2.95516e+02
 Pressure (bar)
   -4.58726e+01

           Step           Time
        7450000    14900.00000

   Energies (kJ/mol)
           Bond       G96Angle  Improper Dih.        LJ (SR)   Coulomb (SR)
    6.68473e+01    5.11078e+01    1.21746e+01   -1.79623e+04   -1.36421e+02
      Potential    Kinetic En.   Total Energy  Conserved En.    Temperature
   -1.79686e+04    2.59645e+03   -1.53721e+04   -2.15231e+05    3.04367e+02
 Pressure (bar)
    5.80039e+00

           Step           Time
        7500000    15000.00000

   Energies (kJ/mol)
           Bond       G96Angle  Improper Dih.        LJ (SR)   Coulomb (SR)
    6.48238e+01    2.97728e+01    9.82819e+00   -1.76752e+04   -1.30640e+02
      Potential    Kinetic En.   Total Energy  Conserved En.    Temperature
   -1.77014e+04    2.60146e+03   -1.50999e+04   -2.16760e+05    3.04955e+02
 Pressure (bar)
    6.70218e+01

           Step           Time
        7550000    15100.00000

   Energies (kJ/mol)
           Bond       G96Angle  Improper Dih.        LJ (SR)   Coulomb (SR)
    6.09094e+01    3.94209e+01    1.07695e+01   -1.78555e+04   -1.20116e+02
      Potential    Kinetic En.   Total Energy  Conserved En.    Temperature
   -1.78645e+04    2.55791e+03   -1.53066e+04   -2.18351e+05    2.99850e+02
 Pressure (bar)
   -7.74299e+01

           Step           Time
        7600000    15200.00000

   Energies (kJ/mol)
           Bond       G96Angle  Improper Dih.        LJ (SR)   Coulomb (SR)
    4.45141e+01    4.63090e+01    9.36922e+00   -1.75919e+04   -1.32256e+02
      Potential    Kinetic En.   Total Energy  Conserved En.    Temperature
   -1.76239e+04    2.72922e+03   -1.48947e+04   -2.19853e+05    3.19932e+02
 Pressure (bar)
    4.71605e+01

           Step           Time
        7650000    15300.00000

   Energies (kJ/mol)
           Bond       G96Angle  Improper Dih.        LJ (SR)   Coulomb (SR)
    5.66730e+01    3.91810e+01    2.07775e+01   -1.76725e+04   -1.50246e+02
      Potential    Kinetic En.   Total Energy  Conserved En.    Temperature
   -1.77061e+04    2.70307e+03   -1.50030e+04   -2.21533e+05    3.16866e+02
 Pressure (bar)
    2.46237e+02

           Step           Time
        7700000    15400.00000

   Energies (kJ/mol)
           Bond       G96Angle  Improper Dih.        LJ (SR)   Coulomb (SR)
    5.51775e+01    3.71448e+01    5.57444e+00   -1.77007e+04   -1.16645e+02
      Potential    Kinetic En.   Total Energy  Conserved En.    Temperature
   -1.77195e+04    2.57303e+03   -1.51464e+04   -2.22997e+05    3.01622e+02
 Pressure (bar)
   -1.20374e+01

           Step           Time
        7750000    15500.00000

   Energies (kJ/mol)
           Bond       G96Angle  Improper Dih.        LJ (SR)   Coulomb (SR)
    6.35796e+01    4.35971e+01    8.37633e+00   -1.79140e+04   -1.35865e+02
      Potential    Kinetic En.   Total Energy  Conserved En.    Temperature
   -1.79343e+04    2.56868e+03   -1.53656e+04   -2.24454e+05    3.01112e+02
 Pressure (bar)
   -2.50387e+02

Large VCM(group glycoprotein):     -0.26430,      0.06091,      0.18711, Temp-cm:  1.95875e+00
           Step           Time
        7800000    15600.00000

   Energies (kJ/mol)
           Bond       G96Angle  Improper Dih.        LJ (SR)   Coulomb (SR)
    5.81186e+01    4.91887e+01    9.97175e+00   -1.74687e+04   -1.49159e+02
      Potential    Kinetic En.   Total Energy  Conserved En.    Temperature
   -1.75006e+04    2.61678e+03   -1.48838e+04   -2.23546e+05    3.06751e+02
 Pressure (bar)
    1.38747e+02

           Step           Time
        7850000    15700.00000

   Energies (kJ/mol)
           Bond       G96Angle  Improper Dih.        LJ (SR)   Coulomb (SR)
    3.64404e+01    2.47086e+01    1.85750e+01   -1.78809e+04   -1.27730e+02
      Potential    Kinetic En.   Total Energy  Conserved En.    Temperature
   -1.79289e+04    2.52420e+03   -1.54047e+04   -2.25090e+05    2.95898e+02
 Pressure (bar)
   -2.75832e+02

           Step           Time
        7900000    15800.00000

   Energies (kJ/mol)
           Bond       G96Angle  Improper Dih.        LJ (SR)   Coulomb (SR)
    7.91827e+01    1.63641e+01    8.49085e+00   -1.74524e+04   -1.26995e+02
      Potential    Kinetic En.   Total Energy  Conserved En.    Temperature
   -1.74754e+04    2.86425e+03   -1.46111e+04   -2.25823e+05    3.35761e+02
 Pressure (bar)
   -1.27680e+02

           Step           Time
        7950000    15900.00000

   Energies (kJ/mol)
           Bond       G96Angle  Improper Dih.        LJ (SR)   Coulomb (SR)
    6.95603e+01    2.39186e+01    1.42817e+01   -1.76307e+04   -1.35812e+02
      Potential    Kinetic En.   Total Energy  Conserved En.    Temperature
   -1.76587e+04    2.61155e+03   -1.50472e+04   -2.27325e+05    3.06138e+02
 Pressure (bar)
    4.66503e+02

Writing checkpoint, step 7952320 at Wed Apr  1 16:35:01 2026


           Step           Time
        8000000    16000.00000

   Energies (kJ/mol)
           Bond       G96Angle  Improper Dih.        LJ (SR)   Coulomb (SR)
    7.02857e+01    3.02907e+01    1.04038e+01   -1.78685e+04   -1.11358e+02
      Potential    Kinetic En.   Total Energy  Conserved En.    Temperature
   -1.78689e+04    2.66702e+03   -1.52018e+04   -2.28903e+05    3.12640e+02
 Pressure (bar)
    6.84848e+01

           Step           Time
        8050000    16100.00000

   Energies (kJ/mol)
           Bond       G96Angle  Improper Dih.        LJ (SR)   Coulomb (SR)
    4.60914e+01    3.33205e+01    9.65793e+00   -1.78587e+04   -1.42796e+02
      Potential    Kinetic En.   Total Energy  Conserved En.    Temperature
   -1.79124e+04    2.66452e+03   -1.52479e+04   -2.30500e+05    3.12347e+02
 Pressure (bar)
    2.01463e+02

           Step           Time
        8100000    16200.00000

   Energies (kJ/mol)
           Bond       G96Angle  Improper Dih.        LJ (SR)   Coulomb (SR)
    4.59162e+01    2.88090e+01    1.01101e+01   -1.77047e+04   -1.40359e+02
      Potential    Kinetic En.   Total Energy  Conserved En.    Temperature
   -1.77602e+04    2.68241e+03   -1.50778e+04   -2.31975e+05    3.14444e+02
 Pressure (bar)
   -9.42041e+01

           Step           Time
        8150000    16300.00000

   Energies (kJ/mol)
           Bond       G96Angle  Improper Dih.        LJ (SR)   Coulomb (SR)
    4.38719e+01    4.19760e+01    1.54946e+01   -1.78676e+04   -1.39242e+02
      Potential    Kinetic En.   Total Energy  Conserved En.    Temperature
   -1.79055e+04    2.65076e+03   -1.52547e+04   -2.33463e+05    3.10734e+02
 Pressure (bar)
   -1.69554e+02

           Step           Time
        8200000    16400.00000

   Energies (kJ/mol)
           Bond       G96Angle  Improper Dih.        LJ (SR)   Coulomb (SR)
    4.65431e+01    3.36033e+01    7.01038e+00   -1.77685e+04   -1.43230e+02
      Potential    Kinetic En.   Total Energy  Conserved En.    Temperature
   -1.78246e+04    2.55660e+03   -1.52680e+04   -2.34942e+05    2.99697e+02
 Pressure (bar)
   -6.24306e+01

           Step           Time
        8250000    16500.00000

   Energies (kJ/mol)
           Bond       G96Angle  Improper Dih.        LJ (SR)   Coulomb (SR)
    5.68260e+01    4.03345e+01    1.99338e+01   -1.77961e+04   -1.46929e+02
      Potential    Kinetic En.   Total Energy  Conserved En.    Temperature
   -1.78259e+04    2.63149e+03   -1.51944e+04   -2.35488e+05    3.08475e+02
 Pressure (bar)
   -1.01222e+02

           Step           Time
        8300000    16600.00000

   Energies (kJ/mol)
           Bond       G96Angle  Improper Dih.        LJ (SR)   Coulomb (SR)
    7.82177e+01    3.80421e+01    7.16736e+00   -1.78460e+04   -1.37534e+02
      Potential    Kinetic En.   Total Energy  Conserved En.    Temperature
   -1.78601e+04    2.66753e+03   -1.51926e+04   -2.36945e+05    3.12699e+02
 Pressure (bar)
    1.73082e+02

           Step           Time
        8350000    16700.00000

   Energies (kJ/mol)
           Bond       G96Angle  Improper Dih.        LJ (SR)   Coulomb (SR)
    6.97677e+01    2.84711e+01    1.32884e+01   -1.77907e+04   -1.35620e+02
      Potential    Kinetic En.   Total Energy  Conserved En.    Temperature
   -1.78148e+04    2.57943e+03   -1.52354e+04   -2.38555e+05    3.02372e+02
 Pressure (bar)
   -1.51518e+02

           Step           Time
        8400000    16800.00000

   Energies (kJ/mol)
           Bond       G96Angle  Improper Dih.        LJ (SR)   Coulomb (SR)
    5.19875e+01    2.54233e+01    7.69483e+00   -1.79202e+04   -1.10031e+02
      Potential    Kinetic En.   Total Energy  Conserved En.    Temperature
   -1.79451e+04    2.52598e+03   -1.54191e+04   -2.39991e+05    2.96107e+02
 Pressure (bar)
    1.26494e+02

           Step           Time
        8450000    16900.00000

   Energies (kJ/mol)
           Bond       G96Angle  Improper Dih.        LJ (SR)   Coulomb (SR)
    5.49158e+01    2.35640e+01    6.88097e+00   -1.76380e+04   -1.07938e+02
      Potential    Kinetic En.   Total Energy  Conserved En.    Temperature
   -1.76606e+04    2.60956e+03   -1.50510e+04   -2.41508e+05    3.05904e+02
 Pressure (bar)
    3.77660e+01

           Step           Time
        8500000    17000.00000

   Energies (kJ/mol)
           Bond       G96Angle  Improper Dih.        LJ (SR)   Coulomb (SR)
    4.53394e+01    2.77095e+01    1.81101e+01   -1.76260e+04   -1.15066e+02
      Potential    Kinetic En.   Total Energy  Conserved En.    Temperature
   -1.76499e+04    2.72841e+03   -1.49215e+04   -2.43212e+05    3.19836e+02
 Pressure (bar)
    6.99707e+00

           Step           Time
        8550000    17100.00000

   Energies (kJ/mol)
           Bond       G96Angle  Improper Dih.        LJ (SR)   Coulomb (SR)
    6.78536e+01    3.16396e+01    1.24956e+01   -1.76220e+04   -1.24477e+02
      Potential    Kinetic En.   Total Energy  Conserved En.    Temperature
   -1.76345e+04    2.58083e+03   -1.50537e+04   -2.43808e+05    3.02536e+02
 Pressure (bar)
   -2.07464e+02

           Step           Time
        8600000    17200.00000

   Energies (kJ/mol)
           Bond       G96Angle  Improper Dih.        LJ (SR)   Coulomb (SR)
    6.17048e+01    3.04436e+01    6.75352e+00   -1.76417e+04   -1.44791e+02
      Potential    Kinetic En.   Total Energy  Conserved En.    Temperature
   -1.76875e+04    2.59381e+03   -1.50937e+04   -2.45309e+05    3.04058e+02
 Pressure (bar)
    8.93267e+01

           Step           Time
        8650000    17300.00000

   Energies (kJ/mol)
           Bond       G96Angle  Improper Dih.        LJ (SR)   Coulomb (SR)
    7.97299e+01    5.16102e+01    1.21646e+01   -1.77359e+04   -1.24423e+02
      Potential    Kinetic En.   Total Energy  Conserved En.    Temperature
   -1.77168e+04    2.75590e+03   -1.49609e+04   -2.46865e+05    3.23059e+02
 Pressure (bar)
    2.06504e+02

           Step           Time
        8700000    17400.00000

   Energies (kJ/mol)
           Bond       G96Angle  Improper Dih.        LJ (SR)   Coulomb (SR)
    5.07309e+01    1.28655e+01    1.81855e+01   -1.79630e+04   -1.04826e+02
      Potential    Kinetic En.   Total Energy  Conserved En.    Temperature
   -1.79861e+04    2.59172e+03   -1.53943e+04   -2.48389e+05    3.03813e+02
 Pressure (bar)
    1.39769e+02

           Step           Time
        8750000    17500.00000

   Energies (kJ/mol)
           Bond       G96Angle  Improper Dih.        LJ (SR)   Coulomb (SR)
    5.05826e+01    2.85242e+01    1.36982e+01   -1.77873e+04   -1.16134e+02
      Potential    Kinetic En.   Total Energy  Conserved En.    Temperature
   -1.78106e+04    2.52000e+03   -1.52906e+04   -2.49818e+05    2.95406e+02
 Pressure (bar)
   -2.76385e+01

           Step           Time
        8800000    17600.00000

   Energies (kJ/mol)
           Bond       G96Angle  Improper Dih.        LJ (SR)   Coulomb (SR)
    5.08118e+01    3.13514e+01    1.14357e+01   -1.75775e+04   -1.22922e+02
      Potential    Kinetic En.   Total Energy  Conserved En.    Temperature
   -1.76069e+04    2.66106e+03   -1.49458e+04   -2.51252e+05    3.11941e+02
 Pressure (bar)
   -1.17343e+02

           Step           Time
        8850000    17700.00000

   Energies (kJ/mol)
           Bond       G96Angle  Improper Dih.        LJ (SR)   Coulomb (SR)
    5.27851e+01    3.08555e+01    1.38639e+01   -1.77606e+04   -1.23263e+02
      Potential    Kinetic En.   Total Energy  Conserved En.    Temperature
   -1.77864e+04    2.56331e+03   -1.52231e+04   -2.51618e+05    3.00483e+02
 Pressure (bar)
    3.37143e+01

           Step           Time
        8900000    17800.00000

   Energies (kJ/mol)
           Bond       G96Angle  Improper Dih.        LJ (SR)   Coulomb (SR)
    5.81658e+01    2.91161e+01    1.69245e+01   -1.77178e+04   -1.10752e+02
      Potential    Kinetic En.   Total Energy  Conserved En.    Temperature
   -1.77243e+04    2.76953e+03   -1.49548e+04   -2.53166e+05    3.24656e+02
 Pressure (bar)
    1.16342e+02

           Step           Time
        8950000    17900.00000

   Energies (kJ/mol)
           Bond       G96Angle  Improper Dih.        LJ (SR)   Coulomb (SR)
    4.69764e+01    2.40885e+01    8.72033e+00   -1.76727e+04   -1.21999e+02
      Potential    Kinetic En.   Total Energy  Conserved En.    Temperature
   -1.77149e+04    2.69211e+03   -1.50228e+04   -2.54841e+05    3.15581e+02
 Pressure (bar)
   -7.30069e+01

           Step           Time
        9000000    18000.00000

   Energies (kJ/mol)
           Bond       G96Angle  Improper Dih.        LJ (SR)   Coulomb (SR)
    4.19484e+01    3.63691e+01    1.74820e+01   -1.75081e+04   -1.24284e+02
      Potential    Kinetic En.   Total Energy  Conserved En.    Temperature
   -1.75366e+04    2.43973e+03   -1.50969e+04   -2.56405e+05    2.85996e+02
 Pressure (bar)
    3.77085e+01

           Step           Time
        9050000    18100.00000

   Energies (kJ/mol)
           Bond       G96Angle  Improper Dih.        LJ (SR)   Coulomb (SR)
    6.91474e+01    2.83994e+01    2.15760e+01   -1.77725e+04   -1.42672e+02
      Potential    Kinetic En.   Total Energy  Conserved En.    Temperature
   -1.77961e+04    2.65577e+03   -1.51403e+04   -2.58029e+05    3.11321e+02
 Pressure (bar)
    3.01819e-02

           Step           Time
        9100000    18200.00000

   Energies (kJ/mol)
           Bond       G96Angle  Improper Dih.        LJ (SR)   Coulomb (SR)
    4.81421e+01    2.52904e+01    2.16666e+01   -1.77894e+04   -1.51256e+02
      Potential    Kinetic En.   Total Energy  Conserved En.    Temperature
   -1.78456e+04    2.63053e+03   -1.52151e+04   -2.59621e+05    3.08363e+02
 Pressure (bar)
    2.46794e+02

           Step           Time
        9150000    18300.00000

   Energies (kJ/mol)
           Bond       G96Angle  Improper Dih.        LJ (SR)   Coulomb (SR)
    5.22457e+01    4.11379e+01    4.87167e+00   -1.77710e+04   -1.15018e+02
      Potential    Kinetic En.   Total Energy  Conserved En.    Temperature
   -1.77878e+04    2.82366e+03   -1.49641e+04   -2.61237e+05    3.31002e+02
 Pressure (bar)
   -3.51386e+01

           Step           Time
        9200000    18400.00000

   Energies (kJ/mol)
           Bond       G96Angle  Improper Dih.        LJ (SR)   Coulomb (SR)
    5.25193e+01    3.38764e+01    1.61200e+01   -1.75905e+04   -1.20371e+02
      Potential    Kinetic En.   Total Energy  Conserved En.    Temperature
   -1.76084e+04    2.63192e+03   -1.49765e+04   -2.62770e+05    3.08525e+02
 Pressure (bar)
    2.02956e+02

           Step           Time
        9250000    18500.00000

   Energies (kJ/mol)
           Bond       G96Angle  Improper Dih.        LJ (SR)   Coulomb (SR)
    5.01084e+01    3.29346e+01    5.77549e+00   -1.77138e+04   -1.16411e+02
      Potential    Kinetic En.   Total Energy  Conserved En.    Temperature
   -1.77414e+04    2.50741e+03   -1.52340e+04   -2.64240e+05    2.93930e+02
 Pressure (bar)
    2.63579e+01

           Step           Time
        9300000    18600.00000

   Energies (kJ/mol)
           Bond       G96Angle  Improper Dih.        LJ (SR)   Coulomb (SR)
    5.17075e+01    2.36214e+01    1.74229e+01   -1.77479e+04   -1.36787e+02
      Potential    Kinetic En.   Total Energy  Conserved En.    Temperature
   -1.77919e+04    2.63925e+03   -1.51527e+04   -2.65799e+05    3.09385e+02
 Pressure (bar)
    1.36908e+02

           Step           Time
        9350000    18700.00000

   Energies (kJ/mol)
           Bond       G96Angle  Improper Dih.        LJ (SR)   Coulomb (SR)
    5.73174e+01    3.97337e+01    2.11849e+01   -1.77990e+04   -1.47407e+02
      Potential    Kinetic En.   Total Energy  Conserved En.    Temperature
   -1.78282e+04    2.75444e+03   -1.50738e+04   -2.66590e+05    3.22888e+02
 Pressure (bar)
    1.74555e+02

           Step           Time
        9400000    18800.00000

   Energies (kJ/mol)
           Bond       G96Angle  Improper Dih.        LJ (SR)   Coulomb (SR)
    2.91874e+01    2.88970e+01    1.74542e+01   -1.78845e+04   -1.11260e+02
      Potential    Kinetic En.   Total Energy  Conserved En.    Temperature
   -1.79202e+04    2.70109e+03   -1.52191e+04   -2.67840e+05    3.16634e+02
 Pressure (bar)
    4.47986e+01

           Step           Time
        9450000    18900.00000

   Energies (kJ/mol)
           Bond       G96Angle  Improper Dih.        LJ (SR)   Coulomb (SR)
    8.04747e+01    3.29272e+01    1.72965e+01   -1.76091e+04   -1.18906e+02
      Potential    Kinetic En.   Total Energy  Conserved En.    Temperature
   -1.75973e+04    2.64845e+03   -1.49489e+04   -2.69441e+05    3.10464e+02
 Pressure (bar)
    1.48665e+02

           Step           Time
        9500000    19000.00000

   Energies (kJ/mol)
           Bond       G96Angle  Improper Dih.        LJ (SR)   Coulomb (SR)
    3.96338e+01    4.63928e+01    1.87480e+01   -1.77300e+04   -1.34636e+02
      Potential    Kinetic En.   Total Energy  Conserved En.    Temperature
   -1.77599e+04    2.55374e+03   -1.52062e+04   -2.71029e+05    2.99361e+02
 Pressure (bar)
    1.20391e+02

           Step           Time
        9550000    19100.00000

   Energies (kJ/mol)
           Bond       G96Angle  Improper Dih.        LJ (SR)   Coulomb (SR)
    6.10288e+01    3.22225e+01    1.35610e+01   -1.77254e+04   -1.49984e+02
      Potential    Kinetic En.   Total Energy  Conserved En.    Temperature
   -1.77686e+04    2.53193e+03   -1.52366e+04   -2.72724e+05    2.96804e+02
 Pressure (bar)
    1.09670e+02

           Step           Time
        9600000    19200.00000

   Energies (kJ/mol)
           Bond       G96Angle  Improper Dih.        LJ (SR)   Coulomb (SR)
    6.07393e+01    5.10697e+01    1.48492e+01   -1.76166e+04   -1.19132e+02
      Potential    Kinetic En.   Total Energy  Conserved En.    Temperature
   -1.76091e+04    2.71596e+03   -1.48931e+04   -2.74410e+05    3.18377e+02
 Pressure (bar)
   -1.50144e+02

           Step           Time
        9650000    19300.00000

   Energies (kJ/mol)
           Bond       G96Angle  Improper Dih.        LJ (SR)   Coulomb (SR)
    4.85593e+01    3.28818e+01    2.08331e+01   -1.77684e+04   -1.27648e+02
      Potential    Kinetic En.   Total Energy  Conserved En.    Temperature
   -1.77938e+04    2.71704e+03   -1.50768e+04   -2.75941e+05    3.18504e+02
 Pressure (bar)
   -3.51127e+01

           Step           Time
        9700000    19400.00000

   Energies (kJ/mol)
           Bond       G96Angle  Improper Dih.        LJ (SR)   Coulomb (SR)
    4.84310e+01    4.15196e+01    1.70457e+01   -1.77783e+04   -1.39054e+02
      Potential    Kinetic En.   Total Energy  Conserved En.    Temperature
   -1.78104e+04    2.54781e+03   -1.52626e+04   -2.77503e+05    2.98666e+02
 Pressure (bar)
    5.42986e+01

           Step           Time
        9750000    19500.00000

   Energies (kJ/mol)
           Bond       G96Angle  Improper Dih.        LJ (SR)   Coulomb (SR)
    6.59126e+01    4.54943e+01    2.33431e+01   -1.79748e+04   -1.46252e+02
      Potential    Kinetic En.   Total Energy  Conserved En.    Temperature
   -1.79863e+04    2.43627e+03   -1.55501e+04   -2.79125e+05    2.85590e+02
 Pressure (bar)
    5.28738e+01

           Step           Time
        9800000    19600.00000

   Energies (kJ/mol)
           Bond       G96Angle  Improper Dih.        LJ (SR)   Coulomb (SR)
    6.97548e+01    3.38551e+01    9.02412e+00   -1.77921e+04   -1.41378e+02
      Potential    Kinetic En.   Total Energy  Conserved En.    Temperature
   -1.78208e+04    2.54899e+03   -1.52718e+04   -2.80740e+05    2.98804e+02
 Pressure (bar)
   -1.10933e+02

           Step           Time
        9850000    19700.00000

   Energies (kJ/mol)
           Bond       G96Angle  Improper Dih.        LJ (SR)   Coulomb (SR)
    3.26732e+01    3.02323e+01    1.59920e+01   -1.76396e+04   -1.17598e+02
      Potential    Kinetic En.   Total Energy  Conserved En.    Temperature
   -1.76783e+04    2.46610e+03   -1.52122e+04   -2.82339e+05    2.89087e+02
 Pressure (bar)
   -4.74061e+02

           Step           Time
        9900000    19800.00000

   Energies (kJ/mol)
           Bond       G96Angle  Improper Dih.        LJ (SR)   Coulomb (SR)
    7.13087e+01    4.05699e+01    1.75494e+01   -1.78090e+04   -1.37879e+02
      Potential    Kinetic En.   Total Energy  Conserved En.    Temperature
   -1.78174e+04    2.56271e+03   -1.52547e+04   -2.83854e+05    3.00412e+02
 Pressure (bar)
    1.12045e+01

           Step           Time
        9950000    19900.00000

   Energies (kJ/mol)
           Bond       G96Angle  Improper Dih.        LJ (SR)   Coulomb (SR)
    4.66206e+01    3.56418e+01    6.51161e+00   -1.77020e+04   -1.27172e+02
      Potential    Kinetic En.   Total Energy  Conserved En.    Temperature
   -1.77404e+04    2.57919e+03   -1.51612e+04   -2.85417e+05    3.02345e+02
 Pressure (bar)
   -4.25021e+01

           Step           Time
       10000000    20000.00000

   Energies (kJ/mol)
           Bond       G96Angle  Improper Dih.        LJ (SR)   Coulomb (SR)
    4.28095e+01    2.94778e+01    1.05181e+01   -1.74995e+04   -1.24097e+02
      Potential    Kinetic En.   Total Energy  Conserved En.    Temperature
   -1.75408e+04    2.53911e+03   -1.50017e+04   -2.86922e+05    2.97646e+02
 Pressure (bar)
    5.60999e+00

           Step           Time
       10050000    20100.00000

   Energies (kJ/mol)
           Bond       G96Angle  Improper Dih.        LJ (SR)   Coulomb (SR)
    4.56988e+01    3.50117e+01    1.20385e+01   -1.77289e+04   -1.37914e+02
      Potential    Kinetic En.   Total Energy  Conserved En.    Temperature
   -1.77741e+04    2.65513e+03   -1.51189e+04   -2.88359e+05    3.11246e+02
 Pressure (bar)
    6.06538e+01

           Step           Time
       10100000    20200.00000

   Energies (kJ/mol)
           Bond       G96Angle  Improper Dih.        LJ (SR)   Coulomb (SR)
    8.11065e+01    4.52402e+01    1.60623e+01   -1.77200e+04   -1.19022e+02
      Potential    Kinetic En.   Total Energy  Conserved En.    Temperature
   -1.76966e+04    2.61583e+03   -1.50808e+04   -2.89902e+05    3.06639e+02
 Pressure (bar)
   -1.07149e+02

           Step           Time
       10150000    20300.00000

   Energies (kJ/mol)
           Bond       G96Angle  Improper Dih.        LJ (SR)   Coulomb (SR)
    5.47987e+01    3.29969e+01    9.65164e+00   -1.77771e+04   -1.20839e+02
      Potential    Kinetic En.   Total Energy  Conserved En.    Temperature
   -1.78005e+04    2.58985e+03   -1.52106e+04   -2.91337e+05    3.03594e+02
 Pressure (bar)
    3.38465e+01

           Step           Time
       10200000    20400.00000

   Energies (kJ/mol)
           Bond       G96Angle  Improper Dih.        LJ (SR)   Coulomb (SR)
    6.66042e+01    3.84673e+01    1.24867e+01   -1.76827e+04   -1.22323e+02
      Potential    Kinetic En.   Total Energy  Conserved En.    Temperature
   -1.76875e+04    2.50475e+03   -1.51827e+04   -2.92739e+05    2.93619e+02
 Pressure (bar)
    2.28668e+01

           Step           Time
       10250000    20500.00000

   Energies (kJ/mol)
           Bond       G96Angle  Improper Dih.        LJ (SR)   Coulomb (SR)
    6.67326e+01    2.11082e+01    1.43788e+01   -1.75358e+04   -1.06907e+02
      Potential    Kinetic En.   Total Energy  Conserved En.    Temperature
   -1.75405e+04    2.67005e+03   -1.48705e+04   -2.93806e+05    3.12995e+02
 Pressure (bar)
   -1.75257e+02

           Step           Time
       10300000    20600.00000

   Energies (kJ/mol)
           Bond       G96Angle  Improper Dih.        LJ (SR)   Coulomb (SR)
    7.86302e+01    5.22873e+01    1.59881e+01   -1.75700e+04   -1.23923e+02
      Potential    Kinetic En.   Total Energy  Conserved En.    Temperature
   -1.75470e+04    2.71305e+03   -1.48340e+04   -2.95425e+05    3.18036e+02
 Pressure (bar)
   -1.11433e+02

           Step           Time
       10350000    20700.00000

   Energies (kJ/mol)
           Bond       G96Angle  Improper Dih.        LJ (SR)   Coulomb (SR)
    6.73591e+01    2.53048e+01    1.31615e+01   -1.75331e+04   -1.39079e+02
      Potential    Kinetic En.   Total Energy  Conserved En.    Temperature
   -1.75663e+04    2.58577e+03   -1.49805e+04   -2.96722e+05    3.03116e+02
 Pressure (bar)
   -9.99325e+01

           Step           Time
       10400000    20800.00000

   Energies (kJ/mol)
           Bond       G96Angle  Improper Dih.        LJ (SR)   Coulomb (SR)
    5.82081e+01    4.29480e+01    1.38306e+01   -1.76992e+04   -1.35716e+02
      Potential    Kinetic En.   Total Energy  Conserved En.    Temperature
   -1.77199e+04    2.53276e+03   -1.51872e+04   -2.98022e+05    2.96902e+02
 Pressure (bar)
    2.33690e+02

           Step           Time
       10450000    20900.00000

   Energies (kJ/mol)
           Bond       G96Angle  Improper Dih.        LJ (SR)   Coulomb (SR)
    8.45368e+01    4.21809e+01    7.34709e+00   -1.77435e+04   -1.54901e+02
      Potential    Kinetic En.   Total Energy  Conserved En.    Temperature
   -1.77643e+04    2.57940e+03   -1.51849e+04   -2.99628e+05    3.02369e+02
 Pressure (bar)
    6.58171e+01

           Step           Time
       10500000    21000.00000

   Energies (kJ/mol)
           Bond       G96Angle  Improper Dih.        LJ (SR)   Coulomb (SR)
    3.40773e+01    2.71955e+01    5.90736e+00   -1.76873e+04   -1.32062e+02
      Potential    Kinetic En.   Total Energy  Conserved En.    Temperature
   -1.77522e+04    2.61154e+03   -1.51406e+04   -3.01203e+05    3.06136e+02
 Pressure (bar)
   -1.43687e+01

           Step           Time
       10550000    21100.00000

   Energies (kJ/mol)
           Bond       G96Angle  Improper Dih.        LJ (SR)   Coulomb (SR)
    5.14459e+01    4.08284e+01    1.22200e+01   -1.75635e+04   -1.24463e+02
      Potential    Kinetic En.   Total Energy  Conserved En.    Temperature
   -1.75835e+04    2.59675e+03   -1.49867e+04   -3.02830e+05    3.04403e+02
 Pressure (bar)
    1.03228e+02

           Step           Time
       10600000    21200.00000

   Energies (kJ/mol)
           Bond       G96Angle  Improper Dih.        LJ (SR)   Coulomb (SR)
    7.75353e+01    3.34750e+01    7.09679e+00   -1.77729e+04   -1.52083e+02
      Potential    Kinetic En.   Total Energy  Conserved En.    Temperature
   -1.78069e+04    2.59884e+03   -1.52080e+04   -3.03781e+05    3.04647e+02
 Pressure (bar)
   -1.28573e+02

           Step           Time
       10650000    21300.00000

   Energies (kJ/mol)
           Bond       G96Angle  Improper Dih.        LJ (SR)   Coulomb (SR)
    9.32451e+01    4.31374e+01    1.36372e+01   -1.75021e+04   -1.53390e+02
      Potential    Kinetic En.   Total Energy  Conserved En.    Temperature
   -1.75055e+04    2.56788e+03   -1.49376e+04   -3.05461e+05    3.01018e+02
 Pressure (bar)
    3.29420e+02

           Step           Time
       10700000    21400.00000

   Energies (kJ/mol)
           Bond       G96Angle  Improper Dih.        LJ (SR)   Coulomb (SR)
    5.70976e+01    3.78623e+01    1.12279e+01   -1.78595e+04   -1.34787e+02
      Potential    Kinetic En.   Total Energy  Conserved En.    Temperature
   -1.78881e+04    2.58091e+03   -1.53071e+04   -3.06980e+05    3.02546e+02
 Pressure (bar)
    8.46102e+01

           Step           Time
       10750000    21500.00000

   Energies (kJ/mol)
           Bond       G96Angle  Improper Dih.        LJ (SR)   Coulomb (SR)
    5.96453e+01    3.90030e+01    2.41760e+01   -1.76586e+04   -1.37593e+02
      Potential    Kinetic En.   Total Energy  Conserved En.    Temperature
   -1.76734e+04    2.60782e+03   -1.50656e+04   -3.08578e+05    3.05700e+02
 Pressure (bar)
    8.91993e+01

           Step           Time
       10800000    21600.00000

   Energies (kJ/mol)
           Bond       G96Angle  Improper Dih.        LJ (SR)   Coulomb (SR)
    5.89418e+01    3.34974e+01    1.98254e+01   -1.77476e+04   -1.24494e+02
      Potential    Kinetic En.   Total Energy  Conserved En.    Temperature
   -1.77599e+04    2.45687e+03   -1.53030e+04   -3.10069e+05    2.88006e+02
 Pressure (bar)
   -9.61171e+01

           Step           Time
       10850000    21700.00000

   Energies (kJ/mol)
           Bond       G96Angle  Improper Dih.        LJ (SR)   Coulomb (SR)
    5.81423e+01    2.29534e+01    1.05525e+01   -1.77692e+04   -1.20344e+02
      Potential    Kinetic En.   Total Energy  Conserved En.    Temperature
   -1.77979e+04    2.68489e+03   -1.51130e+04   -3.11463e+05    3.14735e+02
 Pressure (bar)
   -2.83526e+01

           Step           Time
       10900000    21800.00000

   Energies (kJ/mol)
           Bond       G96Angle  Improper Dih.        LJ (SR)   Coulomb (SR)
    4.73436e+01    2.51695e+01    1.57309e+01   -1.80133e+04   -1.31597e+02
      Potential    Kinetic En.   Total Energy  Conserved En.    Temperature
   -1.80566e+04    2.58014e+03   -1.54765e+04   -3.13041e+05    3.02455e+02
 Pressure (bar)
    8.29395e+01

           Step           Time
       10950000    21900.00000

   Energies (kJ/mol)
           Bond       G96Angle  Improper Dih.        LJ (SR)   Coulomb (SR)
    1.15208e+02    3.16484e+01    1.61484e+01   -1.76431e+04   -1.44557e+02
      Potential    Kinetic En.   Total Energy  Conserved En.    Temperature
   -1.76246e+04    2.67038e+03   -1.49542e+04   -3.14661e+05    3.13034e+02
 Pressure (bar)
    1.93989e+01

           Step           Time
       11000000    22000.00000

   Energies (kJ/mol)
           Bond       G96Angle  Improper Dih.        LJ (SR)   Coulomb (SR)
    4.79704e+01    4.15993e+01    2.37097e+01   -1.76933e+04   -1.38539e+02
      Potential    Kinetic En.   Total Energy  Conserved En.    Temperature
   -1.77186e+04    2.70427e+03   -1.50143e+04   -3.16267e+05    3.17007e+02
 Pressure (bar)
    9.54888e+01

           Step           Time
       11050000    22100.00000

   Energies (kJ/mol)
           Bond       G96Angle  Improper Dih.        LJ (SR)   Coulomb (SR)
    5.40405e+01    3.10391e+01    1.71249e+01   -1.78773e+04   -1.17971e+02
      Potential    Kinetic En.   Total Energy  Conserved En.    Temperature
   -1.78931e+04    2.68264e+03   -1.52104e+04   -3.17762e+05    3.14471e+02
 Pressure (bar)
   -1.31923e+01

           Step           Time
       11100000    22200.00000

   Energies (kJ/mol)
           Bond       G96Angle  Improper Dih.        LJ (SR)   Coulomb (SR)
    5.81575e+01    3.18344e+01    1.13966e+01   -1.79338e+04   -1.57762e+02
      Potential    Kinetic En.   Total Energy  Conserved En.    Temperature
   -1.79902e+04    2.63744e+03   -1.53527e+04   -3.19243e+05    3.09172e+02
 Pressure (bar)
   -1.17374e+02

           Step           Time
       11150000    22300.00000

   Energies (kJ/mol)
           Bond       G96Angle  Improper Dih.        LJ (SR)   Coulomb (SR)
    6.15666e+01    4.11566e+01    1.24166e+01   -1.76593e+04   -1.32945e+02
      Potential    Kinetic En.   Total Energy  Conserved En.    Temperature
   -1.76771e+04    2.58414e+03   -1.50929e+04   -3.20863e+05    3.02925e+02
 Pressure (bar)
   -6.75844e+00

           Step           Time
       11200000    22400.00000

   Energies (kJ/mol)
           Bond       G96Angle  Improper Dih.        LJ (SR)   Coulomb (SR)
    4.34558e+01    5.22565e+01    5.79600e+00   -1.78820e+04   -1.18630e+02
      Potential    Kinetic En.   Total Energy  Conserved En.    Temperature
   -1.78991e+04    2.73008e+03   -1.51691e+04   -3.22404e+05    3.20032e+02
 Pressure (bar)
   -1.02765e+02

           Step           Time
       11250000    22500.00000

   Energies (kJ/mol)
           Bond       G96Angle  Improper Dih.        LJ (SR)   Coulomb (SR)
    8.40732e+01    4.28619e+01    6.06802e+00   -1.77063e+04   -1.29380e+02
      Potential    Kinetic En.   Total Energy  Conserved En.    Temperature
   -1.77027e+04    2.63709e+03   -1.50656e+04   -3.22632e+05    3.09131e+02
 Pressure (bar)
    1.36208e+02

           Step           Time
       11300000    22600.00000

   Energies (kJ/mol)
           Bond       G96Angle  Improper Dih.        LJ (SR)   Coulomb (SR)
    3.32260e+01    2.88675e+01    2.59079e+00   -1.77573e+04   -1.18510e+02
      Potential    Kinetic En.   Total Energy  Conserved En.    Temperature
   -1.78111e+04    2.68452e+03   -1.51266e+04   -3.24165e+05    3.14692e+02
 Pressure (bar)
   -1.88457e+02

           Step           Time
       11350000    22700.00000

   Energies (kJ/mol)
           Bond       G96Angle  Improper Dih.        LJ (SR)   Coulomb (SR)
    3.50904e+01    2.01834e+01    9.56606e+00   -1.75269e+04   -1.32741e+02
      Potential    Kinetic En.   Total Energy  Conserved En.    Temperature
   -1.75949e+04    2.49369e+03   -1.51012e+04   -3.25489e+05    2.92321e+02
 Pressure (bar)
    7.11759e+01

           Step           Time
       11400000    22800.00000

   Energies (kJ/mol)
           Bond       G96Angle  Improper Dih.        LJ (SR)   Coulomb (SR)
    2.42760e+01    4.54838e+01    1.51426e+01   -1.76415e+04   -1.47830e+02
      Potential    Kinetic En.   Total Energy  Conserved En.    Temperature
   -1.77044e+04    2.64045e+03   -1.50640e+04   -3.26953e+05    3.09525e+02
 Pressure (bar)
    4.04629e+02

           Step           Time
       11450000    22900.00000

   Energies (kJ/mol)
           Bond       G96Angle  Improper Dih.        LJ (SR)   Coulomb (SR)
    4.02995e+01    3.65692e+01    7.34906e+00   -1.75792e+04   -1.50194e+02
      Potential    Kinetic En.   Total Energy  Conserved En.    Temperature
   -1.76452e+04    2.59656e+03   -1.50486e+04   -3.28150e+05    3.04380e+02
 Pressure (bar)
    1.12447e+02

           Step           Time
       11500000    23000.00000

   Energies (kJ/mol)
           Bond       G96Angle  Improper Dih.        LJ (SR)   Coulomb (SR)
    5.54127e+01    2.85909e+01    1.77406e+01   -1.76558e+04   -1.30432e+02
      Potential    Kinetic En.   Total Energy  Conserved En.    Temperature
   -1.76844e+04    2.50962e+03   -1.51748e+04   -3.29763e+05    2.94189e+02
 Pressure (bar)
   -2.47693e+01

           Step           Time
       11550000    23100.00000

   Energies (kJ/mol)
           Bond       G96Angle  Improper Dih.        LJ (SR)   Coulomb (SR)
    5.66208e+01    5.04500e+01    1.33931e+01   -1.76847e+04   -1.19861e+02
      Potential    Kinetic En.   Total Energy  Conserved En.    Temperature
   -1.76841e+04    2.58199e+03   -1.51021e+04   -3.31061e+05    3.02673e+02
 Pressure (bar)
    9.63214e+01

           Step           Time
       11600000    23200.00000

   Energies (kJ/mol)
           Bond       G96Angle  Improper Dih.        LJ (SR)   Coulomb (SR)
    5.95870e+01    3.33366e+01    9.39748e+00   -1.77384e+04   -1.03823e+02
      Potential    Kinetic En.   Total Energy  Conserved En.    Temperature
   -1.77399e+04    2.61312e+03   -1.51268e+04   -3.32526e+05    3.06322e+02
 Pressure (bar)
    1.70232e+02

           Step           Time
       11650000    23300.00000

   Energies (kJ/mol)
           Bond       G96Angle  Improper Dih.        LJ (SR)   Coulomb (SR)
    4.83416e+01    4.60832e+01    1.44146e+01   -1.77548e+04   -1.27789e+02
      Potential    Kinetic En.   Total Energy  Conserved En.    Temperature
   -1.77737e+04    2.74918e+03   -1.50245e+04   -3.34047e+05    3.22272e+02
 Pressure (bar)
    2.05969e+02

           Step           Time
       11700000    23400.00000

   Energies (kJ/mol)
           Bond       G96Angle  Improper Dih.        LJ (SR)   Coulomb (SR)
    5.37184e+01    3.68794e+01    1.28767e+01   -1.77356e+04   -1.37655e+02
      Potential    Kinetic En.   Total Energy  Conserved En.    Temperature
   -1.77698e+04    2.71067e+03   -1.50591e+04   -3.35505e+05    3.17757e+02
 Pressure (bar)
    1.11518e+02

           Step           Time
       11750000    23500.00000

   Energies (kJ/mol)
           Bond       G96Angle  Improper Dih.        LJ (SR)   Coulomb (SR)
    4.42533e+01    3.13742e+01    1.35105e+01   -1.76936e+04   -1.32396e+02
      Potential    Kinetic En.   Total Energy  Conserved En.    Temperature
   -1.77368e+04    2.67413e+03   -1.50627e+04   -3.36928e+05    3.13473e+02
 Pressure (bar)
   -1.41851e+02

           Step           Time
       11800000    23600.00000

   Energies (kJ/mol)
           Bond       G96Angle  Improper Dih.        LJ (SR)   Coulomb (SR)
    5.95576e+01    3.47761e+01    1.62289e+01   -1.77743e+04   -1.29582e+02
      Potential    Kinetic En.   Total Energy  Conserved En.    Temperature
   -1.77934e+04    2.39381e+03   -1.53995e+04   -3.38460e+05    2.80613e+02
 Pressure (bar)
   -1.20009e+02

           Step           Time
       11850000    23700.00000

   Energies (kJ/mol)
           Bond       G96Angle  Improper Dih.        LJ (SR)   Coulomb (SR)
    3.99309e+01    2.76794e+01    1.09750e+01   -1.78679e+04   -1.24445e+02
      Potential    Kinetic En.   Total Energy  Conserved En.    Temperature
   -1.79138e+04    2.72212e+03   -1.51916e+04   -3.40220e+05    3.19100e+02
 Pressure (bar)
   -1.79548e+02

           Step           Time
       11900000    23800.00000

   Energies (kJ/mol)
           Bond       G96Angle  Improper Dih.        LJ (SR)   Coulomb (SR)
    2.93898e+01    3.24659e+01    9.00053e+00   -1.76983e+04   -1.10340e+02
      Potential    Kinetic En.   Total Energy  Conserved En.    Temperature
   -1.77378e+04    2.58064e+03   -1.51571e+04   -3.41747e+05    3.02514e+02
 Pressure (bar)
    2.08405e+01

           Step           Time
       11950000    23900.00000

   Energies (kJ/mol)
           Bond       G96Angle  Improper Dih.        LJ (SR)   Coulomb (SR)
    4.63908e+01    4.22402e+01    2.66364e+01   -1.75917e+04   -1.31789e+02
      Potential    Kinetic En.   Total Energy  Conserved En.    Temperature
   -1.76082e+04    2.59038e+03   -1.50179e+04   -3.43345e+05    3.03656e+02
 Pressure (bar)
    4.36139e-01

           Step           Time
       12000000    24000.00000

   Energies (kJ/mol)
           Bond       G96Angle  Improper Dih.        LJ (SR)   Coulomb (SR)
    4.43625e+01    2.14565e+01    1.34298e+01   -1.77313e+04   -1.15490e+02
      Potential    Kinetic En.   Total Energy  Conserved En.    Temperature
   -1.77676e+04    2.59996e+03   -1.51676e+04   -3.44921e+05    3.04779e+02
 Pressure (bar)
   -6.22280e+01

           Step           Time
       12050000    24100.00000

   Energies (kJ/mol)
           Bond       G96Angle  Improper Dih.        LJ (SR)   Coulomb (SR)
    4.79125e+01    2.37837e+01    1.03559e+01   -1.77161e+04   -1.47867e+02
      Potential    Kinetic En.   Total Energy  Conserved En.    Temperature
   -1.77819e+04    2.68073e+03   -1.51012e+04   -3.46445e+05    3.14247e+02
 Pressure (bar)
   -4.48116e+01

           Step           Time
       12100000    24200.00000

   Energies (kJ/mol)
           Bond       G96Angle  Improper Dih.        LJ (SR)   Coulomb (SR)
    5.37103e+01    5.73123e+01    1.26781e+01   -1.77617e+04   -1.25155e+02
      Potential    Kinetic En.   Total Energy  Conserved En.    Temperature
   -1.77631e+04    2.76726e+03   -1.49959e+04   -3.48035e+05    3.24390e+02
 Pressure (bar)
   -1.06222e+02

           Step           Time
       12150000    24300.00000

   Energies (kJ/mol)
           Bond       G96Angle  Improper Dih.        LJ (SR)   Coulomb (SR)
    6.45640e+01    3.28714e+01    1.02170e+01   -1.76479e+04   -1.55009e+02
      Potential    Kinetic En.   Total Energy  Conserved En.    Temperature
   -1.76953e+04    2.61055e+03   -1.50847e+04   -3.49648e+05    3.06021e+02
 Pressure (bar)
    1.36603e+02

           Step           Time
       12200000    24400.00000

   Energies (kJ/mol)
           Bond       G96Angle  Improper Dih.        LJ (SR)   Coulomb (SR)
    3.85679e+01    3.76398e+01    1.45405e+01   -1.73832e+04   -1.58125e+02
      Potential    Kinetic En.   Total Energy  Conserved En.    Temperature
   -1.74506e+04    2.69097e+03   -1.47596e+04   -3.50941e+05    3.15447e+02
 Pressure (bar)
   -9.19571e+01

           Step           Time
       12250000    24500.00000

   Energies (kJ/mol)
           Bond       G96Angle  Improper Dih.        LJ (SR)   Coulomb (SR)
    6.36411e+01    3.70332e+01    1.00474e+01   -1.72467e+04   -1.15878e+02
      Potential    Kinetic En.   Total Energy  Conserved En.    Temperature
   -1.72518e+04    2.64460e+03   -1.46072e+04   -3.41883e+05    3.10012e+02
 Pressure (bar)
   -1.68754e+02

           Step           Time
       12300000    24600.00000

   Energies (kJ/mol)
           Bond       G96Angle  Improper Dih.        LJ (SR)   Coulomb (SR)
    5.70384e+01    3.86723e+01    1.78822e+01   -1.77555e+04   -1.18876e+02
      Potential    Kinetic En.   Total Energy  Conserved En.    Temperature
   -1.77608e+04    2.56801e+03   -1.51928e+04   -3.43488e+05    3.01034e+02
 Pressure (bar)
    6.88014e+01

           Step           Time
       12350000    24700.00000

   Energies (kJ/mol)
           Bond       G96Angle  Improper Dih.        LJ (SR)   Coulomb (SR)
    5.49805e+01    3.67366e+01    2.21455e+01   -1.76540e+04   -1.17105e+02
      Potential    Kinetic En.   Total Energy  Conserved En.    Temperature
   -1.76572e+04    2.54558e+03   -1.51116e+04   -3.44766e+05    2.98404e+02
 Pressure (bar)
    2.40235e+00

           Step           Time
       12400000    24800.00000

   Energies (kJ/mol)
           Bond       G96Angle  Improper Dih.        LJ (SR)   Coulomb (SR)
    4.46900e+01    2.88378e+01    1.56775e+01   -1.77751e+04   -1.02268e+02
      Potential    Kinetic En.   Total Energy  Conserved En.    Temperature
   -1.77882e+04    2.66779e+03   -1.51204e+04   -3.46374e+05    3.12730e+02
 Pressure (bar)
   -1.10645e+02

           Step           Time
       12450000    24900.00000

   Energies (kJ/mol)
           Bond       G96Angle  Improper Dih.        LJ (SR)   Coulomb (SR)
    4.45828e+01    2.24242e+01    1.05905e+01   -1.76150e+04   -1.34365e+02
      Potential    Kinetic En.   Total Energy  Conserved En.    Temperature
   -1.76718e+04    2.67002e+03   -1.50018e+04   -3.47867e+05    3.12992e+02
 Pressure (bar)
   -1.01401e+02

           Step           Time
       12500000    25000.00000

   Energies (kJ/mol)
           Bond       G96Angle  Improper Dih.        LJ (SR)   Coulomb (SR)
    2.93773e+01    3.60521e+01    1.53232e+01   -1.74951e+04   -1.40609e+02
      Potential    Kinetic En.   Total Energy  Conserved En.    Temperature
   -1.75549e+04    2.59690e+03   -1.49581e+04   -3.49446e+05    3.04420e+02
 Pressure (bar)
   -1.94820e+02

           Step           Time
       12550000    25100.00000

   Energies (kJ/mol)
           Bond       G96Angle  Improper Dih.        LJ (SR)   Coulomb (SR)
    6.19525e+01    3.34144e+01    1.05954e+01   -1.77985e+04   -1.06521e+02
      Potential    Kinetic En.   Total Energy  Conserved En.    Temperature
   -1.77990e+04    2.72876e+03   -1.50703e+04   -3.50929e+05    3.19878e+02
 Pressure (bar)
    7.74876e+01

           Step           Time
       12600000    25200.00000

   Energies (kJ/mol)
           Bond       G96Angle  Improper Dih.        LJ (SR)   Coulomb (SR)
    4.65560e+01    2.39447e+01    1.99402e+01   -1.75830e+04   -1.22063e+02
      Potential    Kinetic En.   Total Energy  Conserved En.    Temperature
   -1.76146e+04    2.58593e+03   -1.50287e+04   -3.48457e+05    3.03134e+02
 Pressure (bar)
    3.33097e+01

           Step           Time
       12650000    25300.00000

   Energies (kJ/mol)
           Bond       G96Angle  Improper Dih.        LJ (SR)   Coulomb (SR)
    5.62069e+01    2.39978e+01    1.80643e+01   -1.78255e+04   -1.33132e+02
      Potential    Kinetic En.   Total Energy  Conserved En.    Temperature
   -1.78603e+04    2.55887e+03   -1.53015e+04   -3.49907e+05    2.99962e+02
 Pressure (bar)
    6.38499e+01

           Step           Time
       12700000    25400.00000

   Energies (kJ/mol)
           Bond       G96Angle  Improper Dih.        LJ (SR)   Coulomb (SR)
    6.15486e+01    3.26449e+01    7.10016e+00   -1.76827e+04   -1.32905e+02
      Potential    Kinetic En.   Total Energy  Conserved En.    Temperature
   -1.77143e+04    2.69619e+03   -1.50182e+04   -3.51486e+05    3.16059e+02
 Pressure (bar)
    3.32703e+01

           Step           Time
       12750000    25500.00000

   Energies (kJ/mol)
           Bond       G96Angle  Improper Dih.        LJ (SR)   Coulomb (SR)
    4.38827e+01    2.45247e+01    3.84792e+00   -1.76756e+04   -1.17444e+02
      Potential    Kinetic En.   Total Energy  Conserved En.    Temperature
   -1.77207e+04    2.63710e+03   -1.50837e+04   -3.53041e+05    3.09132e+02
 Pressure (bar)
   -9.33698e+01

           Step           Time
       12800000    25600.00000

   Energies (kJ/mol)
           Bond       G96Angle  Improper Dih.        LJ (SR)   Coulomb (SR)
    2.47523e+01    1.70683e+01    1.67223e+01   -1.76252e+04   -1.14898e+02
      Potential    Kinetic En.   Total Energy  Conserved En.    Temperature
   -1.76816e+04    2.66613e+03   -1.50154e+04   -3.54661e+05    3.12536e+02
 Pressure (bar)
    8.97540e+01

           Step           Time
       12850000    25700.00000

   Energies (kJ/mol)
           Bond       G96Angle  Improper Dih.        LJ (SR)   Coulomb (SR)
    4.29668e+01    4.06063e+01    1.93581e+01   -1.79442e+04   -1.27216e+02
      Potential    Kinetic En.   Total Energy  Conserved En.    Temperature
   -1.79684e+04    2.58306e+03   -1.53854e+04   -3.56226e+05    3.02798e+02
 Pressure (bar)
   -1.70729e+02

           Step           Time
       12900000    25800.00000

   Energies (kJ/mol)
           Bond       G96Angle  Improper Dih.        LJ (SR)   Coulomb (SR)
    6.92845e+01    3.55081e+01    2.02587e+01   -1.79540e+04   -1.39547e+02
      Potential    Kinetic En.   Total Energy  Conserved En.    Temperature
   -1.79685e+04    2.54261e+03   -1.54259e+04   -3.57827e+05    2.98056e+02
 Pressure (bar)
   -1.93867e+02

           Step           Time
       12950000    25900.00000

   Energies (kJ/mol)
           Bond       G96Angle  Improper Dih.        LJ (SR)   Coulomb (SR)
    8.06690e+01    3.73886e+01    1.36897e+01   -1.77644e+04   -1.31749e+02
      Potential    Kinetic En.   Total Energy  Conserved En.    Temperature
   -1.77644e+04    2.67856e+03   -1.50859e+04   -3.59181e+05    3.13993e+02
 Pressure (bar)
    4.15506e+01

           Step           Time
       13000000    26000.00000

   Energies (kJ/mol)
           Bond       G96Angle  Improper Dih.        LJ (SR)   Coulomb (SR)
    8.02829e+01    4.06887e+01    2.19911e+01   -1.78152e+04   -1.18535e+02
      Potential    Kinetic En.   Total Energy  Conserved En.    Temperature
   -1.77908e+04    2.65533e+03   -1.51355e+04   -3.59696e+05    3.11270e+02
 Pressure (bar)
    1.08667e+02

           Step           Time
       13050000    26100.00000

   Energies (kJ/mol)
           Bond       G96Angle  Improper Dih.        LJ (SR)   Coulomb (SR)
    5.70242e+01    2.32931e+01    1.20048e+01   -1.77730e+04   -1.06998e+02
      Potential    Kinetic En.   Total Energy  Conserved En.    Temperature
   -1.77876e+04    2.59255e+03   -1.51951e+04   -3.61214e+05    3.03911e+02
 Pressure (bar)
   -8.93895e+01

           Step           Time
       13100000    26200.00000

   Energies (kJ/mol)
           Bond       G96Angle  Improper Dih.        LJ (SR)   Coulomb (SR)
    2.21077e+01    4.54761e+01    9.52025e+00   -1.76916e+04   -1.08368e+02
      Potential    Kinetic En.   Total Energy  Conserved En.    Temperature
   -1.77229e+04    2.53467e+03   -1.51882e+04   -3.62862e+05    2.97125e+02
 Pressure (bar)
    1.23090e+02

           Step           Time
       13150000    26300.00000

   Energies (kJ/mol)
           Bond       G96Angle  Improper Dih.        LJ (SR)   Coulomb (SR)
    6.25006e+01    2.93968e+01    7.81505e+00   -1.74667e+04   -1.09614e+02
      Potential    Kinetic En.   Total Energy  Conserved En.    Temperature
   -1.74766e+04    2.58597e+03   -1.48907e+04   -3.64461e+05    3.03139e+02
 Pressure (bar)
   -2.21942e+02

           Step           Time
       13200000    26400.00000

   Energies (kJ/mol)
           Bond       G96Angle  Improper Dih.        LJ (SR)   Coulomb (SR)
    5.30439e+01    3.90882e+01    2.25919e+01   -1.78271e+04   -1.08750e+02
      Potential    Kinetic En.   Total Energy  Conserved En.    Temperature
   -1.78211e+04    2.45745e+03   -1.53637e+04   -3.66005e+05    2.88073e+02
 Pressure (bar)
   -3.26451e+01

           Step           Time
       13250000    26500.00000

   Energies (kJ/mol)
           Bond       G96Angle  Improper Dih.        LJ (SR)   Coulomb (SR)
    6.82287e+01    3.70042e+01    7.68999e+00   -1.76377e+04   -1.13712e+02
      Potential    Kinetic En.   Total Energy  Conserved En.    Temperature
   -1.76385e+04    2.68508e+03   -1.49534e+04   -3.67586e+05    3.14757e+02
 Pressure (bar)
    6.61808e+01

           Step           Time
       13300000    26600.00000

   Energies (kJ/mol)
           Bond       G96Angle  Improper Dih.        LJ (SR)   Coulomb (SR)
    5.90930e+01    3.22250e+01    1.39639e+01   -1.76814e+04   -1.14020e+02
      Potential    Kinetic En.   Total Energy  Conserved En.    Temperature
   -1.76902e+04    2.62783e+03   -1.50623e+04   -3.69105e+05    3.08046e+02
 Pressure (bar)
    2.03974e+02

           Step           Time
       13350000    26700.00000

   Energies (kJ/mol)
           Bond       G96Angle  Improper Dih.        LJ (SR)   Coulomb (SR)
    5.51540e+01    3.27687e+01    9.90492e+00   -1.76847e+04   -1.51159e+02
      Potential    Kinetic En.   Total Energy  Conserved En.    Temperature
   -1.77380e+04    2.47222e+03   -1.52658e+04   -3.70444e+05    2.89805e+02
 Pressure (bar)
    4.70973e+01

           Step           Time
       13400000    26800.00000

   Energies (kJ/mol)
           Bond       G96Angle  Improper Dih.        LJ (SR)   Coulomb (SR)
    6.14222e+01    4.92058e+01    9.83702e+00   -1.77477e+04   -1.34655e+02
      Potential    Kinetic En.   Total Energy  Conserved En.    Temperature
   -1.77619e+04    2.49681e+03   -1.52650e+04   -3.71882e+05    2.92688e+02
 Pressure (bar)
   -1.74496e+02

           Step           Time
       13450000    26900.00000

   Energies (kJ/mol)
           Bond       G96Angle  Improper Dih.        LJ (SR)   Coulomb (SR)
    6.07341e+01    4.89722e+01    9.84061e+00   -1.77976e+04   -1.32935e+02
      Potential    Kinetic En.   Total Energy  Conserved En.    Temperature
   -1.78110e+04    2.45910e+03   -1.53519e+04   -3.73115e+05    2.88266e+02
 Pressure (bar)
    7.17799e+01

           Step           Time
       13500000    27000.00000

   Energies (kJ/mol)
           Bond       G96Angle  Improper Dih.        LJ (SR)   Coulomb (SR)
    4.89898e+01    3.96351e+01    1.60180e+01   -1.77837e+04   -1.23464e+02
      Potential    Kinetic En.   Total Energy  Conserved En.    Temperature
   -1.78025e+04    2.68220e+03   -1.51203e+04   -3.74650e+05    3.14420e+02
 Pressure (bar)
    4.07025e+00

           Step           Time
       13550000    27100.00000

   Energies (kJ/mol)
           Bond       G96Angle  Improper Dih.        LJ (SR)   Coulomb (SR)
    4.93095e+01    2.59481e+01    1.17903e+01   -1.79500e+04   -1.25781e+02
      Potential    Kinetic En.   Total Energy  Conserved En.    Temperature
   -1.79887e+04    2.50393e+03   -1.54848e+04   -3.76226e+05    2.93521e+02
 Pressure (bar)
    5.41137e+01

           Step           Time
       13600000    27200.00000

   Energies (kJ/mol)
           Bond       G96Angle  Improper Dih.        LJ (SR)   Coulomb (SR)
    5.32996e+01    4.92460e+01    5.25017e+00   -1.76252e+04   -1.16114e+02
      Potential    Kinetic En.   Total Energy  Conserved En.    Temperature
   -1.76335e+04    2.75676e+03   -1.48768e+04   -3.77701e+05    3.23160e+02
 Pressure (bar)
    2.18540e+01

           Step           Time
       13650000    27300.00000

   Energies (kJ/mol)
           Bond       G96Angle  Improper Dih.        LJ (SR)   Coulomb (SR)
    6.43080e+01    3.78323e+01    8.17108e+00   -1.77543e+04   -1.21219e+02
      Potential    Kinetic En.   Total Energy  Conserved En.    Temperature
   -1.77652e+04    2.57277e+03   -1.51924e+04   -3.78863e+05    3.01592e+02
 Pressure (bar)
    1.91003e+02

           Step           Time
       13700000    27400.00000

   Energies (kJ/mol)
           Bond       G96Angle  Improper Dih.        LJ (SR)   Coulomb (SR)
    4.56354e+01    2.81257e+01    1.01243e+01   -1.77849e+04   -1.20133e+02
      Potential    Kinetic En.   Total Energy  Conserved En.    Temperature
   -1.78211e+04    2.58426e+03   -1.52369e+04   -3.80499e+05    3.02939e+02
 Pressure (bar)
    6.19150e+01

           Step           Time
       13750000    27500.00000

   Energies (kJ/mol)
           Bond       G96Angle  Improper Dih.        LJ (SR)   Coulomb (SR)
    4.52995e+01    3.21452e+01    1.87725e+01   -1.76946e+04   -1.32989e+02
      Potential    Kinetic En.   Total Energy  Conserved En.    Temperature
   -1.77314e+04    2.53425e+03   -1.51972e+04   -3.81896e+05    2.97076e+02
 Pressure (bar)
    2.80835e+01

           Step           Time
       13800000    27600.00000

   Energies (kJ/mol)
           Bond       G96Angle  Improper Dih.        LJ (SR)   Coulomb (SR)
    6.77186e+01    2.68879e+01    8.16891e+00   -1.76051e+04   -1.18502e+02
      Potential    Kinetic En.   Total Energy  Conserved En.    Temperature
   -1.76208e+04    2.75914e+03   -1.48616e+04   -3.83358e+05    3.23439e+02
 Pressure (bar)
    1.16570e+02

           Step           Time
       13850000    27700.00000

   Energies (kJ/mol)
           Bond       G96Angle  Improper Dih.        LJ (SR)   Coulomb (SR)
    6.12839e+01    3.37633e+01    1.46416e+01   -1.78102e+04   -1.16754e+02
      Potential    Kinetic En.   Total Energy  Conserved En.    Temperature
   -1.78173e+04    2.76349e+03   -1.50538e+04   -3.84811e+05    3.23948e+02
 Pressure (bar)
   -3.33652e+01

           Step           Time
       13900000    27800.00000

   Energies (kJ/mol)
           Bond       G96Angle  Improper Dih.        LJ (SR)   Coulomb (SR)
    7.60528e+01    2.90026e+01    1.38797e+01   -1.78233e+04   -1.14274e+02
      Potential    Kinetic En.   Total Energy  Conserved En.    Temperature
   -1.78187e+04    2.74201e+03   -1.50767e+04   -3.86356e+05    3.21431e+02
 Pressure (bar)
    2.47642e+02

           Step           Time
       13950000    27900.00000

   Energies (kJ/mol)
           Bond       G96Angle  Improper Dih.        LJ (SR)   Coulomb (SR)
    6.76883e+01    3.56209e+01    2.81137e+01   -1.77417e+04   -1.14509e+02
      Potential    Kinetic En.   Total Energy  Conserved En.    Temperature
   -1.77248e+04    2.59337e+03   -1.51314e+04   -3.88005e+05    3.04007e+02
 Pressure (bar)
   -1.63339e+02

           Step           Time
       14000000    28000.00000

   Energies (kJ/mol)
           Bond       G96Angle  Improper Dih.        LJ (SR)   Coulomb (SR)
    2.42775e+01    2.28307e+01    1.86423e+01   -1.77492e+04   -1.20738e+02
      Potential    Kinetic En.   Total Energy  Conserved En.    Temperature
   -1.78041e+04    2.60669e+03   -1.51975e+04   -3.89475e+05    3.05568e+02
 Pressure (bar)
    1.37964e+01

           Step           Time
       14050000    28100.00000

   Energies (kJ/mol)
           Bond       G96Angle  Improper Dih.        LJ (SR)   Coulomb (SR)
    5.70228e+01    4.53227e+01    1.32723e+01   -1.74584e+04   -1.36337e+02
      Potential    Kinetic En.   Total Energy  Conserved En.    Temperature
   -1.74791e+04    2.65394e+03   -1.48252e+04   -3.91010e+05    3.11107e+02
 Pressure (bar)
    9.34333e+01

           Step           Time
       14100000    28200.00000

   Energies (kJ/mol)
           Bond       G96Angle  Improper Dih.        LJ (SR)   Coulomb (SR)
    6.24163e+01    5.22670e+01    8.26287e+00   -1.77652e+04   -1.47876e+02
      Potential    Kinetic En.   Total Energy  Conserved En.    Temperature
   -1.77901e+04    2.67776e+03   -1.51124e+04   -3.92538e+05    3.13900e+02
 Pressure (bar)
   -1.12139e+02

           Step           Time
       14150000    28300.00000

   Energies (kJ/mol)
           Bond       G96Angle  Improper Dih.        LJ (SR)   Coulomb (SR)
    3.81772e+01    5.14561e+01    9.61212e+00   -1.76833e+04   -1.50027e+02
      Potential    Kinetic En.   Total Energy  Conserved En.    Temperature
   -1.77341e+04    2.51550e+03   -1.52186e+04   -3.94249e+05    2.94878e+02
 Pressure (bar)
    1.38485e+02

Writing checkpoint, step 14193120 at Wed Apr  1 16:50:01 2026


           Step           Time
       14200000    28400.00000

   Energies (kJ/mol)
           Bond       G96Angle  Improper Dih.        LJ (SR)   Coulomb (SR)
    7.53796e+01    3.52627e+01    2.36359e+01   -1.78128e+04   -1.60413e+02
      Potential    Kinetic En.   Total Energy  Conserved En.    Temperature
   -1.78390e+04    2.55232e+03   -1.52866e+04   -3.95331e+05    2.99195e+02
 Pressure (bar)
   -1.54306e+02

           Step           Time
       14250000    28500.00000

   Energies (kJ/mol)
           Bond       G96Angle  Improper Dih.        LJ (SR)   Coulomb (SR)
    5.69691e+01    2.20220e+01    1.07169e+01   -1.78968e+04   -1.51812e+02
      Potential    Kinetic En.   Total Energy  Conserved En.    Temperature
   -1.79589e+04    2.65774e+03   -1.53012e+04   -3.96935e+05    3.11553e+02
 Pressure (bar)
    1.00994e+01

           Step           Time
       14300000    28600.00000

   Energies (kJ/mol)
           Bond       G96Angle  Improper Dih.        LJ (SR)   Coulomb (SR)
    4.82129e+01    4.23240e+01    9.03646e+00   -1.76692e+04   -1.27766e+02
      Potential    Kinetic En.   Total Energy  Conserved En.    Temperature
   -1.76974e+04    2.60271e+03   -1.50946e+04   -3.98622e+05    3.05102e+02
 Pressure (bar)
   -1.34513e+02

           Step           Time
       14350000    28700.00000

   Energies (kJ/mol)
           Bond       G96Angle  Improper Dih.        LJ (SR)   Coulomb (SR)
    4.67462e+01    2.80903e+01    1.47648e+01   -1.76553e+04   -1.45870e+02
      Potential    Kinetic En.   Total Energy  Conserved En.    Temperature
   -1.77116e+04    2.66194e+03   -1.50496e+04   -4.00066e+05    3.12045e+02
 Pressure (bar)
    8.27991e+01

           Step           Time
       14400000    28800.00000

   Energies (kJ/mol)
           Bond       G96Angle  Improper Dih.        LJ (SR)   Coulomb (SR)
    6.80652e+01    4.24069e+01    1.54013e+01   -1.77669e+04   -1.28976e+02
      Potential    Kinetic En.   Total Energy  Conserved En.    Temperature
   -1.77700e+04    2.67191e+03   -1.50981e+04   -4.01660e+05    3.13213e+02
 Pressure (bar)
    1.51624e+02

           Step           Time
       14450000    28900.00000

   Energies (kJ/mol)
           Bond       G96Angle  Improper Dih.        LJ (SR)   Coulomb (SR)
    5.93271e+01    2.68793e+01    1.91051e+01   -1.80020e+04   -1.34460e+02
      Potential    Kinetic En.   Total Energy  Conserved En.    Temperature
   -1.80312e+04    2.46133e+03   -1.55698e+04   -4.03263e+05    2.88529e+02
 Pressure (bar)
   -2.23901e+01

           Step           Time
       14500000    29000.00000

   Energies (kJ/mol)
           Bond       G96Angle  Improper Dih.        LJ (SR)   Coulomb (SR)
    6.08647e+01    4.11361e+01    1.95843e+01   -1.78079e+04   -1.32874e+02
      Potential    Kinetic En.   Total Energy  Conserved En.    Temperature
   -1.78192e+04    2.60662e+03   -1.52126e+04   -4.04756e+05    3.05559e+02
 Pressure (bar)
    6.74669e+01

           Step           Time
       14550000    29100.00000

   Energies (kJ/mol)
           Bond       G96Angle  Improper Dih.        LJ (SR)   Coulomb (SR)
    3.61761e+01    2.67311e+01    1.02667e+01   -1.77114e+04   -1.41194e+02
      Potential    Kinetic En.   Total Energy  Conserved En.    Temperature
   -1.77794e+04    2.66685e+03   -1.51126e+04   -4.06311e+05    3.12620e+02
 Pressure (bar)
   -3.83075e+01

           Step           Time
       14600000    29200.00000

   Energies (kJ/mol)
           Bond       G96Angle  Improper Dih.        LJ (SR)   Coulomb (SR)
    6.63301e+01    2.70703e+01    1.02475e+01   -1.76459e+04   -1.33668e+02
      Potential    Kinetic En.   Total Energy  Conserved En.    Temperature
   -1.76759e+04    2.61967e+03   -1.50562e+04   -4.07292e+05    3.07089e+02
 Pressure (bar)
   -2.04903e+01

           Step           Time
       14650000    29300.00000

   Energies (kJ/mol)
           Bond       G96Angle  Improper Dih.        LJ (SR)   Coulomb (SR)
    6.43833e+01    3.28267e+01    3.00916e+01   -1.76874e+04   -1.75573e+02
      Potential    Kinetic En.   Total Energy  Conserved En.    Temperature
   -1.77357e+04    2.52580e+03   -1.52099e+04   -4.08885e+05    2.96086e+02
 Pressure (bar)
    1.27193e+02

           Step           Time
       14700000    29400.00000

   Energies (kJ/mol)
           Bond       G96Angle  Improper Dih.        LJ (SR)   Coulomb (SR)
    7.16492e+01    3.45314e+01    1.96502e+01   -1.77614e+04   -1.64970e+02
      Potential    Kinetic En.   Total Energy  Conserved En.    Temperature
   -1.78006e+04    2.63609e+03   -1.51645e+04   -4.10563e+05    3.09015e+02
 Pressure (bar)
   -5.97371e+01

           Step           Time
       14750000    29500.00000

   Energies (kJ/mol)
           Bond       G96Angle  Improper Dih.        LJ (SR)   Coulomb (SR)
    4.93993e+01    4.48855e+01    1.47450e+01   -1.77882e+04   -1.47308e+02
      Potential    Kinetic En.   Total Energy  Conserved En.    Temperature
   -1.78264e+04    2.59402e+03   -1.52324e+04   -4.11831e+05    3.04083e+02
 Pressure (bar)
   -1.58359e+02

           Step           Time
       14800000    29600.00000

   Energies (kJ/mol)
           Bond       G96Angle  Improper Dih.        LJ (SR)   Coulomb (SR)
    5.60373e+01    4.12854e+01    6.13062e+00   -1.75512e+04   -1.31741e+02
      Potential    Kinetic En.   Total Energy  Conserved En.    Temperature
   -1.75795e+04    2.77612e+03   -1.48034e+04   -4.12558e+05    3.25429e+02
 Pressure (bar)
    8.77789e+01

           Step           Time
       14850000    29700.00000

   Energies (kJ/mol)
           Bond       G96Angle  Improper Dih.        LJ (SR)   Coulomb (SR)
    5.69838e+01    4.19959e+01    2.70830e+01   -1.77173e+04   -1.18206e+02
      Potential    Kinetic En.   Total Energy  Conserved En.    Temperature
   -1.77095e+04    2.57451e+03   -1.51350e+04   -4.14130e+05    3.01796e+02
 Pressure (bar)
   -3.47447e+01

           Step           Time
       14900000    29800.00000

   Energies (kJ/mol)
           Bond       G96Angle  Improper Dih.        LJ (SR)   Coulomb (SR)
    3.03713e+01    3.43786e+01    2.11582e+01   -1.77137e+04   -1.30156e+02
      Potential    Kinetic En.   Total Energy  Conserved En.    Temperature
   -1.77580e+04    2.63747e+03   -1.51205e+04   -4.15593e+05    3.09176e+02
 Pressure (bar)
    5.75996e+01

           Step           Time
       14950000    29900.00000

   Energies (kJ/mol)
           Bond       G96Angle  Improper Dih.        LJ (SR)   Coulomb (SR)
    7.91990e+01    3.76487e+01    2.05031e+01   -1.75984e+04   -1.32664e+02
      Potential    Kinetic En.   Total Energy  Conserved En.    Temperature
   -1.75937e+04    2.43330e+03   -1.51604e+04   -4.17219e+05    2.85243e+02
 Pressure (bar)
   -9.13181e+01

           Step           Time
       15000000    30000.00000

   Energies (kJ/mol)
           Bond       G96Angle  Improper Dih.        LJ (SR)   Coulomb (SR)
    6.55342e+01    2.15574e+01    1.46219e+01   -1.74803e+04   -1.44253e+02
      Potential    Kinetic En.   Total Energy  Conserved En.    Temperature
   -1.75228e+04    2.59626e+03   -1.49265e+04   -4.18746e+05    3.04345e+02
 Pressure (bar)
   -7.87279e+01

           Step           Time
       15050000    30100.00000

   Energies (kJ/mol)
           Bond       G96Angle  Improper Dih.        LJ (SR)   Coulomb (SR)
    7.60765e+01    3.84074e+01    7.62235e+00   -1.76818e+04   -1.49121e+02
      Potential    Kinetic En.   Total Energy  Conserved En.    Temperature
   -1.77088e+04    2.53271e+03   -1.51761e+04   -4.20239e+05    2.96896e+02
 Pressure (bar)
   -2.07029e+02

           Step           Time
       15100000    30200.00000

   Energies (kJ/mol)
           Bond       G96Angle  Improper Dih.        LJ (SR)   Coulomb (SR)
    5.12537e+01    2.72431e+01    2.22590e+01   -1.79240e+04   -1.34919e+02
      Potential    Kinetic En.   Total Energy  Conserved En.    Temperature
   -1.79582e+04    2.47071e+03   -1.54875e+04   -4.21775e+05    2.89628e+02
 Pressure (bar)
    1.13305e+02

           Step           Time
       15150000    30300.00000

   Energies (kJ/mol)
           Bond       G96Angle  Improper Dih.        LJ (SR)   Coulomb (SR)
    6.42808e+01    4.45948e+01    2.02037e+01   -1.75955e+04   -1.14606e+02
      Potential    Kinetic En.   Total Energy  Conserved En.    Temperature
   -1.75810e+04    2.63467e+03   -1.49464e+04   -4.23331e+05    3.08848e+02
 Pressure (bar)
    3.28501e+02

           Step           Time
       15200000    30400.00000

   Energies (kJ/mol)
           Bond       G96Angle  Improper Dih.        LJ (SR)   Coulomb (SR)
    4.92411e+01    2.40675e+01    1.60935e+01   -1.74862e+04   -1.25602e+02
      Potential    Kinetic En.   Total Energy  Conserved En.    Temperature
   -1.75224e+04    2.53834e+03   -1.49840e+04   -4.24565e+05    2.97556e+02
 Pressure (bar)
   -8.79034e+00

           Step           Time
       15250000    30500.00000

   Energies (kJ/mol)
           Bond       G96Angle  Improper Dih.        LJ (SR)   Coulomb (SR)
    8.54613e+01    4.47569e+01    1.28848e+01   -1.76366e+04   -1.28701e+02
      Potential    Kinetic En.   Total Energy  Conserved En.    Temperature
   -1.76222e+04    2.67658e+03   -1.49456e+04   -4.26016e+05    3.13760e+02
 Pressure (bar)
   -4.26965e+00

           Step           Time
       15300000    30600.00000

   Energies (kJ/mol)
           Bond       G96Angle  Improper Dih.        LJ (SR)   Coulomb (SR)
    4.14752e+01    4.97818e+01    1.26457e+01   -1.75331e+04   -1.18626e+02
      Potential    Kinetic En.   Total Energy  Conserved En.    Temperature
   -1.75478e+04    2.76693e+03   -1.47808e+04   -4.27623e+05    3.24353e+02
 Pressure (bar)
   -1.24427e+02

           Step           Time
       15350000    30700.00000

   Energies (kJ/mol)
           Bond       G96Angle  Improper Dih.        LJ (SR)   Coulomb (SR)
    6.40393e+01    2.98621e+01    1.71875e+01   -1.77210e+04   -1.46572e+02
      Potential    Kinetic En.   Total Energy  Conserved En.    Temperature
   -1.77565e+04    2.69767e+03   -1.50588e+04   -4.28868e+05    3.16233e+02
 Pressure (bar)
    2.28055e+02

           Step           Time
       15400000    30800.00000

   Energies (kJ/mol)
           Bond       G96Angle  Improper Dih.        LJ (SR)   Coulomb (SR)
    4.96488e+01    3.37521e+01    1.61458e+01   -1.76212e+04   -1.29026e+02
      Potential    Kinetic En.   Total Energy  Conserved En.    Temperature
   -1.76507e+04    2.57525e+03   -1.50755e+04   -4.30549e+05    3.01882e+02
 Pressure (bar)
    1.28110e+02

           Step           Time
       15450000    30900.00000

   Energies (kJ/mol)
           Bond       G96Angle  Improper Dih.        LJ (SR)   Coulomb (SR)
    3.77566e+01    3.13572e+01    1.66481e+01   -1.76744e+04   -1.36095e+02
      Potential    Kinetic En.   Total Energy  Conserved En.    Temperature
   -1.77247e+04    2.62316e+03   -1.51016e+04   -4.32064e+05    3.07499e+02
 Pressure (bar)
   -6.03800e+01

           Step           Time
       15500000    31000.00000

   Energies (kJ/mol)
           Bond       G96Angle  Improper Dih.        LJ (SR)   Coulomb (SR)
    4.36836e+01    3.63224e+01    4.01037e+00   -1.79463e+04   -1.22972e+02
      Potential    Kinetic En.   Total Energy  Conserved En.    Temperature
   -1.79852e+04    2.45879e+03   -1.55265e+04   -4.33573e+05    2.88230e+02
 Pressure (bar)
    3.28862e+01

           Step           Time
       15550000    31100.00000

   Energies (kJ/mol)
           Bond       G96Angle  Improper Dih.        LJ (SR)   Coulomb (SR)
    5.72898e+01    4.18853e+01    1.67613e+01   -1.76192e+04   -1.29568e+02
      Potential    Kinetic En.   Total Energy  Conserved En.    Temperature
   -1.76329e+04    2.59584e+03   -1.50370e+04   -4.35143e+05    3.04296e+02
 Pressure (bar)
    8.45582e+01

           Step           Time
       15600000    31200.00000

   Energies (kJ/mol)
           Bond       G96Angle  Improper Dih.        LJ (SR)   Coulomb (SR)
    3.77262e+01    3.62781e+01    1.07846e+01   -1.76338e+04   -1.19044e+02
      Potential    Kinetic En.   Total Energy  Conserved En.    Temperature
   -1.76681e+04    2.60189e+03   -1.50662e+04   -4.36318e+05    3.05006e+02
 Pressure (bar)
   -1.53739e+02

           Step           Time
       15650000    31300.00000

   Energies (kJ/mol)
           Bond       G96Angle  Improper Dih.        LJ (SR)   Coulomb (SR)
    4.67192e+01    5.12870e+01    1.10634e+01   -1.76163e+04   -1.34675e+02
      Potential    Kinetic En.   Total Energy  Conserved En.    Temperature
   -1.76419e+04    2.67653e+03   -1.49654e+04   -4.38004e+05    3.13755e+02
 Pressure (bar)
   -4.22403e+01

           Step           Time
       15700000    31400.00000

   Energies (kJ/mol)
           Bond       G96Angle  Improper Dih.        LJ (SR)   Coulomb (SR)
    4.87643e+01    2.94029e+01    1.00452e+01   -1.75923e+04   -1.26922e+02
      Potential    Kinetic En.   Total Energy  Conserved En.    Temperature
   -1.76310e+04    2.66119e+03   -1.49698e+04   -4.39482e+05    3.11957e+02
 Pressure (bar)
    1.15652e+02

           Step           Time
       15750000    31500.00000

   Energies (kJ/mol)
           Bond       G96Angle  Improper Dih.        LJ (SR)   Coulomb (SR)
    7.18546e+01    4.30752e+01    1.85821e+01   -1.76719e+04   -1.41263e+02
      Potential    Kinetic En.   Total Energy  Conserved En.    Temperature
   -1.76797e+04    2.65253e+03   -1.50272e+04   -4.40991e+05    3.10942e+02
 Pressure (bar)
   -1.60644e+01

           Step           Time
       15800000    31600.00000

   Energies (kJ/mol)
           Bond       G96Angle  Improper Dih.        LJ (SR)   Coulomb (SR)
    4.90153e+01    3.45687e+01    1.20317e+01   -1.76844e+04   -1.48782e+02
      Potential    Kinetic En.   Total Energy  Conserved En.    Temperature
   -1.77376e+04    2.53459e+03   -1.52030e+04   -4.42196e+05    2.97117e+02
 Pressure (bar)
   -9.14525e+01

           Step           Time
       15850000    31700.00000

   Energies (kJ/mol)
           Bond       G96Angle  Improper Dih.        LJ (SR)   Coulomb (SR)
    5.27134e+01    3.55731e+01    7.90341e+00   -1.78204e+04   -1.35343e+02
      Potential    Kinetic En.   Total Energy  Conserved En.    Temperature
   -1.78595e+04    2.70457e+03   -1.51550e+04   -4.43603e+05    3.17042e+02
 Pressure (bar)
    6.47406e+01

           Step           Time
       15900000    31800.00000

   Energies (kJ/mol)
           Bond       G96Angle  Improper Dih.        LJ (SR)   Coulomb (SR)
    7.42319e+01    4.71749e+01    1.19766e+01   -1.77832e+04   -1.33814e+02
      Potential    Kinetic En.   Total Energy  Conserved En.    Temperature
   -1.77837e+04    2.68346e+03   -1.51002e+04   -4.45179e+05    3.14567e+02
 Pressure (bar)
   -8.36137e+01

           Step           Time
       15950000    31900.00000

   Energies (kJ/mol)
           Bond       G96Angle  Improper Dih.        LJ (SR)   Coulomb (SR)
    5.38385e+01    2.60314e+01    1.92348e+01   -1.76869e+04   -1.30588e+02
      Potential    Kinetic En.   Total Energy  Conserved En.    Temperature
   -1.77184e+04    2.67521e+03   -1.50432e+04   -4.46727e+05    3.13601e+02
 Pressure (bar)
    1.10790e+02

           Step           Time
       16000000    32000.00000

   Energies (kJ/mol)
           Bond       G96Angle  Improper Dih.        LJ (SR)   Coulomb (SR)
    3.68082e+01    2.63590e+01    5.15972e+00   -1.76749e+04   -1.22027e+02
      Potential    Kinetic En.   Total Energy  Conserved En.    Temperature
   -1.77286e+04    2.60035e+03   -1.51282e+04   -4.48361e+05    3.04825e+02
 Pressure (bar)
   -1.80854e+02

           Step           Time
       16050000    32100.00000

   Energies (kJ/mol)
           Bond       G96Angle  Improper Dih.        LJ (SR)   Coulomb (SR)
    6.69070e+01    3.38963e+01    1.66441e+01   -1.76946e+04   -1.37775e+02
      Potential    Kinetic En.   Total Energy  Conserved En.    Temperature
   -1.77149e+04    2.60776e+03   -1.51071e+04   -4.49996e+05    3.05693e+02
 Pressure (bar)
   -2.67492e+00

           Step           Time
       16100000    32200.00000

   Energies (kJ/mol)
           Bond       G96Angle  Improper Dih.        LJ (SR)   Coulomb (SR)
    6.53729e+01    2.62562e+01    2.16348e+01   -1.79045e+04   -1.34415e+02
      Potential    Kinetic En.   Total Energy  Conserved En.    Temperature
   -1.79257e+04    2.59681e+03   -1.53289e+04   -4.51500e+05    3.04410e+02
 Pressure (bar)
    4.42222e+01

Large VCM(group glycoprotein):     -0.25836,      0.08064,     -0.09049, Temp-cm:  1.46923e+00
           Step           Time
       16150000    32300.00000

   Energies (kJ/mol)
           Bond       G96Angle  Improper Dih.        LJ (SR)   Coulomb (SR)
    3.65582e+01    4.22710e+01    1.51947e+01   -1.76360e+04   -1.27909e+02
      Potential    Kinetic En.   Total Energy  Conserved En.    Temperature
   -1.76699e+04    2.81596e+03   -1.48539e+04   -4.32861e+05    3.30099e+02
 Pressure (bar)
    1.37181e+02

           Step           Time
       16200000    32400.00000

   Energies (kJ/mol)
           Bond       G96Angle  Improper Dih.        LJ (SR)   Coulomb (SR)
    5.95237e+01    4.70360e+01    1.86255e+01   -1.75888e+04   -1.27882e+02
      Potential    Kinetic En.   Total Energy  Conserved En.    Temperature
   -1.75915e+04    2.81399e+03   -1.47775e+04   -4.34357e+05    3.29868e+02
 Pressure (bar)
   -4.63228e-01

           Step           Time
       16250000    32500.00000

   Energies (kJ/mol)
           Bond       G96Angle  Improper Dih.        LJ (SR)   Coulomb (SR)
    5.83382e+01    3.73948e+01    1.02193e+01   -1.76969e+04   -1.44504e+02
      Potential    Kinetic En.   Total Energy  Conserved En.    Temperature
   -1.77354e+04    2.65749e+03   -1.50779e+04   -4.35863e+05    3.11524e+02
 Pressure (bar)
   -1.30191e+01

           Step           Time
       16300000    32600.00000

   Energies (kJ/mol)
           Bond       G96Angle  Improper Dih.        LJ (SR)   Coulomb (SR)
    5.18373e+01    3.78148e+01    1.83673e+01   -1.77561e+04   -1.26642e+02
      Potential    Kinetic En.   Total Energy  Conserved En.    Temperature
   -1.77747e+04    2.69880e+03   -1.50759e+04   -4.37405e+05    3.16366e+02
 Pressure (bar)
    1.58233e+02

           Step           Time
       16350000    32700.00000

   Energies (kJ/mol)
           Bond       G96Angle  Improper Dih.        LJ (SR)   Coulomb (SR)
    3.93181e+01    5.30156e+01    2.57049e+01   -1.78063e+04   -1.41080e+02
      Potential    Kinetic En.   Total Energy  Conserved En.    Temperature
   -1.78294e+04    2.73466e+03   -1.50947e+04   -4.38894e+05    3.20570e+02
 Pressure (bar)
    4.67092e+00

           Step           Time
       16400000    32800.00000

   Energies (kJ/mol)
           Bond       G96Angle  Improper Dih.        LJ (SR)   Coulomb (SR)
    4.70174e+01    5.19982e+01    2.27895e+01   -1.77982e+04   -1.34915e+02
      Potential    Kinetic En.   Total Energy  Conserved En.    Temperature
   -1.78113e+04    2.63154e+03   -1.51798e+04   -4.40542e+05    3.08481e+02
 Pressure (bar)
   -1.06344e+02

           Step           Time
       16450000    32900.00000

   Energies (kJ/mol)
           Bond       G96Angle  Improper Dih.        LJ (SR)   Coulomb (SR)
    6.77669e+01    5.11175e+01    1.79201e+01   -1.75036e+04   -1.29010e+02
      Potential    Kinetic En.   Total Energy  Conserved En.    Temperature
   -1.74958e+04    2.68419e+03   -1.48116e+04   -4.42048e+05    3.14653e+02
 Pressure (bar)
   -1.39809e+02

           Step           Time
       16500000    33000.00000

   Energies (kJ/mol)
           Bond       G96Angle  Improper Dih.        LJ (SR)   Coulomb (SR)
    5.53303e+01    2.82723e+01    1.19819e+01   -1.77180e+04   -1.29121e+02
      Potential    Kinetic En.   Total Energy  Conserved En.    Temperature
   -1.77515e+04    2.58734e+03   -1.51642e+04   -4.43645e+05    3.03299e+02
 Pressure (bar)
    7.74630e+01

           Step           Time
       16550000    33100.00000

   Energies (kJ/mol)
           Bond       G96Angle  Improper Dih.        LJ (SR)   Coulomb (SR)
    6.75993e+01    3.49603e+01    1.40967e+01   -1.78254e+04   -1.36298e+02
      Potential    Kinetic En.   Total Energy  Conserved En.    Temperature
   -1.78451e+04    2.68442e+03   -1.51606e+04   -4.45355e+05    3.14680e+02
 Pressure (bar)
   -2.58525e+01

           Step           Time
       16600000    33200.00000

   Energies (kJ/mol)
           Bond       G96Angle  Improper Dih.        LJ (SR)   Coulomb (SR)
    6.16245e+01    3.77463e+01    1.79566e+01   -1.79963e+04   -1.22922e+02
      Potential    Kinetic En.   Total Energy  Conserved En.    Temperature
   -1.80019e+04    2.60801e+03   -1.53939e+04   -4.46949e+05    3.05722e+02
 Pressure (bar)
    3.65826e+01

           Step           Time
       16650000    33300.00000

   Energies (kJ/mol)
           Bond       G96Angle  Improper Dih.        LJ (SR)   Coulomb (SR)
    7.05449e+01    5.08753e+01    4.63021e+00   -1.76175e+04   -1.53894e+02
      Potential    Kinetic En.   Total Energy  Conserved En.    Temperature
   -1.76453e+04    2.60465e+03   -1.50407e+04   -4.48589e+05    3.05328e+02
 Pressure (bar)
    9.57647e+01

           Step           Time
       16700000    33400.00000

   Energies (kJ/mol)
           Bond       G96Angle  Improper Dih.        LJ (SR)   Coulomb (SR)
    6.06940e+01    4.74896e+01    2.34563e+01   -1.77828e+04   -1.37410e+02
      Potential    Kinetic En.   Total Energy  Conserved En.    Temperature
   -1.77886e+04    2.60585e+03   -1.51827e+04   -4.50123e+05    3.05469e+02
 Pressure (bar)
    1.30632e+02

           Step           Time
       16750000    33500.00000

   Energies (kJ/mol)
           Bond       G96Angle  Improper Dih.        LJ (SR)   Coulomb (SR)
    4.04964e+01    4.31321e+01    6.96849e+00   -1.78324e+04   -1.46610e+02
      Potential    Kinetic En.   Total Energy  Conserved En.    Temperature
   -1.78884e+04    2.68365e+03   -1.52048e+04   -4.51691e+05    3.14590e+02
 Pressure (bar)
   -4.82341e+01

           Step           Time
       16800000    33600.00000

   Energies (kJ/mol)
           Bond       G96Angle  Improper Dih.        LJ (SR)   Coulomb (SR)
    4.55190e+01    3.45053e+01    2.23788e+01   -1.76054e+04   -1.36168e+02
      Potential    Kinetic En.   Total Energy  Conserved En.    Temperature
   -1.76392e+04    2.59089e+03   -1.50483e+04   -4.53276e+05    3.03716e+02
 Pressure (bar)
   -1.31055e+02

           Step           Time
       16850000    33700.00000

   Energies (kJ/mol)
           Bond       G96Angle  Improper Dih.        LJ (SR)   Coulomb (SR)
    3.47334e+01    4.58297e+01    1.47629e+01   -1.76069e+04   -1.17413e+02
      Potential    Kinetic En.   Total Energy  Conserved En.    Temperature
   -1.76290e+04    2.74839e+03   -1.48806e+04   -4.54804e+05    3.22179e+02
 Pressure (bar)
    6.09744e+01

           Step           Time
       16900000    33800.00000

   Energies (kJ/mol)
           Bond       G96Angle  Improper Dih.        LJ (SR)   Coulomb (SR)
    3.81876e+01    2.92975e+01    1.27705e+01   -1.76511e+04   -1.14601e+02
      Potential    Kinetic En.   Total Energy  Conserved En.    Temperature
   -1.76854e+04    2.74393e+03   -1.49415e+04   -4.56378e+05    3.21656e+02
 Pressure (bar)
   -1.11991e+02

           Step           Time
       16950000    33900.00000

   Energies (kJ/mol)
           Bond       G96Angle  Improper Dih.        LJ (SR)   Coulomb (SR)
    4.62802e+01    3.17981e+01    1.89007e+01   -1.76633e+04   -1.19364e+02
      Potential    Kinetic En.   Total Energy  Conserved En.    Temperature
   -1.76857e+04    2.67185e+03   -1.50138e+04   -4.57997e+05    3.13207e+02
 Pressure (bar)
    2.92091e+01

           Step           Time
       17000000    34000.00000

   Energies (kJ/mol)
           Bond       G96Angle  Improper Dih.        LJ (SR)   Coulomb (SR)
    7.67843e+01    2.87410e+01    1.05169e+01   -1.79415e+04   -1.24349e+02
      Potential    Kinetic En.   Total Energy  Conserved En.    Temperature
   -1.79498e+04    2.61113e+03   -1.53386e+04   -4.59485e+05    3.06089e+02
 Pressure (bar)
   -1.53972e+02

           Step           Time
       17050000    34100.00000

   Energies (kJ/mol)
           Bond       G96Angle  Improper Dih.        LJ (SR)   Coulomb (SR)
    5.37325e+01    2.52660e+01    1.03627e+01   -1.75037e+04   -1.33624e+02
      Potential    Kinetic En.   Total Energy  Conserved En.    Temperature
   -1.75479e+04    2.57712e+03   -1.49708e+04   -4.61123e+05    3.02102e+02
 Pressure (bar)
   -1.53383e+01

           Step           Time
       17100000    34200.00000

   Energies (kJ/mol)
           Bond       G96Angle  Improper Dih.        LJ (SR)   Coulomb (SR)
    7.16789e+01    5.39332e+01    2.09699e+01   -1.74179e+04   -1.67492e+02
      Potential    Kinetic En.   Total Energy  Conserved En.    Temperature
   -1.74388e+04    2.47189e+03   -1.49669e+04   -4.62707e+05    2.89766e+02
 Pressure (bar)
    1.81364e+01

           Step           Time
       17150000    34300.00000

   Energies (kJ/mol)
           Bond       G96Angle  Improper Dih.        LJ (SR)   Coulomb (SR)
    5.57517e+01    4.26174e+01    1.62718e+01   -1.76303e+04   -1.36766e+02
      Potential    Kinetic En.   Total Energy  Conserved En.    Temperature
   -1.76525e+04    2.68179e+03   -1.49707e+04   -4.63765e+05    3.14372e+02
 Pressure (bar)
   -4.34441e+01

           Step           Time
       17200000    34400.00000

   Energies (kJ/mol)
           Bond       G96Angle  Improper Dih.        LJ (SR)   Coulomb (SR)
    5.30557e+01    3.02638e+01    1.60702e+01   -1.78180e+04   -1.29489e+02
      Potential    Kinetic En.   Total Energy  Conserved En.    Temperature
   -1.78481e+04    2.59527e+03   -1.52528e+04   -4.65281e+05    3.04229e+02
 Pressure (bar)
   -4.92342e+01

           Step           Time
       17250000    34500.00000

   Energies (kJ/mol)
           Bond       G96Angle  Improper Dih.        LJ (SR)   Coulomb (SR)
    5.29737e+01    3.67095e+01    7.24197e+00   -1.78145e+04   -1.22205e+02
      Potential    Kinetic En.   Total Energy  Conserved En.    Temperature
   -1.78397e+04    2.66045e+03   -1.51793e+04   -4.66776e+05    3.11870e+02
 Pressure (bar)
   -1.04456e+02

           Step           Time
       17300000    34600.00000

   Energies (kJ/mol)
           Bond       G96Angle  Improper Dih.        LJ (SR)   Coulomb (SR)
    7.33058e+01    2.86443e+01    2.11809e+01   -1.78484e+04   -1.24352e+02
      Potential    Kinetic En.   Total Energy  Conserved En.    Temperature
   -1.78497e+04    2.75162e+03   -1.50980e+04   -4.67839e+05    3.22557e+02
 Pressure (bar)
    2.00195e+00

           Step           Time
       17350000    34700.00000

   Energies (kJ/mol)
           Bond       G96Angle  Improper Dih.        LJ (SR)   Coulomb (SR)
    5.62285e+01    3.40803e+01    6.82088e+00   -1.77515e+04   -1.15987e+02
      Potential    Kinetic En.   Total Energy  Conserved En.    Temperature
   -1.77703e+04    2.57277e+03   -1.51975e+04   -4.69275e+05    3.01592e+02
 Pressure (bar)
   -1.24353e+02

           Step           Time
       17400000    34800.00000

   Energies (kJ/mol)
           Bond       G96Angle  Improper Dih.        LJ (SR)   Coulomb (SR)
    5.23393e+01    4.89123e+01    7.22923e+00   -1.79312e+04   -1.15868e+02
      Potential    Kinetic En.   Total Energy  Conserved En.    Temperature
   -1.79386e+04    2.75473e+03   -1.51838e+04   -4.70519e+05    3.22921e+02
 Pressure (bar)
    1.38077e+02

           Step           Time
       17450000    34900.00000

   Energies (kJ/mol)
           Bond       G96Angle  Improper Dih.        LJ (SR)   Coulomb (SR)
    5.30189e+01    4.21668e+01    1.63944e+01   -1.76664e+04   -1.13197e+02
      Potential    Kinetic En.   Total Energy  Conserved En.    Temperature
   -1.76681e+04    2.68086e+03   -1.49872e+04   -4.72206e+05    3.14262e+02
 Pressure (bar)
    1.31415e+02

           Step           Time
       17500000    35000.00000

   Energies (kJ/mol)
           Bond       G96Angle  Improper Dih.        LJ (SR)   Coulomb (SR)
    4.33650e+01    2.90402e+01    1.49297e+01   -1.78472e+04   -1.26937e+02
      Potential    Kinetic En.   Total Energy  Conserved En.    Temperature
   -1.78868e+04    2.55214e+03   -1.53347e+04   -4.73732e+05    2.99174e+02
 Pressure (bar)
    1.17891e+02

           Step           Time
       17550000    35100.00000

   Energies (kJ/mol)
           Bond       G96Angle  Improper Dih.        LJ (SR)   Coulomb (SR)
    7.17268e+01    3.87037e+01    7.78905e+00   -1.80463e+04   -1.18987e+02
      Potential    Kinetic En.   Total Energy  Conserved En.    Temperature
   -1.80471e+04    2.68447e+03   -1.53626e+04   -4.75157e+05    3.14686e+02
 Pressure (bar)
    1.83005e+02

           Step           Time
       17600000    35200.00000

   Energies (kJ/mol)
           Bond       G96Angle  Improper Dih.        LJ (SR)   Coulomb (SR)
    7.09533e+01    4.50155e+01    8.47716e+00   -1.75790e+04   -1.09879e+02
      Potential    Kinetic En.   Total Energy  Conserved En.    Temperature
   -1.75644e+04    2.64370e+03   -1.49207e+04   -4.76527e+05    3.09906e+02
 Pressure (bar)
   -7.85322e+01

           Step           Time
       17650000    35300.00000

   Energies (kJ/mol)
           Bond       G96Angle  Improper Dih.        LJ (SR)   Coulomb (SR)
    6.26073e+01    4.22720e+01    2.08418e+01   -1.77714e+04   -1.29266e+02
      Potential    Kinetic En.   Total Energy  Conserved En.    Temperature
   -1.77749e+04    2.81409e+03   -1.49608e+04   -4.78075e+05    3.29881e+02
 Pressure (bar)
    1.27924e+02

           Step           Time
       17700000    35400.00000

   Energies (kJ/mol)
           Bond       G96Angle  Improper Dih.        LJ (SR)   Coulomb (SR)
    5.86361e+01    3.42951e+01    7.04124e+00   -1.75523e+04   -1.20005e+02
      Potential    Kinetic En.   Total Energy  Conserved En.    Temperature
   -1.75723e+04    2.63662e+03   -1.49357e+04   -4.79661e+05    3.09076e+02
 Pressure (bar)
    1.47252e+02

           Step           Time
       17750000    35500.00000

   Energies (kJ/mol)
           Bond       G96Angle  Improper Dih.        LJ (SR)   Coulomb (SR)
    8.13137e+01    3.82953e+01    1.36277e+01   -1.78409e+04   -1.30733e+02
      Potential    Kinetic En.   Total Energy  Conserved En.    Temperature
   -1.78384e+04    2.58494e+03   -1.52535e+04   -4.81301e+05    3.03018e+02
 Pressure (bar)
    1.01560e+02

           Step           Time
       17800000    35600.00000

   Energies (kJ/mol)
           Bond       G96Angle  Improper Dih.        LJ (SR)   Coulomb (SR)
    7.99804e+01    2.88254e+01    1.86043e+01   -1.77940e+04   -1.30583e+02
      Potential    Kinetic En.   Total Energy  Conserved En.    Temperature
   -1.77972e+04    2.62755e+03   -1.51697e+04   -4.82880e+05    3.08014e+02
 Pressure (bar)
    1.23900e+02

           Step           Time
       17850000    35700.00000

   Energies (kJ/mol)
           Bond       G96Angle  Improper Dih.        LJ (SR)   Coulomb (SR)
    5.91377e+01    2.90908e+01    1.31697e+01   -1.77122e+04   -1.37839e+02
      Potential    Kinetic En.   Total Energy  Conserved En.    Temperature
   -1.77486e+04    2.54999e+03   -1.51986e+04   -4.84357e+05    2.98922e+02
 Pressure (bar)
    6.26556e+01

           Step           Time
       17900000    35800.00000

   Energies (kJ/mol)
           Bond       G96Angle  Improper Dih.        LJ (SR)   Coulomb (SR)
    7.40645e+01    4.51359e+01    9.97882e+00   -1.77889e+04   -1.25299e+02
      Potential    Kinetic En.   Total Energy  Conserved En.    Temperature
   -1.77850e+04    2.63336e+03   -1.51517e+04   -4.85920e+05    3.08694e+02
 Pressure (bar)
   -7.21096e+01

           Step           Time
       17950000    35900.00000

   Energies (kJ/mol)
           Bond       G96Angle  Improper Dih.        LJ (SR)   Coulomb (SR)
    4.87097e+01    5.93420e+01    7.22847e+00   -1.79073e+04   -1.29943e+02
      Potential    Kinetic En.   Total Energy  Conserved En.    Temperature
   -1.79220e+04    2.45743e+03   -1.54646e+04   -4.87153e+05    2.88071e+02
 Pressure (bar)
    2.71673e+01

           Step           Time
       18000000    36000.00000

   Energies (kJ/mol)
           Bond       G96Angle  Improper Dih.        LJ (SR)   Coulomb (SR)
    4.29626e+01    3.49157e+01    1.36203e+01   -1.78207e+04   -1.41626e+02
      Potential    Kinetic En.   Total Energy  Conserved En.    Temperature
   -1.78708e+04    2.65025e+03   -1.52206e+04   -4.88799e+05    3.10674e+02
 Pressure (bar)
    1.23523e+02

           Step           Time
       18050000    36100.00000

   Energies (kJ/mol)
           Bond       G96Angle  Improper Dih.        LJ (SR)   Coulomb (SR)
    6.81026e+01    3.44963e+01    8.32888e+00   -1.75408e+04   -1.44047e+02
      Potential    Kinetic En.   Total Energy  Conserved En.    Temperature
   -1.75740e+04    2.44321e+03   -1.51307e+04   -4.90264e+05    2.86404e+02
 Pressure (bar)
    1.02660e+02

           Step           Time
       18100000    36200.00000

   Energies (kJ/mol)
           Bond       G96Angle  Improper Dih.        LJ (SR)   Coulomb (SR)
    4.41470e+01    3.77587e+01    1.83774e+01   -1.76389e+04   -1.22303e+02
      Potential    Kinetic En.   Total Energy  Conserved En.    Temperature
   -1.76609e+04    2.60224e+03   -1.50586e+04   -4.91967e+05    3.05046e+02
 Pressure (bar)
   -1.08647e+02

           Step           Time
       18150000    36300.00000

   Energies (kJ/mol)
           Bond       G96Angle  Improper Dih.        LJ (SR)   Coulomb (SR)
    5.34006e+01    5.55220e+01    1.47889e+01   -1.78475e+04   -1.13682e+02
      Potential    Kinetic En.   Total Energy  Conserved En.    Temperature
   -1.78375e+04    2.57312e+03   -1.52644e+04   -4.93517e+05    3.01633e+02
 Pressure (bar)
   -7.85266e+01

           Step           Time
       18200000    36400.00000

   Energies (kJ/mol)
           Bond       G96Angle  Improper Dih.        LJ (SR)   Coulomb (SR)
    4.82538e+01    3.74912e+01    1.24648e+01   -1.77257e+04   -1.38613e+02
      Potential    Kinetic En.   Total Energy  Conserved En.    Temperature
   -1.77661e+04    2.66690e+03   -1.50992e+04   -4.94720e+05    3.12626e+02
 Pressure (bar)
   -1.84310e+02

           Step           Time
       18250000    36500.00000

   Energies (kJ/mol)
           Bond       G96Angle  Improper Dih.        LJ (SR)   Coulomb (SR)
    5.12504e+01    5.95953e+01    1.44615e+01   -1.76453e+04   -1.14964e+02
      Potential    Kinetic En.   Total Energy  Conserved En.    Temperature
   -1.76349e+04    2.75839e+03   -1.48765e+04   -4.96238e+05    3.23351e+02
 Pressure (bar)
   -2.03719e+01

           Step           Time
       18300000    36600.00000

   Energies (kJ/mol)
           Bond       G96Angle  Improper Dih.        LJ (SR)   Coulomb (SR)
    5.80722e+01    4.39413e+01    1.32506e+01   -1.78528e+04   -1.33515e+02
      Potential    Kinetic En.   Total Energy  Conserved En.    Temperature
   -1.78711e+04    2.53323e+03   -1.53378e+04   -4.97744e+05    2.96956e+02
 Pressure (bar)
   -1.43067e+02

           Step           Time
       18350000    36700.00000

   Energies (kJ/mol)
           Bond       G96Angle  Improper Dih.        LJ (SR)   Coulomb (SR)
    5.97268e+01    3.04406e+01    1.24461e+01   -1.76646e+04   -1.26061e+02
      Potential    Kinetic En.   Total Energy  Conserved En.    Temperature
   -1.76880e+04    2.61582e+03   -1.50722e+04   -4.99255e+05    3.06638e+02
 Pressure (bar)
    7.56815e+01

           Step           Time
       18400000    36800.00000

   Energies (kJ/mol)
           Bond       G96Angle  Improper Dih.        LJ (SR)   Coulomb (SR)
    5.26421e+01    2.43539e+01    1.23494e+01   -1.75886e+04   -1.17397e+02
      Potential    Kinetic En.   Total Energy  Conserved En.    Temperature
   -1.76167e+04    2.54712e+03   -1.50696e+04   -5.00744e+05    2.98585e+02
 Pressure (bar)
   -5.45364e+01

           Step           Time
       18450000    36900.00000

   Energies (kJ/mol)
           Bond       G96Angle  Improper Dih.        LJ (SR)   Coulomb (SR)
    6.54210e+01    3.00537e+01    9.48470e+00   -1.77333e+04   -1.14177e+02
      Potential    Kinetic En.   Total Energy  Conserved En.    Temperature
   -1.77425e+04    2.74743e+03   -1.49951e+04   -5.02181e+05    3.22066e+02
 Pressure (bar)
   -2.10132e+02

           Step           Time
       18500000    37000.00000

   Energies (kJ/mol)
           Bond       G96Angle  Improper Dih.        LJ (SR)   Coulomb (SR)
    5.71666e+01    3.71192e+01    4.52748e+00   -1.77367e+04   -1.27751e+02
      Potential    Kinetic En.   Total Energy  Conserved En.    Temperature
   -1.77657e+04    2.84894e+03   -1.49167e+04   -5.03717e+05    3.33966e+02
 Pressure (bar)
    1.71005e+02

           Step           Time
       18550000    37100.00000

   Energies (kJ/mol)
           Bond       G96Angle  Improper Dih.        LJ (SR)   Coulomb (SR)
    4.81900e+01    4.35275e+01    1.11158e+01   -1.77485e+04   -1.28188e+02
      Potential    Kinetic En.   Total Energy  Conserved En.    Temperature
   -1.77739e+04    2.56834e+03   -1.52055e+04   -5.05248e+05    3.01072e+02
 Pressure (bar)
   -6.74356e+00

           Step           Time
       18600000    37200.00000

   Energies (kJ/mol)
           Bond       G96Angle  Improper Dih.        LJ (SR)   Coulomb (SR)
    5.55946e+01    4.53088e+01    1.91939e+01   -1.76044e+04   -1.19544e+02
      Potential    Kinetic En.   Total Energy  Conserved En.    Temperature
   -1.76038e+04    2.74393e+03   -1.48599e+04   -5.06304e+05    3.21656e+02
 Pressure (bar)
   -2.13024e+02

           Step           Time
       18650000    37300.00000

   Energies (kJ/mol)
           Bond       G96Angle  Improper Dih.        LJ (SR)   Coulomb (SR)
    5.78187e+01    3.89265e+01    1.24852e+01   -1.78491e+04   -1.31413e+02
      Potential    Kinetic En.   Total Energy  Conserved En.    Temperature
   -1.78713e+04    2.58792e+03   -1.52834e+04   -5.07825e+05    3.03367e+02
 Pressure (bar)
    2.03833e+02

           Step           Time
       18700000    37400.00000

   Energies (kJ/mol)
           Bond       G96Angle  Improper Dih.        LJ (SR)   Coulomb (SR)
    5.74029e+01    3.32124e+01    1.24539e+01   -1.77340e+04   -1.47889e+02
      Potential    Kinetic En.   Total Energy  Conserved En.    Temperature
   -1.77788e+04    2.59233e+03   -1.51865e+04   -5.09384e+05    3.03885e+02
 Pressure (bar)
   -5.90055e+01

           Step           Time
       18750000    37500.00000

   Energies (kJ/mol)
           Bond       G96Angle  Improper Dih.        LJ (SR)   Coulomb (SR)
    7.05680e+01    4.17920e+01    1.35508e+01   -1.77511e+04   -1.31362e+02
      Potential    Kinetic En.   Total Energy  Conserved En.    Temperature
   -1.77566e+04    2.65524e+03   -1.51013e+04   -5.10992e+05    3.11260e+02
 Pressure (bar)
    9.48078e+01

           Step           Time
       18800000    37600.00000

   Energies (kJ/mol)
           Bond       G96Angle  Improper Dih.        LJ (SR)   Coulomb (SR)
    5.20880e+01    2.58978e+01    6.81121e+00   -1.76092e+04   -1.38132e+02
      Potential    Kinetic En.   Total Energy  Conserved En.    Temperature
   -1.76625e+04    2.73474e+03   -1.49278e+04   -5.12644e+05    3.20579e+02
 Pressure (bar)
   -2.26408e+01

           Step           Time
       18850000    37700.00000

   Energies (kJ/mol)
           Bond       G96Angle  Improper Dih.        LJ (SR)   Coulomb (SR)
    5.32874e+01    2.95731e+01    7.31617e+00   -1.78255e+04   -1.34645e+02
      Potential    Kinetic En.   Total Energy  Conserved En.    Temperature
   -1.78699e+04    2.61788e+03   -1.52520e+04   -5.14279e+05    3.06880e+02
 Pressure (bar)
    5.73763e+01

           Step           Time
       18900000    37800.00000

   Energies (kJ/mol)
           Bond       G96Angle  Improper Dih.        LJ (SR)   Coulomb (SR)
    6.18848e+01    2.73447e+01    1.95236e+01   -1.78459e+04   -1.16052e+02
      Potential    Kinetic En.   Total Energy  Conserved En.    Temperature
   -1.78532e+04    2.71413e+03   -1.51391e+04   -5.15769e+05    3.18163e+02
 Pressure (bar)
    5.93907e+01

           Step           Time
       18950000    37900.00000

   Energies (kJ/mol)
           Bond       G96Angle  Improper Dih.        LJ (SR)   Coulomb (SR)
    2.72790e+01    5.35068e+01    1.53811e+01   -1.77394e+04   -1.28505e+02
      Potential    Kinetic En.   Total Energy  Conserved En.    Temperature
   -1.77718e+04    2.72344e+03   -1.50483e+04   -5.17262e+05    3.19254e+02
 Pressure (bar)
   -1.26592e+02

           Step           Time
       19000000    38000.00000

   Energies (kJ/mol)
           Bond       G96Angle  Improper Dih.        LJ (SR)   Coulomb (SR)
    6.28372e+01    2.24260e+01    4.16070e+00   -1.76660e+04   -1.28343e+02
      Potential    Kinetic En.   Total Energy  Conserved En.    Temperature
   -1.77050e+04    2.57621e+03   -1.51287e+04   -5.18850e+05    3.01995e+02
 Pressure (bar)
    1.98374e+01

           Step           Time
       19050000    38100.00000

   Energies (kJ/mol)
           Bond       G96Angle  Improper Dih.        LJ (SR)   Coulomb (SR)
    4.92115e+01    2.43602e+01    1.38820e+01   -1.76040e+04   -1.24315e+02
      Potential    Kinetic En.   Total Energy  Conserved En.    Temperature
   -1.76409e+04    2.56788e+03   -1.50730e+04   -5.20469e+05    3.01018e+02
 Pressure (bar)
   -2.99204e+01

           Step           Time
       19100000    38200.00000

   Energies (kJ/mol)
           Bond       G96Angle  Improper Dih.        LJ (SR)   Coulomb (SR)
    4.31555e+01    3.22129e+01    1.71467e+01   -1.77906e+04   -1.10775e+02
      Potential    Kinetic En.   Total Energy  Conserved En.    Temperature
   -1.78089e+04    2.58652e+03   -1.52224e+04   -5.22014e+05    3.03203e+02
 Pressure (bar)
   -1.36326e+01

           Step           Time
       19150000    38300.00000

   Energies (kJ/mol)
           Bond       G96Angle  Improper Dih.        LJ (SR)   Coulomb (SR)
    5.16559e+01    4.65427e+01    1.34417e+01   -1.78182e+04   -1.29358e+02
      Potential    Kinetic En.   Total Energy  Conserved En.    Temperature
   -1.78359e+04    2.59028e+03   -1.52456e+04   -5.23236e+05    3.03644e+02
 Pressure (bar)
   -1.40118e+02

           Step           Time
       19200000    38400.00000

   Energies (kJ/mol)
           Bond       G96Angle  Improper Dih.        LJ (SR)   Coulomb (SR)
    4.64440e+01    3.95836e+01    9.10148e+00   -1.76643e+04   -9.46398e+01
      Potential    Kinetic En.   Total Energy  Conserved En.    Temperature
   -1.76638e+04    2.61031e+03   -1.50535e+04   -5.24242e+05    3.05992e+02
 Pressure (bar)
   -7.85637e+01

           Step           Time
       19250000    38500.00000

   Energies (kJ/mol)
           Bond       G96Angle  Improper Dih.        LJ (SR)   Coulomb (SR)
    6.07877e+01    1.84024e+01    9.41299e+00   -1.75376e+04   -1.09281e+02
      Potential    Kinetic En.   Total Energy  Conserved En.    Temperature
   -1.75583e+04    2.60454e+03   -1.49538e+04   -5.25843e+05    3.05316e+02
 Pressure (bar)
    4.27314e+01

           Step           Time
       19300000    38600.00000

   Energies (kJ/mol)
           Bond       G96Angle  Improper Dih.        LJ (SR)   Coulomb (SR)
    4.04706e+01    4.45833e+01    2.05493e+01   -1.73841e+04   -1.33800e+02
      Potential    Kinetic En.   Total Energy  Conserved En.    Temperature
   -1.74123e+04    2.64273e+03   -1.47696e+04   -5.27375e+05    3.09793e+02
 Pressure (bar)
    7.89814e+00

           Step           Time
       19350000    38700.00000

   Energies (kJ/mol)
           Bond       G96Angle  Improper Dih.        LJ (SR)   Coulomb (SR)
    4.79301e+01    6.09862e+01    8.40034e+00   -1.77591e+04   -1.27151e+02
      Potential    Kinetic En.   Total Energy  Conserved En.    Temperature
   -1.77689e+04    2.69051e+03   -1.50784e+04   -5.28963e+05    3.15394e+02
 Pressure (bar)
   -5.19037e+01

           Step           Time
       19400000    38800.00000

   Energies (kJ/mol)
           Bond       G96Angle  Improper Dih.        LJ (SR)   Coulomb (SR)
    4.75079e+01    2.29297e+01    9.55437e+00   -1.79856e+04   -1.20523e+02
      Potential    Kinetic En.   Total Energy  Conserved En.    Temperature
   -1.80261e+04    2.63107e+03   -1.53950e+04   -5.30419e+05    3.08426e+02
 Pressure (bar)
    6.99938e+01

           Step           Time
       19450000    38900.00000

   Energies (kJ/mol)
           Bond       G96Angle  Improper Dih.        LJ (SR)   Coulomb (SR)
    4.54973e+01    3.76077e+01    6.33670e+00   -1.76891e+04   -1.37596e+02
      Potential    Kinetic En.   Total Energy  Conserved En.    Temperature
   -1.77373e+04    2.62179e+03   -1.51155e+04   -5.31925e+05    3.07338e+02
 Pressure (bar)
    5.13102e+01

           Step           Time
       19500000    39000.00000

   Energies (kJ/mol)
           Bond       G96Angle  Improper Dih.        LJ (SR)   Coulomb (SR)
    4.39571e+01    5.15670e+01    1.32870e+01   -1.77831e+04   -1.13666e+02
      Potential    Kinetic En.   Total Energy  Conserved En.    Temperature
   -1.77879e+04    2.46784e+03   -1.53201e+04   -5.33420e+05    2.89292e+02
 Pressure (bar)
   -1.77126e+02

           Step           Time
       19550000    39100.00000

   Energies (kJ/mol)
           Bond       G96Angle  Improper Dih.        LJ (SR)   Coulomb (SR)
    7.36210e+01    2.67716e+01    2.22164e+01   -1.79588e+04   -1.18940e+02
      Potential    Kinetic En.   Total Energy  Conserved En.    Temperature
   -1.79551e+04    2.62193e+03   -1.53331e+04   -5.35081e+05    3.07355e+02
 Pressure (bar)
    3.95974e+01

           Step           Time
       19600000    39200.00000

   Energies (kJ/mol)
           Bond       G96Angle  Improper Dih.        LJ (SR)   Coulomb (SR)
    6.79200e+01    2.15971e+01    1.09819e+01   -1.78526e+04   -1.19159e+02
      Potential    Kinetic En.   Total Energy  Conserved En.    Temperature
   -1.78713e+04    2.65214e+03   -1.52191e+04   -5.36606e+05    3.10895e+02
 Pressure (bar)
   -1.99772e+02

           Step           Time
       19650000    39300.00000

   Energies (kJ/mol)
           Bond       G96Angle  Improper Dih.        LJ (SR)   Coulomb (SR)
    5.10175e+01    2.33259e+01    1.23486e+01   -1.77615e+04   -1.41387e+02
      Potential    Kinetic En.   Total Energy  Conserved En.    Temperature
   -1.78162e+04    2.55714e+03   -1.52591e+04   -5.38191e+05    2.99760e+02
 Pressure (bar)
   -1.42535e+01

           Step           Time
       19700000    39400.00000

   Energies (kJ/mol)
           Bond       G96Angle  Improper Dih.        LJ (SR)   Coulomb (SR)
    8.04662e+01    5.70271e+01    1.27233e+01   -1.76780e+04   -1.42336e+02
      Potential    Kinetic En.   Total Energy  Conserved En.    Temperature
   -1.76701e+04    2.66160e+03   -1.50085e+04   -5.39810e+05    3.12005e+02
 Pressure (bar)
    3.26643e+02

           Step           Time
       19750000    39500.00000

   Energies (kJ/mol)
           Bond       G96Angle  Improper Dih.        LJ (SR)   Coulomb (SR)
    3.27278e+01    2.73937e+01    8.48034e+00   -1.78123e+04   -1.44131e+02
      Potential    Kinetic En.   Total Energy  Conserved En.    Temperature
   -1.78878e+04    2.58689e+03   -1.53009e+04   -5.41385e+05    3.03247e+02
 Pressure (bar)
   -6.33707e+00

           Step           Time
       19800000    39600.00000

   Energies (kJ/mol)
           Bond       G96Angle  Improper Dih.        LJ (SR)   Coulomb (SR)
    5.79464e+01    3.27455e+01    1.18833e+01   -1.77445e+04   -1.39581e+02
      Potential    Kinetic En.   Total Energy  Conserved En.    Temperature
   -1.77815e+04    2.68278e+03   -1.50988e+04   -5.43025e+05    3.14488e+02
 Pressure (bar)
    1.53273e+02

           Step           Time
       19850000    39700.00000

   Energies (kJ/mol)
           Bond       G96Angle  Improper Dih.        LJ (SR)   Coulomb (SR)
    4.90046e+01    2.39529e+01    1.78972e+01   -1.75844e+04   -1.42972e+02
      Potential    Kinetic En.   Total Energy  Conserved En.    Temperature
   -1.76365e+04    2.65081e+03   -1.49857e+04   -5.44659e+05    3.10740e+02
 Pressure (bar)
    3.23720e+01

           Step           Time
       19900000    39800.00000

   Energies (kJ/mol)
           Bond       G96Angle  Improper Dih.        LJ (SR)   Coulomb (SR)
    4.44488e+01    2.39950e+01    1.42188e+01   -1.77382e+04   -1.26630e+02
      Potential    Kinetic En.   Total Energy  Conserved En.    Temperature
   -1.77822e+04    2.54470e+03   -1.52375e+04   -5.46256e+05    2.98302e+02
 Pressure (bar)
   -2.06669e+02

           Step           Time
       19950000    39900.00000

   Energies (kJ/mol)
           Bond       G96Angle  Improper Dih.        LJ (SR)   Coulomb (SR)
    4.38513e+01    3.40800e+01    1.24655e+01   -1.77602e+04   -1.37550e+02
      Potential    Kinetic En.   Total Energy  Conserved En.    Temperature
   -1.78073e+04    2.57110e+03   -1.52362e+04   -5.47820e+05    3.01396e+02
 Pressure (bar)
   -4.54698e+01

           Step           Time
       20000000    40000.00000

   Energies (kJ/mol)
           Bond       G96Angle  Improper Dih.        LJ (SR)   Coulomb (SR)
    3.63972e+01    4.39456e+01    1.31709e+01   -1.76168e+04   -1.45010e+02
      Potential    Kinetic En.   Total Energy  Conserved En.    Temperature
   -1.76683e+04    2.63351e+03   -1.50348e+04   -5.49355e+05    3.08712e+02
 Pressure (bar)
    4.90282e+00

           Step           Time
       20050000    40100.00000

   Energies (kJ/mol)
           Bond       G96Angle  Improper Dih.        LJ (SR)   Coulomb (SR)
    4.66114e+01    2.79378e+01    1.22136e+01   -1.77709e+04   -1.32224e+02
      Potential    Kinetic En.   Total Energy  Conserved En.    Temperature
   -1.78164e+04    2.62044e+03   -1.51960e+04   -5.50823e+05    3.07179e+02
 Pressure (bar)
   -1.75537e+00

           Step           Time
       20100000    40200.00000

   Energies (kJ/mol)
           Bond       G96Angle  Improper Dih.        LJ (SR)   Coulomb (SR)
    3.98255e+01    3.55563e+01    1.79402e+01   -1.77655e+04   -1.18927e+02
      Potential    Kinetic En.   Total Energy  Conserved En.    Temperature
   -1.77911e+04    2.66290e+03   -1.51282e+04   -5.52404e+05    3.12157e+02
 Pressure (bar)
   -1.83709e+02

           Step           Time
       20150000    40300.00000

   Energies (kJ/mol)
           Bond       G96Angle  Improper Dih.        LJ (SR)   Coulomb (SR)
    7.69792e+01    3.75909e+01    1.62382e+01   -1.77400e+04   -1.46851e+02
      Potential    Kinetic En.   Total Energy  Conserved En.    Temperature
   -1.77560e+04    2.75161e+03   -1.50044e+04   -5.53912e+05    3.22557e+02
 Pressure (bar)
    1.11219e+02

           Step           Time
       20200000    40400.00000

   Energies (kJ/mol)
           Bond       G96Angle  Improper Dih.        LJ (SR)   Coulomb (SR)
    5.92997e+01    2.64423e+01    1.04760e+01   -1.76501e+04   -1.20903e+02
      Potential    Kinetic En.   Total Energy  Conserved En.    Temperature
   -1.76748e+04    2.71133e+03   -1.49635e+04   -5.55499e+05    3.17834e+02
 Pressure (bar)
    1.37602e+02

           Step           Time
       20250000    40500.00000

   Energies (kJ/mol)
           Bond       G96Angle  Improper Dih.        LJ (SR)   Coulomb (SR)
    8.05680e+01    2.32924e+01    1.96233e+01   -1.75254e+04   -1.36996e+02
      Potential    Kinetic En.   Total Energy  Conserved En.    Temperature
   -1.75389e+04    2.68457e+03   -1.48543e+04   -5.56939e+05    3.14698e+02
 Pressure (bar)
    1.56280e+02

           Step           Time
       20300000    40600.00000

   Energies (kJ/mol)
           Bond       G96Angle  Improper Dih.        LJ (SR)   Coulomb (SR)
    6.39917e+01    2.14467e+01    1.47240e+01   -1.78032e+04   -1.36534e+02
      Potential    Kinetic En.   Total Energy  Conserved En.    Temperature
   -1.78395e+04    2.55917e+03   -1.52804e+04   -5.58452e+05    2.99997e+02
 Pressure (bar)
    1.49598e+02

           Step           Time
       20350000    40700.00000

   Energies (kJ/mol)
           Bond       G96Angle  Improper Dih.        LJ (SR)   Coulomb (SR)
    4.82232e+01    3.94986e+01    1.01487e+01   -1.77014e+04   -1.10392e+02
      Potential    Kinetic En.   Total Energy  Conserved En.    Temperature
   -1.77139e+04    2.68491e+03   -1.50290e+04   -5.59572e+05    3.14737e+02
 Pressure (bar)
   -2.50475e+02

Writing checkpoint, step 20350020 at Wed Apr  1 17:05:10 2026


           Step           Time
       20400000    40800.00000

   Energies (kJ/mol)
           Bond       G96Angle  Improper Dih.        LJ (SR)   Coulomb (SR)
    5.33412e+01    2.49215e+01    1.27298e+01   -1.77434e+04   -1.29842e+02
      Potential    Kinetic En.   Total Energy  Conserved En.    Temperature
   -1.77822e+04    2.48103e+03   -1.53012e+04   -5.61123e+05    2.90838e+02
 Pressure (bar)
    6.90422e-01

           Step           Time
       20450000    40900.00000

   Energies (kJ/mol)
           Bond       G96Angle  Improper Dih.        LJ (SR)   Coulomb (SR)
    8.28345e+01    2.53026e+01    2.07855e+01   -1.77627e+04   -1.57820e+02
      Potential    Kinetic En.   Total Energy  Conserved En.    Temperature
   -1.77916e+04    2.74028e+03   -1.50513e+04   -5.62587e+05    3.21228e+02
 Pressure (bar)
   -2.13176e+01

           Step           Time
       20500000    41000.00000

   Energies (kJ/mol)
           Bond       G96Angle  Improper Dih.        LJ (SR)   Coulomb (SR)
    7.20523e+01    3.11780e+01    8.78837e+00   -1.78299e+04   -1.35827e+02
      Potential    Kinetic En.   Total Energy  Conserved En.    Temperature
   -1.78538e+04    2.61106e+03   -1.52427e+04   -5.64050e+05    3.06080e+02
 Pressure (bar)
    1.24031e+02

           Step           Time
       20550000    41100.00000

   Energies (kJ/mol)
           Bond       G96Angle  Improper Dih.        LJ (SR)   Coulomb (SR)
    6.33831e+01    2.87653e+01    1.52074e+01   -1.76908e+04   -1.33731e+02
      Potential    Kinetic En.   Total Energy  Conserved En.    Temperature
   -1.77172e+04    2.80448e+03   -1.49127e+04   -5.65510e+05    3.28754e+02
 Pressure (bar)
    1.40005e+02

           Step           Time
       20600000    41200.00000

   Energies (kJ/mol)
           Bond       G96Angle  Improper Dih.        LJ (SR)   Coulomb (SR)
    4.81493e+01    4.80038e+01    5.66933e+00   -1.77317e+04   -1.32596e+02
      Potential    Kinetic En.   Total Energy  Conserved En.    Temperature
   -1.77624e+04    2.56951e+03   -1.51929e+04   -5.67137e+05    3.01210e+02
 Pressure (bar)
    1.18099e+02

           Step           Time
       20650000    41300.00000

   Energies (kJ/mol)
           Bond       G96Angle  Improper Dih.        LJ (SR)   Coulomb (SR)
    4.64761e+01    2.21498e+01    1.35963e+01   -1.75759e+04   -1.55698e+02
      Potential    Kinetic En.   Total Energy  Conserved En.    Temperature
   -1.76494e+04    2.56954e+03   -1.50798e+04   -5.68774e+05    3.01213e+02
 Pressure (bar)
    6.91702e+01

           Step           Time
       20700000    41400.00000

   Energies (kJ/mol)
           Bond       G96Angle  Improper Dih.        LJ (SR)   Coulomb (SR)
    6.09609e+01    4.28670e+01    1.05993e+01   -1.76342e+04   -1.43066e+02
      Potential    Kinetic En.   Total Energy  Conserved En.    Temperature
   -1.76628e+04    2.81246e+03   -1.48504e+04   -5.70305e+05    3.29689e+02
 Pressure (bar)
    3.09197e+02

           Step           Time
       20750000    41500.00000

   Energies (kJ/mol)
           Bond       G96Angle  Improper Dih.        LJ (SR)   Coulomb (SR)
    5.74792e+01    3.09110e+01    1.15122e+01   -1.78473e+04   -1.60558e+02
      Potential    Kinetic En.   Total Energy  Conserved En.    Temperature
   -1.79079e+04    2.55341e+03   -1.53545e+04   -5.71754e+05    2.99322e+02
 Pressure (bar)
   -1.07723e+02

           Step           Time
       20800000    41600.00000

   Energies (kJ/mol)
           Bond       G96Angle  Improper Dih.        LJ (SR)   Coulomb (SR)
    6.06191e+01    2.74749e+01    1.17617e+01   -1.80190e+04   -1.26111e+02
      Potential    Kinetic En.   Total Energy  Conserved En.    Temperature
   -1.80453e+04    2.63376e+03   -1.54115e+04   -5.73387e+05    3.08741e+02
 Pressure (bar)
   -8.04640e+01

           Step           Time
       20850000    41700.00000

   Energies (kJ/mol)
           Bond       G96Angle  Improper Dih.        LJ (SR)   Coulomb (SR)
    5.77303e+01    4.70120e+01    1.52840e+01   -1.76605e+04   -1.57114e+02
      Potential    Kinetic En.   Total Energy  Conserved En.    Temperature
   -1.76976e+04    2.68179e+03   -1.50158e+04   -5.74990e+05    3.14372e+02
 Pressure (bar)
   -1.10718e+02

           Step           Time
       20900000    41800.00000

   Energies (kJ/mol)
           Bond       G96Angle  Improper Dih.        LJ (SR)   Coulomb (SR)
    5.12776e+01    3.75020e+01    9.99113e+00   -1.78979e+04   -1.44759e+02
      Potential    Kinetic En.   Total Energy  Conserved En.    Temperature
   -1.79438e+04    2.58200e+03   -1.53618e+04   -5.76545e+05    3.02673e+02
 Pressure (bar)
    2.89204e+01

           Step           Time
       20950000    41900.00000

   Energies (kJ/mol)
           Bond       G96Angle  Improper Dih.        LJ (SR)   Coulomb (SR)
    5.49339e+01    3.47595e+01    1.00211e+01   -1.76600e+04   -1.30887e+02
      Potential    Kinetic En.   Total Energy  Conserved En.    Temperature
   -1.76912e+04    2.77546e+03   -1.49157e+04   -5.78223e+05    3.25352e+02
 Pressure (bar)
    2.46925e+02

           Step           Time
       21000000    42000.00000

   Energies (kJ/mol)
           Bond       G96Angle  Improper Dih.        LJ (SR)   Coulomb (SR)
    5.69808e+01    5.41868e+01    8.87732e+00   -1.77694e+04   -1.41217e+02
      Potential    Kinetic En.   Total Energy  Conserved En.    Temperature
   -1.77905e+04    2.80993e+03   -1.49806e+04   -5.79887e+05    3.29393e+02
 Pressure (bar)
    5.16072e+01

           Step           Time
       21050000    42100.00000

   Energies (kJ/mol)
           Bond       G96Angle  Improper Dih.        LJ (SR)   Coulomb (SR)
    6.98057e+01    3.64628e+01    1.76032e+01   -1.80066e+04   -1.39609e+02
      Potential    Kinetic En.   Total Energy  Conserved En.    Temperature
   -1.80223e+04    2.62951e+03   -1.53928e+04   -5.81353e+05    3.08243e+02
 Pressure (bar)
   -1.11348e+02

           Step           Time
       21100000    42200.00000

   Energies (kJ/mol)
           Bond       G96Angle  Improper Dih.        LJ (SR)   Coulomb (SR)
    4.95525e+01    3.25074e+01    2.59456e+01   -1.78208e+04   -1.45825e+02
      Potential    Kinetic En.   Total Energy  Conserved En.    Temperature
   -1.78586e+04    2.50114e+03   -1.53575e+04   -5.82932e+05    2.93195e+02
 Pressure (bar)
    3.98791e+01

           Step           Time
       21150000    42300.00000

   Energies (kJ/mol)
           Bond       G96Angle  Improper Dih.        LJ (SR)   Coulomb (SR)
    6.71466e+01    2.82245e+01    1.74417e+01   -1.77155e+04   -1.35772e+02
      Potential    Kinetic En.   Total Energy  Conserved En.    Temperature
   -1.77385e+04    2.63977e+03   -1.50987e+04   -5.84454e+05    3.09446e+02
 Pressure (bar)
    1.48142e+02

           Step           Time
       21200000    42400.00000

   Energies (kJ/mol)
           Bond       G96Angle  Improper Dih.        LJ (SR)   Coulomb (SR)
    4.64666e+01    4.72997e+01    8.12278e+00   -1.76357e+04   -1.18962e+02
      Potential    Kinetic En.   Total Energy  Conserved En.    Temperature
   -1.76527e+04    2.52284e+03   -1.51299e+04   -5.84778e+05    2.95739e+02
 Pressure (bar)
   -1.69919e+02

           Step           Time
       21250000    42500.00000

   Energies (kJ/mol)
           Bond       G96Angle  Improper Dih.        LJ (SR)   Coulomb (SR)
    4.57652e+01    3.58203e+01    9.53654e+00   -1.76819e+04   -1.35946e+02
      Potential    Kinetic En.   Total Energy  Conserved En.    Temperature
   -1.77268e+04    2.62750e+03   -1.50993e+04   -5.86418e+05    3.08007e+02
 Pressure (bar)
    3.51465e+01

           Step           Time
       21300000    42600.00000

   Energies (kJ/mol)
           Bond       G96Angle  Improper Dih.        LJ (SR)   Coulomb (SR)
    3.90450e+01    3.05371e+01    1.60431e+01   -1.76860e+04   -1.20203e+02
      Potential    Kinetic En.   Total Energy  Conserved En.    Temperature
   -1.77206e+04    2.45709e+03   -1.52635e+04   -5.87971e+05    2.88032e+02
 Pressure (bar)
    1.10103e+02

           Step           Time
       21350000    42700.00000

   Energies (kJ/mol)
           Bond       G96Angle  Improper Dih.        LJ (SR)   Coulomb (SR)
    5.49452e+01    3.17156e+01    1.30885e+01   -1.76042e+04   -1.31805e+02
      Potential    Kinetic En.   Total Energy  Conserved En.    Temperature
   -1.76363e+04    2.57230e+03   -1.50640e+04   -5.89477e+05    3.01537e+02
 Pressure (bar)
   -1.88240e+02

           Step           Time
       21400000    42800.00000

   Energies (kJ/mol)
           Bond       G96Angle  Improper Dih.        LJ (SR)   Coulomb (SR)
    3.84848e+01    2.90076e+01    1.43205e+01   -1.77846e+04   -1.27055e+02
      Potential    Kinetic En.   Total Energy  Conserved En.    Temperature
   -1.78299e+04    2.62768e+03   -1.52022e+04   -5.90964e+05    3.08028e+02
 Pressure (bar)
   -7.68406e+01

           Step           Time
       21450000    42900.00000

   Energies (kJ/mol)
           Bond       G96Angle  Improper Dih.        LJ (SR)   Coulomb (SR)
    4.73721e+01    2.98624e+01    1.19001e+01   -1.74964e+04   -1.29382e+02
      Potential    Kinetic En.   Total Energy  Conserved En.    Temperature
   -1.75367e+04    2.73506e+03   -1.48016e+04   -5.92587e+05    3.20616e+02
 Pressure (bar)
    1.43909e+02

           Step           Time
       21500000    43000.00000

   Energies (kJ/mol)
           Bond       G96Angle  Improper Dih.        LJ (SR)   Coulomb (SR)
    3.72419e+01    3.56702e+01    8.54270e+00   -1.74190e+04   -1.28139e+02
      Potential    Kinetic En.   Total Energy  Conserved En.    Temperature
   -1.74657e+04    2.54297e+03   -1.49227e+04   -5.94199e+05    2.98098e+02
 Pressure (bar)
    6.60329e+01

           Step           Time
       21550000    43100.00000

   Energies (kJ/mol)
           Bond       G96Angle  Improper Dih.        LJ (SR)   Coulomb (SR)
    5.37199e+01    5.15955e+01    1.83187e+01   -1.76863e+04   -1.11336e+02
      Potential    Kinetic En.   Total Energy  Conserved En.    Temperature
   -1.76740e+04    2.63459e+03   -1.50394e+04   -5.95692e+05    3.08839e+02
 Pressure (bar)
    9.45966e+01

           Step           Time
       21600000    43200.00000

   Energies (kJ/mol)
           Bond       G96Angle  Improper Dih.        LJ (SR)   Coulomb (SR)
    3.97285e+01    4.00339e+01    1.39885e+01   -1.78980e+04   -1.23700e+02
      Potential    Kinetic En.   Total Energy  Conserved En.    Temperature
   -1.79279e+04    2.58070e+03   -1.53472e+04   -5.97237e+05    3.02521e+02
 Pressure (bar)
   -8.88362e+01

           Step           Time
       21650000    43300.00000

   Energies (kJ/mol)
           Bond       G96Angle  Improper Dih.        LJ (SR)   Coulomb (SR)
    7.18695e+01    5.84554e+01    1.41360e+01   -1.76577e+04   -1.24816e+02
      Potential    Kinetic En.   Total Energy  Conserved En.    Temperature
   -1.76381e+04    2.71240e+03   -1.49257e+04   -5.98721e+05    3.17959e+02
 Pressure (bar)
    1.81042e+02

           Step           Time
       21700000    43400.00000

   Energies (kJ/mol)
           Bond       G96Angle  Improper Dih.        LJ (SR)   Coulomb (SR)
    6.78467e+01    4.15640e+01    1.12155e+01   -1.76148e+04   -1.00188e+02
      Potential    Kinetic En.   Total Energy  Conserved En.    Temperature
   -1.75944e+04    2.57856e+03   -1.50158e+04   -6.00348e+05    3.02270e+02
 Pressure (bar)
    1.45605e+02

           Step           Time
       21750000    43500.00000

   Energies (kJ/mol)
           Bond       G96Angle  Improper Dih.        LJ (SR)   Coulomb (SR)
    4.51062e+01    3.66329e+01    1.33769e+01   -1.79422e+04   -9.90162e+01
      Potential    Kinetic En.   Total Energy  Conserved En.    Temperature
   -1.79461e+04    2.46119e+03   -1.54850e+04   -6.01448e+05    2.88512e+02
 Pressure (bar)
    6.32571e+01

           Step           Time
       21800000    43600.00000

   Energies (kJ/mol)
           Bond       G96Angle  Improper Dih.        LJ (SR)   Coulomb (SR)
    4.56693e+01    2.66982e+01    1.67564e+01   -1.76768e+04   -1.09835e+02
      Potential    Kinetic En.   Total Energy  Conserved En.    Temperature
   -1.76975e+04    2.58398e+03   -1.51136e+04   -6.03012e+05    3.02906e+02
 Pressure (bar)
    2.91602e+01

           Step           Time
       21850000    43700.00000

   Energies (kJ/mol)
           Bond       G96Angle  Improper Dih.        LJ (SR)   Coulomb (SR)
    5.68539e+01    3.21757e+01    1.26059e+01   -1.75373e+04   -1.15429e+02
      Potential    Kinetic En.   Total Energy  Conserved En.    Temperature
   -1.75511e+04    2.71267e+03   -1.48384e+04   -6.04556e+05    3.17991e+02
 Pressure (bar)
   -8.04355e+01

           Step           Time
       21900000    43800.00000

   Energies (kJ/mol)
           Bond       G96Angle  Improper Dih.        LJ (SR)   Coulomb (SR)
    5.09793e+01    3.56625e+01    2.11521e+01   -1.80567e+04   -1.16081e+02
      Potential    Kinetic En.   Total Energy  Conserved En.    Temperature
   -1.80649e+04    2.73433e+03   -1.53306e+04   -6.05910e+05    3.20531e+02
 Pressure (bar)
    3.08187e+02

           Step           Time
       21950000    43900.00000

   Energies (kJ/mol)
           Bond       G96Angle  Improper Dih.        LJ (SR)   Coulomb (SR)
    5.04166e+01    4.74665e+01    9.02659e+00   -1.76204e+04   -1.30900e+02
      Potential    Kinetic En.   Total Energy  Conserved En.    Temperature
   -1.76444e+04    2.70078e+03   -1.49437e+04   -6.07507e+05    3.16598e+02
 Pressure (bar)
   -1.02824e+02

           Step           Time
       22000000    44000.00000

   Energies (kJ/mol)
           Bond       G96Angle  Improper Dih.        LJ (SR)   Coulomb (SR)
    6.07636e+01    4.95873e+01    1.27830e+01   -1.76978e+04   -1.19054e+02
      Potential    Kinetic En.   Total Energy  Conserved En.    Temperature
   -1.76937e+04    2.59410e+03   -1.50996e+04   -6.09091e+05    3.04092e+02
 Pressure (bar)
   -1.06113e+02

           Step           Time
       22050000    44100.00000

   Energies (kJ/mol)
           Bond       G96Angle  Improper Dih.        LJ (SR)   Coulomb (SR)
    5.19370e+01    4.57767e+01    6.75161e+00   -1.75920e+04   -1.34788e+02
      Potential    Kinetic En.   Total Energy  Conserved En.    Temperature
   -1.76223e+04    2.78558e+03   -1.48367e+04   -6.10669e+05    3.26538e+02
 Pressure (bar)
    7.74951e+00

           Step           Time
       22100000    44200.00000

   Energies (kJ/mol)
           Bond       G96Angle  Improper Dih.        LJ (SR)   Coulomb (SR)
    6.45074e+01    4.70316e+01    1.66959e+01   -1.78413e+04   -1.25440e+02
      Potential    Kinetic En.   Total Energy  Conserved En.    Temperature
   -1.78385e+04    2.58454e+03   -1.52540e+04   -6.11649e+05    3.02972e+02
 Pressure (bar)
    9.17641e+01

           Step           Time
       22150000    44300.00000

   Energies (kJ/mol)
           Bond       G96Angle  Improper Dih.        LJ (SR)   Coulomb (SR)
    4.94520e+01    3.73729e+01    1.23695e+01   -1.74927e+04   -1.29836e+02
      Potential    Kinetic En.   Total Energy  Conserved En.    Temperature
   -1.75233e+04    2.62475e+03   -1.48986e+04   -6.13109e+05    3.07685e+02
 Pressure (bar)
   -1.83467e+01

           Step           Time
       22200000    44400.00000

   Energies (kJ/mol)
           Bond       G96Angle  Improper Dih.        LJ (SR)   Coulomb (SR)
    3.93214e+01    2.13997e+01    1.35527e+01   -1.78800e+04   -1.49361e+02
      Potential    Kinetic En.   Total Energy  Conserved En.    Temperature
   -1.79551e+04    2.53846e+03   -1.54166e+04   -6.14622e+05    2.97570e+02
 Pressure (bar)
    2.91650e+01

           Step           Time
       22250000    44500.00000

   Energies (kJ/mol)
           Bond       G96Angle  Improper Dih.        LJ (SR)   Coulomb (SR)
    6.64704e+01    3.95573e+01    1.25620e+01   -1.76219e+04   -1.49966e+02
      Potential    Kinetic En.   Total Energy  Conserved En.    Temperature
   -1.76533e+04    2.55209e+03   -1.51012e+04   -6.16253e+05    2.99168e+02
 Pressure (bar)
   -1.10991e+02

           Step           Time
       22300000    44600.00000

   Energies (kJ/mol)
           Bond       G96Angle  Improper Dih.        LJ (SR)   Coulomb (SR)
    3.93962e+01    3.34391e+01    2.58604e+01   -1.77112e+04   -1.17588e+02
      Potential    Kinetic En.   Total Energy  Conserved En.    Temperature
   -1.77301e+04    2.72783e+03   -1.50022e+04   -6.17912e+05    3.19769e+02
 Pressure (bar)
    8.99989e+01

           Step           Time
       22350000    44700.00000

   Energies (kJ/mol)
           Bond       G96Angle  Improper Dih.        LJ (SR)   Coulomb (SR)
    6.23662e+01    3.71175e+01    1.52909e+01   -1.76666e+04   -1.13517e+02
      Potential    Kinetic En.   Total Energy  Conserved En.    Temperature
   -1.76653e+04    2.55859e+03   -1.51067e+04   -6.19491e+05    2.99930e+02
 Pressure (bar)
   -2.14738e+02

           Step           Time
       22400000    44800.00000

   Energies (kJ/mol)
           Bond       G96Angle  Improper Dih.        LJ (SR)   Coulomb (SR)
    6.32010e+01    3.35906e+01    1.96010e+01   -1.75244e+04   -1.03263e+02
      Potential    Kinetic En.   Total Energy  Conserved En.    Temperature
   -1.75112e+04    2.57588e+03   -1.49353e+04   -6.19804e+05    3.01956e+02
 Pressure (bar)
    2.62956e+02

           Step           Time
       22450000    44900.00000

   Energies (kJ/mol)
           Bond       G96Angle  Improper Dih.        LJ (SR)   Coulomb (SR)
    4.40194e+01    3.16700e+01    7.74887e+00   -1.77506e+04   -1.14097e+02
      Potential    Kinetic En.   Total Energy  Conserved En.    Temperature
   -1.77812e+04    2.63530e+03   -1.51459e+04   -6.21410e+05    3.08921e+02
 Pressure (bar)
    2.61502e+02

           Step           Time
       22500000    45000.00000

   Energies (kJ/mol)
           Bond       G96Angle  Improper Dih.        LJ (SR)   Coulomb (SR)
    5.10011e+01    1.99611e+01    2.94883e+00   -1.77285e+04   -1.34921e+02
      Potential    Kinetic En.   Total Energy  Conserved En.    Temperature
   -1.77895e+04    2.64114e+03   -1.51484e+04   -6.23049e+05    3.09606e+02
 Pressure (bar)
   -1.10439e+02

           Step           Time
       22550000    45100.00000

   Energies (kJ/mol)
           Bond       G96Angle  Improper Dih.        LJ (SR)   Coulomb (SR)
    4.20736e+01    3.84581e+01    2.14532e+01   -1.80020e+04   -1.32186e+02
      Potential    Kinetic En.   Total Energy  Conserved En.    Temperature
   -1.80322e+04    2.59410e+03   -1.54381e+04   -6.24599e+05    3.04092e+02
 Pressure (bar)
    8.00987e+01

           Step           Time
       22600000    45200.00000

   Energies (kJ/mol)
           Bond       G96Angle  Improper Dih.        LJ (SR)   Coulomb (SR)
    7.15488e+01    3.44321e+01    1.42114e+01   -1.77981e+04   -1.26823e+02
      Potential    Kinetic En.   Total Energy  Conserved En.    Temperature
   -1.78047e+04    2.61573e+03   -1.51890e+04   -6.26231e+05    3.06627e+02
 Pressure (bar)
   -2.21759e+02

           Step           Time
       22650000    45300.00000

   Energies (kJ/mol)
           Bond       G96Angle  Improper Dih.        LJ (SR)   Coulomb (SR)
    4.04896e+01    3.31523e+01    3.90168e+00   -1.77111e+04   -1.12306e+02
      Potential    Kinetic En.   Total Energy  Conserved En.    Temperature
   -1.77458e+04    2.54157e+03   -1.52043e+04   -6.27618e+05    2.97934e+02
 Pressure (bar)
    4.74432e+01

           Step           Time
       22700000    45400.00000

   Energies (kJ/mol)
           Bond       G96Angle  Improper Dih.        LJ (SR)   Coulomb (SR)
    5.56105e+01    2.40083e+01    7.98638e+00   -1.75115e+04   -1.15924e+02
      Potential    Kinetic En.   Total Energy  Conserved En.    Temperature
   -1.75398e+04    2.42918e+03   -1.51106e+04   -6.29157e+05    2.84759e+02
 Pressure (bar)
   -1.52165e+02

           Step           Time
       22750000    45500.00000

   Energies (kJ/mol)
           Bond       G96Angle  Improper Dih.        LJ (SR)   Coulomb (SR)
    9.29941e+01    3.06466e+01    1.24945e+01   -1.78323e+04   -1.23254e+02
      Potential    Kinetic En.   Total Energy  Conserved En.    Temperature
   -1.78194e+04    2.48129e+03   -1.53381e+04   -6.30659e+05    2.90868e+02
 Pressure (bar)
    2.39140e+01

           Step           Time
       22800000    45600.00000

   Energies (kJ/mol)
           Bond       G96Angle  Improper Dih.        LJ (SR)   Coulomb (SR)
    4.08882e+01    3.48867e+01    1.40562e+01   -1.76844e+04   -1.46716e+02
      Potential    Kinetic En.   Total Energy  Conserved En.    Temperature
   -1.77413e+04    2.67904e+03   -1.50622e+04   -6.32314e+05    3.14049e+02
 Pressure (bar)
    6.11978e+00

           Step           Time
       22850000    45700.00000

   Energies (kJ/mol)
           Bond       G96Angle  Improper Dih.        LJ (SR)   Coulomb (SR)
    7.54623e+01    3.19741e+01    4.65290e+00   -1.78405e+04   -1.58353e+02
      Potential    Kinetic En.   Total Energy  Conserved En.    Temperature
   -1.78868e+04    2.75299e+03   -1.51338e+04   -6.33828e+05    3.22718e+02
 Pressure (bar)
   -1.44463e+02

           Step           Time
       22900000    45800.00000

   Energies (kJ/mol)
           Bond       G96Angle  Improper Dih.        LJ (SR)   Coulomb (SR)
    8.77800e+01    4.73332e+01    8.54100e+00   -1.78127e+04   -1.48658e+02
      Potential    Kinetic En.   Total Energy  Conserved En.    Temperature
   -1.78177e+04    2.69225e+03   -1.51254e+04   -6.35326e+05    3.15597e+02
 Pressure (bar)
    3.20675e+02

           Step           Time
       22950000    45900.00000

   Energies (kJ/mol)
           Bond       G96Angle  Improper Dih.        LJ (SR)   Coulomb (SR)
    4.47398e+01    3.28181e+01    1.77185e+01   -1.78692e+04   -1.54412e+02
      Potential    Kinetic En.   Total Energy  Conserved En.    Temperature
   -1.79284e+04    2.53069e+03   -1.53977e+04   -6.37058e+05    2.96658e+02
 Pressure (bar)
   -3.52112e+01

           Step           Time
       23000000    46000.00000

   Energies (kJ/mol)
           Bond       G96Angle  Improper Dih.        LJ (SR)   Coulomb (SR)
    4.59940e+01    2.29327e+01    1.69596e+01   -1.76924e+04   -1.62715e+02
      Potential    Kinetic En.   Total Energy  Conserved En.    Temperature
   -1.77692e+04    2.50877e+03   -1.52604e+04   -6.38760e+05    2.94089e+02
 Pressure (bar)
   -4.02327e+02

           Step           Time
       23050000    46100.00000

   Energies (kJ/mol)
           Bond       G96Angle  Improper Dih.        LJ (SR)   Coulomb (SR)
    6.01244e+01    2.71179e+01    2.08226e+01   -1.75797e+04   -1.47136e+02
      Potential    Kinetic En.   Total Energy  Conserved En.    Temperature
   -1.76188e+04    2.50265e+03   -1.51161e+04   -6.40202e+05    2.93372e+02
 Pressure (bar)
   -8.82286e+01

           Step           Time
       23100000    46200.00000

   Energies (kJ/mol)
           Bond       G96Angle  Improper Dih.        LJ (SR)   Coulomb (SR)
    6.54832e+01    3.76769e+01    6.45344e+00   -1.75626e+04   -1.55030e+02
      Potential    Kinetic En.   Total Energy  Conserved En.    Temperature
   -1.76080e+04    2.67522e+03   -1.49327e+04   -6.41786e+05    3.13602e+02
 Pressure (bar)
    5.03183e+01

           Step           Time
       23150000    46300.00000

   Energies (kJ/mol)
           Bond       G96Angle  Improper Dih.        LJ (SR)   Coulomb (SR)
    9.82218e+01    4.42265e+01    1.98491e+01   -1.75953e+04   -1.21561e+02
      Potential    Kinetic En.   Total Energy  Conserved En.    Temperature
   -1.75545e+04    2.61447e+03   -1.49401e+04   -6.43419e+05    3.06480e+02
 Pressure (bar)
    2.42781e+00

           Step           Time
       23200000    46400.00000

   Energies (kJ/mol)
           Bond       G96Angle  Improper Dih.        LJ (SR)   Coulomb (SR)
    3.66156e+01    3.69468e+01    5.43613e+00   -1.77610e+04   -1.33747e+02
      Potential    Kinetic En.   Total Energy  Conserved En.    Temperature
   -1.78157e+04    2.63058e+03   -1.51852e+04   -6.45055e+05    3.08369e+02
 Pressure (bar)
    1.46732e+02

           Step           Time
       23250000    46500.00000

   Energies (kJ/mol)
           Bond       G96Angle  Improper Dih.        LJ (SR)   Coulomb (SR)
    6.83030e+01    3.57730e+01    3.03419e+01   -1.76829e+04   -1.37245e+02
      Potential    Kinetic En.   Total Energy  Conserved En.    Temperature
   -1.76858e+04    2.74239e+03   -1.49434e+04   -6.46535e+05    3.21476e+02
 Pressure (bar)
   -4.31348e+00

           Step           Time
       23300000    46600.00000

   Energies (kJ/mol)
           Bond       G96Angle  Improper Dih.        LJ (SR)   Coulomb (SR)
    4.26517e+01    2.07349e+01    3.36892e+01   -1.76362e+04   -1.37039e+02
      Potential    Kinetic En.   Total Energy  Conserved En.    Temperature
   -1.76762e+04    2.65612e+03   -1.50201e+04   -6.48124e+05    3.11362e+02
 Pressure (bar)
    9.88440e+01

           Step           Time
       23350000    46700.00000

   Energies (kJ/mol)
           Bond       G96Angle  Improper Dih.        LJ (SR)   Coulomb (SR)
    5.71287e+01    2.49592e+01    9.41007e+00   -1.75878e+04   -1.22974e+02
      Potential    Kinetic En.   Total Energy  Conserved En.    Temperature
   -1.76192e+04    2.65336e+03   -1.49659e+04   -6.49561e+05    3.11039e+02
 Pressure (bar)
   -1.46256e+01

           Step           Time
       23400000    46800.00000

   Energies (kJ/mol)
           Bond       G96Angle  Improper Dih.        LJ (SR)   Coulomb (SR)
    7.38294e+01    2.76035e+01    6.92498e+00   -1.79628e+04   -1.27446e+02
      Potential    Kinetic En.   Total Energy  Conserved En.    Temperature
   -1.79819e+04    2.47770e+03   -1.55042e+04   -6.51115e+05    2.90448e+02
 Pressure (bar)
   -1.94474e+02

           Step           Time
       23450000    46900.00000

   Energies (kJ/mol)
           Bond       G96Angle  Improper Dih.        LJ (SR)   Coulomb (SR)
    4.99167e+01    4.67735e+01    1.40834e+01   -1.77361e+04   -1.41796e+02
      Potential    Kinetic En.   Total Energy  Conserved En.    Temperature
   -1.77671e+04    2.61005e+03   -1.51571e+04   -6.52520e+05    3.05962e+02
 Pressure (bar)
    5.53660e+01

           Step           Time
       23500000    47000.00000

   Energies (kJ/mol)
           Bond       G96Angle  Improper Dih.        LJ (SR)   Coulomb (SR)
    6.22663e+01    4.80307e+01    1.86247e+01   -1.78965e+04   -1.37567e+02
      Potential    Kinetic En.   Total Energy  Conserved En.    Temperature
   -1.79051e+04    2.66567e+03   -1.52395e+04   -6.53984e+05    3.12482e+02
 Pressure (bar)
   -3.74748e+01

           Step           Time
       23550000    47100.00000

   Energies (kJ/mol)
           Bond       G96Angle  Improper Dih.        LJ (SR)   Coulomb (SR)
    6.87056e+01    2.68765e+01    1.65496e+01   -1.74643e+04   -1.14420e+02
      Potential    Kinetic En.   Total Energy  Conserved En.    Temperature
   -1.74666e+04    2.56978e+03   -1.48968e+04   -6.55550e+05    3.01241e+02
 Pressure (bar)
    1.75054e+02

           Step           Time
       23600000    47200.00000

   Energies (kJ/mol)
           Bond       G96Angle  Improper Dih.        LJ (SR)   Coulomb (SR)
    7.55845e+01    4.04879e+01    6.57049e+00   -1.76777e+04   -1.17355e+02
      Potential    Kinetic En.   Total Energy  Conserved En.    Temperature
   -1.76724e+04    2.67750e+03   -1.49949e+04   -6.57099e+05    3.13868e+02
 Pressure (bar)
    8.23983e+01

           Step           Time
       23650000    47300.00000

   Energies (kJ/mol)
           Bond       G96Angle  Improper Dih.        LJ (SR)   Coulomb (SR)
    3.83851e+01    3.22166e+01    1.46112e+01   -1.77227e+04   -1.27832e+02
      Potential    Kinetic En.   Total Energy  Conserved En.    Temperature
   -1.77653e+04    2.59268e+03   -1.51726e+04   -6.58688e+05    3.03925e+02
 Pressure (bar)
   -3.27442e+02

           Step           Time
       23700000    47400.00000

   Energies (kJ/mol)
           Bond       G96Angle  Improper Dih.        LJ (SR)   Coulomb (SR)
    6.06125e+01    3.28430e+01    9.90945e+00   -1.76947e+04   -1.12721e+02
      Potential    Kinetic En.   Total Energy  Conserved En.    Temperature
   -1.77041e+04    2.54749e+03   -1.51566e+04   -6.60326e+05    2.98629e+02
 Pressure (bar)
   -1.83531e+02

           Step           Time
       23750000    47500.00000

   Energies (kJ/mol)
           Bond       G96Angle  Improper Dih.        LJ (SR)   Coulomb (SR)
    3.48275e+01    2.86911e+01    1.16840e+01   -1.76504e+04   -1.16152e+02
      Potential    Kinetic En.   Total Energy  Conserved En.    Temperature
   -1.76914e+04    2.55095e+03   -1.51404e+04   -6.61818e+05    2.99034e+02
 Pressure (bar)
   -4.15745e+01

           Step           Time
       23800000    47600.00000

   Energies (kJ/mol)
           Bond       G96Angle  Improper Dih.        LJ (SR)   Coulomb (SR)
    4.57166e+01    3.32341e+01    1.11635e+01   -1.77395e+04   -1.35816e+02
      Potential    Kinetic En.   Total Energy  Conserved En.    Temperature
   -1.77852e+04    2.38441e+03   -1.54008e+04   -6.63421e+05    2.79511e+02
 Pressure (bar)
   -9.66608e+01

           Step           Time
       23850000    47700.00000

   Energies (kJ/mol)
           Bond       G96Angle  Improper Dih.        LJ (SR)   Coulomb (SR)
    5.44463e+01    3.41462e+01    1.48655e+01   -1.76745e+04   -1.16606e+02
      Potential    Kinetic En.   Total Energy  Conserved En.    Temperature
   -1.76877e+04    2.67902e+03   -1.50086e+04   -6.64935e+05    3.14047e+02
 Pressure (bar)
   -2.18660e+02

           Step           Time
       23900000    47800.00000

   Energies (kJ/mol)
           Bond       G96Angle  Improper Dih.        LJ (SR)   Coulomb (SR)
    5.38547e+01    3.20818e+01    1.43153e+01   -1.78648e+04   -1.28520e+02
      Potential    Kinetic En.   Total Energy  Conserved En.    Temperature
   -1.78930e+04    2.50486e+03   -1.53882e+04   -6.66476e+05    2.93631e+02
 Pressure (bar)
   -1.57177e+02

           Step           Time
       23950000    47900.00000

   Energies (kJ/mol)
           Bond       G96Angle  Improper Dih.        LJ (SR)   Coulomb (SR)
    3.86850e+01    1.65758e+01    1.60091e+01   -1.77859e+04   -1.23222e+02
      Potential    Kinetic En.   Total Energy  Conserved En.    Temperature
   -1.78379e+04    2.72510e+03   -1.51128e+04   -6.68093e+05    3.19448e+02
 Pressure (bar)
    2.73386e+02

           Step           Time
       24000000    48000.00000

   Energies (kJ/mol)
           Bond       G96Angle  Improper Dih.        LJ (SR)   Coulomb (SR)
    3.62358e+01    3.55923e+01    1.92460e+01   -1.78319e+04   -1.33087e+02
      Potential    Kinetic En.   Total Energy  Conserved En.    Temperature
   -1.78739e+04    2.68212e+03   -1.51918e+04   -6.69743e+05    3.14411e+02
 Pressure (bar)
    9.82264e+01

           Step           Time
       24050000    48100.00000

   Energies (kJ/mol)
           Bond       G96Angle  Improper Dih.        LJ (SR)   Coulomb (SR)
    7.86265e+01    2.68404e+01    1.48230e+01   -1.78209e+04   -1.42226e+02
      Potential    Kinetic En.   Total Energy  Conserved En.    Temperature
   -1.78428e+04    2.68910e+03   -1.51537e+04   -6.71273e+05    3.15229e+02
 Pressure (bar)
    6.67091e+01

           Step           Time
       24100000    48200.00000

   Energies (kJ/mol)
           Bond       G96Angle  Improper Dih.        LJ (SR)   Coulomb (SR)
    4.76806e+01    2.20063e+01    6.19702e+00   -1.77880e+04   -1.25371e+02
      Potential    Kinetic En.   Total Energy  Conserved En.    Temperature
   -1.78375e+04    2.65603e+03   -1.51814e+04   -6.72940e+05    3.11352e+02
 Pressure (bar)
    5.76299e+01

           Step           Time
       24150000    48300.00000

   Energies (kJ/mol)
           Bond       G96Angle  Improper Dih.        LJ (SR)   Coulomb (SR)
    5.46363e+01    4.15925e+01    2.07382e+01   -1.78292e+04   -1.42711e+02
      Potential    Kinetic En.   Total Energy  Conserved En.    Temperature
   -1.78550e+04    2.56278e+03   -1.52922e+04   -6.74272e+05    3.00421e+02
 Pressure (bar)
    2.43535e+01

           Step           Time
       24200000    48400.00000

   Energies (kJ/mol)
           Bond       G96Angle  Improper Dih.        LJ (SR)   Coulomb (SR)
    4.86938e+01    3.35997e+01    2.45784e+01   -1.77949e+04   -1.25221e+02
      Potential    Kinetic En.   Total Energy  Conserved En.    Temperature
   -1.78133e+04    2.67521e+03   -1.51381e+04   -6.75884e+05    3.13600e+02
 Pressure (bar)
   -4.46131e+01

           Step           Time
       24250000    48500.00000

   Energies (kJ/mol)
           Bond       G96Angle  Improper Dih.        LJ (SR)   Coulomb (SR)
    3.20237e+01    1.96578e+01    1.21167e+01   -1.76256e+04   -1.21659e+02
      Potential    Kinetic En.   Total Energy  Conserved En.    Temperature
   -1.76835e+04    2.80371e+03   -1.48798e+04   -6.72837e+05    3.28663e+02
 Pressure (bar)
   -1.65898e+01

           Step           Time
       24300000    48600.00000

   Energies (kJ/mol)
           Bond       G96Angle  Improper Dih.        LJ (SR)   Coulomb (SR)
    4.19561e+01    2.08675e+01    2.12818e+01   -1.77818e+04   -1.19046e+02
      Potential    Kinetic En.   Total Energy  Conserved En.    Temperature
   -1.78167e+04    2.51232e+03   -1.53044e+04   -6.74455e+05    2.94505e+02
 Pressure (bar)
   -9.82074e+00

           Step           Time
       24350000    48700.00000

   Energies (kJ/mol)
           Bond       G96Angle  Improper Dih.        LJ (SR)   Coulomb (SR)
    4.15401e+01    2.58774e+01    1.10723e+01   -1.75123e+04   -1.26082e+02
      Potential    Kinetic En.   Total Energy  Conserved En.    Temperature
   -1.75599e+04    2.60362e+03   -1.49563e+04   -6.76065e+05    3.05208e+02
 Pressure (bar)
    8.47792e+01

           Step           Time
       24400000    48800.00000

   Energies (kJ/mol)
           Bond       G96Angle  Improper Dih.        LJ (SR)   Coulomb (SR)
    6.26826e+01    6.20994e+01    3.25114e+00   -1.76464e+04   -1.31410e+02
      Potential    Kinetic En.   Total Energy  Conserved En.    Temperature
   -1.76498e+04    2.42689e+03   -1.52229e+04   -6.77660e+05    2.84491e+02
 Pressure (bar)
    6.95724e+01

           Step           Time
       24450000    48900.00000

   Energies (kJ/mol)
           Bond       G96Angle  Improper Dih.        LJ (SR)   Coulomb (SR)
    5.91122e+01    4.54701e+01    2.03838e+01   -1.76682e+04   -1.31040e+02
      Potential    Kinetic En.   Total Energy  Conserved En.    Temperature
   -1.76743e+04    2.66093e+03   -1.50134e+04   -6.79294e+05    3.11926e+02
 Pressure (bar)
   -1.24347e+02

           Step           Time
       24500000    49000.00000

   Energies (kJ/mol)
           Bond       G96Angle  Improper Dih.        LJ (SR)   Coulomb (SR)
    4.25547e+01    3.36310e+01    8.03591e+00   -1.78759e+04   -1.29915e+02
      Potential    Kinetic En.   Total Energy  Conserved En.    Temperature
   -1.79216e+04    2.47093e+03   -1.54507e+04   -6.80757e+05    2.89653e+02
 Pressure (bar)
    1.37585e+01

           Step           Time
       24550000    49100.00000

   Energies (kJ/mol)
           Bond       G96Angle  Improper Dih.        LJ (SR)   Coulomb (SR)
    3.88676e+01    2.66851e+01    4.56162e+00   -1.78584e+04   -1.25713e+02
      Potential    Kinetic En.   Total Energy  Conserved En.    Temperature
   -1.79140e+04    2.68891e+03   -1.52251e+04   -6.82264e+05    3.15206e+02
 Pressure (bar)
    9.43829e+00

           Step           Time
       24600000    49200.00000

   Energies (kJ/mol)
           Bond       G96Angle  Improper Dih.        LJ (SR)   Coulomb (SR)
    4.95294e+01    4.17343e+01    1.52191e+01   -1.75469e+04   -1.25730e+02
      Potential    Kinetic En.   Total Energy  Conserved En.    Temperature
   -1.75662e+04    2.75799e+03   -1.48082e+04   -6.83954e+05    3.23304e+02
 Pressure (bar)
   -1.24568e+02

           Step           Time
       24650000    49300.00000

   Energies (kJ/mol)
           Bond       G96Angle  Improper Dih.        LJ (SR)   Coulomb (SR)
    3.24282e+01    4.62925e+01    1.35547e+01   -1.80304e+04   -9.93607e+01
      Potential    Kinetic En.   Total Energy  Conserved En.    Temperature
   -1.80375e+04    2.56370e+03   -1.54738e+04   -6.85425e+05    3.00529e+02
 Pressure (bar)
   -1.08136e+02

           Step           Time
       24700000    49400.00000

   Energies (kJ/mol)
           Bond       G96Angle  Improper Dih.        LJ (SR)   Coulomb (SR)
    3.96447e+01    3.13107e+01    1.24956e+01   -1.77104e+04   -1.13257e+02
      Potential    Kinetic En.   Total Energy  Conserved En.    Temperature
   -1.77402e+04    2.46723e+03   -1.52730e+04   -6.87001e+05    2.89220e+02
 Pressure (bar)
   -1.45597e+02

           Step           Time
       24750000    49500.00000

   Energies (kJ/mol)
           Bond       G96Angle  Improper Dih.        LJ (SR)   Coulomb (SR)
    6.36813e+01    3.37018e+01    1.11067e+01   -1.79473e+04   -1.20425e+02
      Potential    Kinetic En.   Total Energy  Conserved En.    Temperature
   -1.79593e+04    2.62186e+03   -1.53374e+04   -6.88681e+05    3.07346e+02
 Pressure (bar)
    2.45179e+01

           Step           Time
       24800000    49600.00000

   Energies (kJ/mol)
           Bond       G96Angle  Improper Dih.        LJ (SR)   Coulomb (SR)
    5.42060e+01    3.27949e+01    8.32595e+00   -1.77677e+04   -1.30356e+02
      Potential    Kinetic En.   Total Energy  Conserved En.    Temperature
   -1.78028e+04    2.59090e+03   -1.52119e+04   -6.90200e+05    3.03717e+02
 Pressure (bar)
   -1.03715e+02

           Step           Time
       24850000    49700.00000

   Energies (kJ/mol)
           Bond       G96Angle  Improper Dih.        LJ (SR)   Coulomb (SR)
    5.18987e+01    3.84257e+01    1.80281e+01   -1.75863e+04   -1.34319e+02
      Potential    Kinetic En.   Total Energy  Conserved En.    Temperature
   -1.76123e+04    2.70523e+03   -1.49071e+04   -6.91791e+05    3.17119e+02
 Pressure (bar)
    4.27375e+01

           Step           Time
       24900000    49800.00000

   Energies (kJ/mol)
           Bond       G96Angle  Improper Dih.        LJ (SR)   Coulomb (SR)
    4.75281e+01    2.92888e+01    1.76410e+01   -1.78289e+04   -1.23675e+02
      Potential    Kinetic En.   Total Energy  Conserved En.    Temperature
   -1.78582e+04    2.73651e+03   -1.51216e+04   -6.93383e+05    3.20786e+02
 Pressure (bar)
   -8.41568e+01

           Step           Time
       24950000    49900.00000

   Energies (kJ/mol)
           Bond       G96Angle  Improper Dih.        LJ (SR)   Coulomb (SR)
    5.42846e+01    3.53890e+01    1.23329e+01   -1.75459e+04   -1.11160e+02
      Potential    Kinetic En.   Total Energy  Conserved En.    Temperature
   -1.75550e+04    2.58659e+03   -1.49685e+04   -6.94916e+05    3.03212e+02
 Pressure (bar)
   -1.44638e+00

           Step           Time
       25000000    50000.00000

   Energies (kJ/mol)
           Bond       G96Angle  Improper Dih.        LJ (SR)   Coulomb (SR)
    5.10747e+01    2.20001e+01    1.85122e+01   -1.77508e+04   -1.25991e+02
      Potential    Kinetic En.   Total Energy  Conserved En.    Temperature
   -1.77852e+04    2.64976e+03   -1.51354e+04   -6.96456e+05    3.10616e+02
 Pressure (bar)
    7.49282e+01

           Step           Time
       25050000    50100.00000

   Energies (kJ/mol)
           Bond       G96Angle  Improper Dih.        LJ (SR)   Coulomb (SR)
    6.27143e+01    4.04098e+01    1.69109e+01   -1.76729e+04   -1.31529e+02
      Potential    Kinetic En.   Total Energy  Conserved En.    Temperature
   -1.76844e+04    2.73436e+03   -1.49500e+04   -6.97926e+05    3.20534e+02
 Pressure (bar)
    5.40833e+01

           Step           Time
       25100000    50200.00000

   Energies (kJ/mol)
           Bond       G96Angle  Improper Dih.        LJ (SR)   Coulomb (SR)
    5.16412e+01    2.93044e+01    7.57377e+00   -1.78452e+04   -1.26619e+02
      Potential    Kinetic En.   Total Energy  Conserved En.    Temperature
   -1.78833e+04    2.55031e+03   -1.53330e+04   -6.99455e+05    2.98959e+02
 Pressure (bar)
   -7.22097e+01

           Step           Time
       25150000    50300.00000

   Energies (kJ/mol)
           Bond       G96Angle  Improper Dih.        LJ (SR)   Coulomb (SR)
    5.34059e+01    3.50783e+01    1.84727e+01   -1.77917e+04   -1.14865e+02
      Potential    Kinetic En.   Total Energy  Conserved En.    Temperature
   -1.77996e+04    2.56295e+03   -1.52367e+04   -7.01038e+05    3.00441e+02
 Pressure (bar)
   -1.34724e+01

           Step           Time
       25200000    50400.00000

   Energies (kJ/mol)
           Bond       G96Angle  Improper Dih.        LJ (SR)   Coulomb (SR)
    3.30153e+01    4.49488e+01    5.44928e+00   -1.77811e+04   -1.26788e+02
      Potential    Kinetic En.   Total Energy  Conserved En.    Temperature
   -1.78245e+04    2.67459e+03   -1.51499e+04   -7.02494e+05    3.13527e+02
 Pressure (bar)
   -8.95047e+01

           Step           Time
       25250000    50500.00000

   Energies (kJ/mol)
           Bond       G96Angle  Improper Dih.        LJ (SR)   Coulomb (SR)
    4.11257e+01    5.98099e+01    1.39977e+01   -1.77138e+04   -1.34425e+02
      Potential    Kinetic En.   Total Energy  Conserved En.    Temperature
   -1.77333e+04    2.76034e+03   -1.49730e+04   -7.03931e+05    3.23580e+02
 Pressure (bar)
   -4.74419e+01

           Step           Time
       25300000    50600.00000

   Energies (kJ/mol)
           Bond       G96Angle  Improper Dih.        LJ (SR)   Coulomb (SR)
    7.57647e+01    2.92766e+01    1.27222e+01   -1.77089e+04   -1.34299e+02
      Potential    Kinetic En.   Total Energy  Conserved En.    Temperature
   -1.77254e+04    2.53508e+03   -1.51903e+04   -7.05550e+05    2.97174e+02
 Pressure (bar)
   -6.19158e+01

           Step           Time
       25350000    50700.00000

   Energies (kJ/mol)
           Bond       G96Angle  Improper Dih.        LJ (SR)   Coulomb (SR)
    4.30933e+01    3.51237e+01    1.15672e+01   -1.78378e+04   -1.14709e+02
      Potential    Kinetic En.   Total Energy  Conserved En.    Temperature
   -1.78627e+04    2.63573e+03   -1.52270e+04   -7.06969e+05    3.08972e+02
 Pressure (bar)
    3.71272e+01

           Step           Time
       25400000    50800.00000

   Energies (kJ/mol)
           Bond       G96Angle  Improper Dih.        LJ (SR)   Coulomb (SR)
    5.15719e+01    4.32538e+01    1.94445e+01   -1.77277e+04   -1.13940e+02
      Potential    Kinetic En.   Total Energy  Conserved En.    Temperature
   -1.77274e+04    2.62639e+03   -1.51010e+04   -7.08441e+05    3.07877e+02
 Pressure (bar)
   -4.77056e+01

           Step           Time
       25450000    50900.00000

   Energies (kJ/mol)
           Bond       G96Angle  Improper Dih.        LJ (SR)   Coulomb (SR)
    4.81493e+01    3.28753e+01    6.69117e+00   -1.76692e+04   -1.32531e+02
      Potential    Kinetic En.   Total Energy  Conserved En.    Temperature
   -1.77140e+04    2.48363e+03   -1.52304e+04   -7.09966e+05    2.91143e+02
 Pressure (bar)
   -1.17962e+01

           Step           Time
       25500000    51000.00000

   Energies (kJ/mol)
           Bond       G96Angle  Improper Dih.        LJ (SR)   Coulomb (SR)
    4.33170e+01    2.40551e+01    8.44627e+00   -1.78833e+04   -1.38145e+02
      Potential    Kinetic En.   Total Energy  Conserved En.    Temperature
   -1.79456e+04    2.87043e+03   -1.50752e+04   -7.11597e+05    3.36485e+02
 Pressure (bar)
   -1.35915e+02

           Step           Time
       25550000    51100.00000

   Energies (kJ/mol)
           Bond       G96Angle  Improper Dih.        LJ (SR)   Coulomb (SR)
    3.63493e+01    3.24399e+01    1.12352e+01   -1.78220e+04   -9.23181e+01
      Potential    Kinetic En.   Total Energy  Conserved En.    Temperature
   -1.78343e+04    2.58778e+03   -1.52465e+04   -7.13227e+05    3.03351e+02
 Pressure (bar)
   -7.76285e+01

           Step           Time
       25600000    51200.00000

   Energies (kJ/mol)
           Bond       G96Angle  Improper Dih.        LJ (SR)   Coulomb (SR)
    5.17406e+01    2.86745e+01    1.99588e+01   -1.80675e+04   -1.07670e+02
      Potential    Kinetic En.   Total Energy  Conserved En.    Temperature
   -1.80748e+04    2.57184e+03   -1.55030e+04   -7.14837e+05    3.01482e+02
 Pressure (bar)
    2.39939e+02

Large VCM(group glycoprotein):     -0.04128,     -0.17654,     -0.17212, Temp-cm:  1.12740e+00
Large VCM(group glycoprotein):      0.00223,      0.24617,     -0.02256, Temp-cm:  1.10245e+00
           Step           Time
       25650000    51300.00000

   Energies (kJ/mol)
           Bond       G96Angle  Improper Dih.        LJ (SR)   Coulomb (SR)
    4.06740e+02    1.47854e+02    6.60785e+01   -1.44365e+04   -1.33967e+02
      Potential    Kinetic En.   Total Energy  Conserved En.    Temperature
   -1.39498e+04    7.61433e+03   -6.33551e+03   -7.00831e+05    8.92587e+02
 Pressure (bar)
    3.77971e+03

           Step           Time
       25700000    51400.00000

   Energies (kJ/mol)
           Bond       G96Angle  Improper Dih.        LJ (SR)   Coulomb (SR)
    3.93240e+01    1.87315e+01    1.00093e+01   -1.77754e+04   -1.30639e+02
      Potential    Kinetic En.   Total Energy  Conserved En.    Temperature
   -1.78380e+04    2.89936e+03   -1.49387e+04   -7.02431e+05    3.39876e+02
 Pressure (bar)
    3.86238e+02

           Step           Time
       25750000    51500.00000

   Energies (kJ/mol)
           Bond       G96Angle  Improper Dih.        LJ (SR)   Coulomb (SR)
    5.55811e+01    4.15118e+01    2.51157e+01   -1.77297e+04   -1.23619e+02
      Potential    Kinetic En.   Total Energy  Conserved En.    Temperature
   -1.77311e+04    2.77336e+03   -1.49577e+04   -7.04015e+05    3.25105e+02
 Pressure (bar)
   -2.85691e+02

           Step           Time
       25800000    51600.00000

   Energies (kJ/mol)
           Bond       G96Angle  Improper Dih.        LJ (SR)   Coulomb (SR)
    6.40147e+01    3.19119e+01    1.79107e+01   -1.78300e+04   -1.16737e+02
      Potential    Kinetic En.   Total Energy  Conserved En.    Temperature
   -1.78329e+04    2.69220e+03   -1.51407e+04   -7.05462e+05    3.15592e+02
 Pressure (bar)
    5.83720e+01

           Step           Time
       25850000    51700.00000

   Energies (kJ/mol)
           Bond       G96Angle  Improper Dih.        LJ (SR)   Coulomb (SR)
    7.75709e+01    4.11258e+01    1.79396e+01   -1.77865e+04   -1.22762e+02
      Potential    Kinetic En.   Total Energy  Conserved En.    Temperature
   -1.77726e+04    2.70015e+03   -1.50725e+04   -7.06876e+05    3.16524e+02
 Pressure (bar)
    7.85497e+01

           Step           Time
       25900000    51800.00000

   Energies (kJ/mol)
           Bond       G96Angle  Improper Dih.        LJ (SR)   Coulomb (SR)
    4.64348e+01    2.52566e+01    1.25545e+01   -1.79187e+04   -1.20499e+02
      Potential    Kinetic En.   Total Energy  Conserved En.    Temperature
   -1.79549e+04    2.48239e+03   -1.54725e+04   -7.08428e+05    2.90997e+02
 Pressure (bar)
    4.30676e+01

Writing checkpoint, step 25900020 at Wed Apr  1 17:20:21 2026


           Step           Time
       25950000    51900.00000

   Energies (kJ/mol)
           Bond       G96Angle  Improper Dih.        LJ (SR)   Coulomb (SR)
    3.01235e+01    2.86323e+01    8.86227e+00   -1.75440e+04   -1.44238e+02
      Potential    Kinetic En.   Total Energy  Conserved En.    Temperature
   -1.76206e+04    2.38329e+03   -1.52374e+04   -7.10032e+05    2.79380e+02
 Pressure (bar)
    1.36191e+02

           Step           Time
       26000000    52000.00000

   Energies (kJ/mol)
           Bond       G96Angle  Improper Dih.        LJ (SR)   Coulomb (SR)
    4.19000e+01    3.65248e+01    1.75430e+01   -1.77371e+04   -1.48763e+02
      Potential    Kinetic En.   Total Energy  Conserved En.    Temperature
   -1.77899e+04    2.62320e+03   -1.51667e+04   -7.11596e+05    3.07504e+02
 Pressure (bar)
   -3.19805e+01

           Step           Time
       26050000    52100.00000

   Energies (kJ/mol)
           Bond       G96Angle  Improper Dih.        LJ (SR)   Coulomb (SR)
    7.38894e+01    4.86762e+01    1.71063e+01   -1.79491e+04   -1.22648e+02
      Potential    Kinetic En.   Total Energy  Conserved En.    Temperature
   -1.79321e+04    2.66929e+03   -1.52628e+04   -7.13153e+05    3.12906e+02
 Pressure (bar)
   -1.01186e+02

           Step           Time
       26100000    52200.00000

   Energies (kJ/mol)
           Bond       G96Angle  Improper Dih.        LJ (SR)   Coulomb (SR)
    6.23069e+01    3.74021e+01    8.59419e+00   -1.78217e+04   -1.65769e+02
      Potential    Kinetic En.   Total Energy  Conserved En.    Temperature
   -1.78792e+04    2.55335e+03   -1.53258e+04   -7.14509e+05    2.99316e+02
 Pressure (bar)
    9.39471e+00

           Step           Time
       26150000    52300.00000

   Energies (kJ/mol)
           Bond       G96Angle  Improper Dih.        LJ (SR)   Coulomb (SR)
    4.11877e+01    4.25208e+01    9.76021e+00   -1.76997e+04   -1.45911e+02
      Potential    Kinetic En.   Total Energy  Conserved En.    Temperature
   -1.77521e+04    2.62610e+03   -1.51260e+04   -7.16077e+05    3.07843e+02
 Pressure (bar)
    1.97653e+02

           Step           Time
       26200000    52400.00000

   Energies (kJ/mol)
           Bond       G96Angle  Improper Dih.        LJ (SR)   Coulomb (SR)
    8.15148e+01    4.61477e+01    5.55850e+00   -1.79298e+04   -1.50226e+02
      Potential    Kinetic En.   Total Energy  Conserved En.    Temperature
   -1.79468e+04    2.65442e+03   -1.52924e+04   -7.17617e+05    3.11163e+02
 Pressure (bar)
   -1.46739e+02

           Step           Time
       26250000    52500.00000

   Energies (kJ/mol)
           Bond       G96Angle  Improper Dih.        LJ (SR)   Coulomb (SR)
    4.91140e+01    2.54987e+01    1.30594e+01   -1.77556e+04   -1.27332e+02
      Potential    Kinetic En.   Total Energy  Conserved En.    Temperature
   -1.77953e+04    2.50419e+03   -1.52911e+04   -7.19216e+05    2.93552e+02
 Pressure (bar)
   -1.64015e+02

           Step           Time
       26300000    52600.00000

   Energies (kJ/mol)
           Bond       G96Angle  Improper Dih.        LJ (SR)   Coulomb (SR)
    7.40135e+01    3.28460e+01    1.41083e+01   -1.78202e+04   -1.22460e+02
      Potential    Kinetic En.   Total Energy  Conserved En.    Temperature
   -1.78217e+04    2.63682e+03   -1.51849e+04   -7.20547e+05    3.09100e+02
 Pressure (bar)
   -4.52809e+01

           Step           Time
       26350000    52700.00000

   Energies (kJ/mol)
           Bond       G96Angle  Improper Dih.        LJ (SR)   Coulomb (SR)
    5.97551e+01    4.86503e+01    1.41483e+01   -1.78560e+04   -1.20345e+02
      Potential    Kinetic En.   Total Energy  Conserved En.    Temperature
   -1.78537e+04    2.77650e+03   -1.50773e+04   -7.22153e+05    3.25474e+02
 Pressure (bar)
    2.57874e+01

           Step           Time
       26400000    52800.00000

   Energies (kJ/mol)
           Bond       G96Angle  Improper Dih.        LJ (SR)   Coulomb (SR)
    3.15709e+01    2.32787e+01    2.18684e+01   -1.73489e+04   -1.04073e+02
      Potential    Kinetic En.   Total Energy  Conserved En.    Temperature
   -1.73763e+04    2.77294e+03   -1.46033e+04   -7.23719e+05    3.25057e+02
 Pressure (bar)
    2.68333e+01

           Step           Time
       26450000    52900.00000

   Energies (kJ/mol)
           Bond       G96Angle  Improper Dih.        LJ (SR)   Coulomb (SR)
    5.17598e+01    3.20752e+01    1.44561e+01   -1.79398e+04   -1.34814e+02
      Potential    Kinetic En.   Total Energy  Conserved En.    Temperature
   -1.79763e+04    2.71466e+03   -1.52616e+04   -7.25156e+05    3.18225e+02
 Pressure (bar)
    1.07920e+02

           Step           Time
       26500000    53000.00000

   Energies (kJ/mol)
           Bond       G96Angle  Improper Dih.        LJ (SR)   Coulomb (SR)
    4.58798e+01    3.03991e+01    1.43085e+01   -1.76977e+04   -1.11297e+02
      Potential    Kinetic En.   Total Energy  Conserved En.    Temperature
   -1.77184e+04    2.61506e+03   -1.51034e+04   -7.26711e+05    3.06549e+02
 Pressure (bar)
    9.52633e+01

           Step           Time
       26550000    53100.00000

   Energies (kJ/mol)
           Bond       G96Angle  Improper Dih.        LJ (SR)   Coulomb (SR)
    4.76787e+01    3.64941e+01    1.42919e+01   -1.77824e+04   -1.10616e+02
      Potential    Kinetic En.   Total Energy  Conserved En.    Temperature
   -1.77946e+04    2.64985e+03   -1.51447e+04   -7.28231e+05    3.10627e+02
 Pressure (bar)
    1.84462e+01

           Step           Time
       26600000    53200.00000

   Energies (kJ/mol)
           Bond       G96Angle  Improper Dih.        LJ (SR)   Coulomb (SR)
    5.31572e+01    2.76400e+01    1.17531e+01   -1.75978e+04   -9.40035e+01
      Potential    Kinetic En.   Total Energy  Conserved En.    Temperature
   -1.75992e+04    2.74368e+03   -1.48555e+04   -7.29840e+05    3.21627e+02
 Pressure (bar)
    3.58980e+01

           Step           Time
       26650000    53300.00000

   Energies (kJ/mol)
           Bond       G96Angle  Improper Dih.        LJ (SR)   Coulomb (SR)
    5.09210e+01    2.87249e+01    9.04967e+00   -1.75925e+04   -1.13185e+02
      Potential    Kinetic En.   Total Energy  Conserved En.    Temperature
   -1.76170e+04    2.68775e+03   -1.49293e+04   -7.31115e+05    3.15070e+02
 Pressure (bar)
   -9.38077e+01

           Step           Time
       26700000    53400.00000

   Energies (kJ/mol)
           Bond       G96Angle  Improper Dih.        LJ (SR)   Coulomb (SR)
    7.63070e+01    3.04980e+01    2.20607e+01   -1.78523e+04   -1.20374e+02
      Potential    Kinetic En.   Total Energy  Conserved En.    Temperature
   -1.78438e+04    2.89202e+03   -1.49518e+04   -7.32549e+05    3.39016e+02
 Pressure (bar)
    6.18778e+01

           Step           Time
       26750000    53500.00000

   Energies (kJ/mol)
           Bond       G96Angle  Improper Dih.        LJ (SR)   Coulomb (SR)
    5.33918e+01    4.11739e+01    2.30177e+01   -1.78221e+04   -1.23323e+02
      Potential    Kinetic En.   Total Energy  Conserved En.    Temperature
   -1.78278e+04    2.68080e+03   -1.51470e+04   -7.34153e+05    3.14255e+02
 Pressure (bar)
    1.70795e+01

           Step           Time
       26800000    53600.00000

   Energies (kJ/mol)
           Bond       G96Angle  Improper Dih.        LJ (SR)   Coulomb (SR)
    4.56779e+01    1.56551e+01    1.69284e+01   -1.75561e+04   -1.27959e+02
      Potential    Kinetic En.   Total Energy  Conserved En.    Temperature
   -1.76058e+04    2.64631e+03   -1.49594e+04   -7.35665e+05    3.10213e+02
 Pressure (bar)
   -9.93650e+01

           Step           Time
       26850000    53700.00000

   Energies (kJ/mol)
           Bond       G96Angle  Improper Dih.        LJ (SR)   Coulomb (SR)
    3.67352e+01    5.00219e+01    1.00966e+01   -1.75527e+04   -1.16453e+02
      Potential    Kinetic En.   Total Energy  Conserved En.    Temperature
   -1.75723e+04    2.63028e+03   -1.49420e+04   -7.36930e+05    3.08334e+02
 Pressure (bar)
    1.57774e+01

           Step           Time
       26900000    53800.00000

   Energies (kJ/mol)
           Bond       G96Angle  Improper Dih.        LJ (SR)   Coulomb (SR)
    5.47914e+01    2.92506e+01    9.67751e+00   -1.78284e+04   -1.00429e+02
      Potential    Kinetic En.   Total Energy  Conserved En.    Temperature
   -1.78351e+04    2.75123e+03   -1.50839e+04   -7.38317e+05    3.22511e+02
 Pressure (bar)
    1.45418e+02

           Step           Time
       26950000    53900.00000

   Energies (kJ/mol)
           Bond       G96Angle  Improper Dih.        LJ (SR)   Coulomb (SR)
    4.55112e+01    3.64987e+01    5.19767e+00   -1.76704e+04   -1.35349e+02
      Potential    Kinetic En.   Total Energy  Conserved En.    Temperature
   -1.77185e+04    2.57591e+03   -1.51426e+04   -7.39789e+05    3.01960e+02
 Pressure (bar)
   -1.68230e+02

           Step           Time
       27000000    54000.00000

   Energies (kJ/mol)
           Bond       G96Angle  Improper Dih.        LJ (SR)   Coulomb (SR)
    6.73376e+01    3.55652e+01    9.41310e+00   -1.78483e+04   -1.26278e+02
      Potential    Kinetic En.   Total Energy  Conserved En.    Temperature
   -1.78622e+04    2.52392e+03   -1.53383e+04   -7.41239e+05    2.95865e+02
 Pressure (bar)
    1.04985e+02

           Step           Time
       27050000    54100.00000

   Energies (kJ/mol)
           Bond       G96Angle  Improper Dih.        LJ (SR)   Coulomb (SR)
    6.04902e+01    3.12553e+01    7.89160e+00   -1.78640e+04   -1.48587e+02
      Potential    Kinetic En.   Total Energy  Conserved En.    Temperature
   -1.79130e+04    2.63545e+03   -1.52775e+04   -7.42683e+05    3.08940e+02
 Pressure (bar)
   -1.96431e+01

           Step           Time
       27100000    54200.00000

   Energies (kJ/mol)
           Bond       G96Angle  Improper Dih.        LJ (SR)   Coulomb (SR)
    5.39006e+01    4.29630e+01    7.01120e+00   -1.78754e+04   -1.33624e+02
      Potential    Kinetic En.   Total Energy  Conserved En.    Temperature
   -1.79051e+04    2.70385e+03   -1.52013e+04   -7.44132e+05    3.16958e+02
 Pressure (bar)
   -2.99745e+01

           Step           Time
       27150000    54300.00000

   Energies (kJ/mol)
           Bond       G96Angle  Improper Dih.        LJ (SR)   Coulomb (SR)
    5.63329e+01    4.46177e+01    1.20534e+01   -1.76377e+04   -1.43005e+02
      Potential    Kinetic En.   Total Energy  Conserved En.    Temperature
   -1.76677e+04    2.55593e+03   -1.51118e+04   -7.45737e+05    2.99618e+02
 Pressure (bar)
    1.48735e+02

           Step           Time
       27200000    54400.00000

   Energies (kJ/mol)
           Bond       G96Angle  Improper Dih.        LJ (SR)   Coulomb (SR)
    5.30408e+01    3.50691e+01    1.06478e+01   -1.78924e+04   -1.24852e+02
      Potential    Kinetic En.   Total Energy  Conserved En.    Temperature
   -1.79185e+04    2.62012e+03   -1.52984e+04   -7.47346e+05    3.07142e+02
 Pressure (bar)
    1.33958e+02

           Step           Time
       27250000    54500.00000

   Energies (kJ/mol)
           Bond       G96Angle  Improper Dih.        LJ (SR)   Coulomb (SR)
    5.80330e+01    1.88751e+01    1.80390e+01   -1.76073e+04   -1.28488e+02
      Potential    Kinetic En.   Total Energy  Conserved En.    Temperature
   -1.76408e+04    2.83359e+03   -1.48073e+04   -7.47979e+05    3.32167e+02
 Pressure (bar)
    3.14046e+01

           Step           Time
       27300000    54600.00000

   Energies (kJ/mol)
           Bond       G96Angle  Improper Dih.        LJ (SR)   Coulomb (SR)
    4.25481e+01    3.64831e+01    1.35828e+01   -1.75820e+04   -1.11867e+02
      Potential    Kinetic En.   Total Energy  Conserved En.    Temperature
   -1.76013e+04    2.69145e+03   -1.49098e+04   -7.49557e+05    3.15504e+02
 Pressure (bar)
   -1.20974e+00

           Step           Time
       27350000    54700.00000

   Energies (kJ/mol)
           Bond       G96Angle  Improper Dih.        LJ (SR)   Coulomb (SR)
    5.25545e+01    4.06901e+01    5.31985e+00   -1.77424e+04   -1.39007e+02
      Potential    Kinetic En.   Total Energy  Conserved En.    Temperature
   -1.77828e+04    2.70133e+03   -1.50815e+04   -7.50753e+05    3.16662e+02
 Pressure (bar)
   -1.08582e+01

           Step           Time
       27400000    54800.00000

   Energies (kJ/mol)
           Bond       G96Angle  Improper Dih.        LJ (SR)   Coulomb (SR)
    4.36598e+01    3.12241e+01    3.16659e+00   -1.78548e+04   -1.28646e+02
      Potential    Kinetic En.   Total Energy  Conserved En.    Temperature
   -1.79054e+04    2.60167e+03   -1.53037e+04   -7.52144e+05    3.04980e+02
 Pressure (bar)
    1.09044e+01

           Step           Time
       27450000    54900.00000

   Energies (kJ/mol)
           Bond       G96Angle  Improper Dih.        LJ (SR)   Coulomb (SR)
    4.17950e+01    4.10500e+01    1.39070e+01   -1.78273e+04   -1.42741e+02
      Potential    Kinetic En.   Total Energy  Conserved En.    Temperature
   -1.78733e+04    2.78618e+03   -1.50871e+04   -7.53337e+05    3.26608e+02
 Pressure (bar)
    2.08070e+02

           Step           Time
       27500000    55000.00000

   Energies (kJ/mol)
           Bond       G96Angle  Improper Dih.        LJ (SR)   Coulomb (SR)
    5.48936e+01    3.39857e+01    7.81950e+00   -1.77807e+04   -1.25628e+02
      Potential    Kinetic En.   Total Energy  Conserved En.    Temperature
   -1.78096e+04    2.65055e+03   -1.51591e+04   -7.54935e+05    3.10710e+02
 Pressure (bar)
   -5.93475e+01

           Step           Time
       27550000    55100.00000

   Energies (kJ/mol)
           Bond       G96Angle  Improper Dih.        LJ (SR)   Coulomb (SR)
    3.87747e+01    2.44436e+01    1.22584e+01   -1.78066e+04   -1.42813e+02
      Potential    Kinetic En.   Total Energy  Conserved En.    Temperature
   -1.78739e+04    2.64863e+03   -1.52253e+04   -7.56539e+05    3.10484e+02
 Pressure (bar)
    3.78934e+01

           Step           Time
       27600000    55200.00000

   Energies (kJ/mol)
           Bond       G96Angle  Improper Dih.        LJ (SR)   Coulomb (SR)
    4.19038e+01    4.53692e+01    1.71479e+01   -1.73338e+04   -1.27907e+02
      Potential    Kinetic En.   Total Energy  Conserved En.    Temperature
   -1.73573e+04    2.64501e+03   -1.47123e+04   -7.58127e+05    3.10060e+02
 Pressure (bar)
    1.07311e+02

           Step           Time
       27650000    55300.00000

   Energies (kJ/mol)
           Bond       G96Angle  Improper Dih.        LJ (SR)   Coulomb (SR)
    5.56958e+01    2.05212e+01    1.25154e+01   -1.79007e+04   -1.39310e+02
      Potential    Kinetic En.   Total Energy  Conserved En.    Temperature
   -1.79513e+04    2.49741e+03   -1.54539e+04   -7.59615e+05    2.92758e+02
 Pressure (bar)
   -1.30127e+02

           Step           Time
       27700000    55400.00000

   Energies (kJ/mol)
           Bond       G96Angle  Improper Dih.        LJ (SR)   Coulomb (SR)
    5.81185e+01    2.53565e+01    1.70790e+01   -1.75583e+04   -1.30821e+02
      Potential    Kinetic En.   Total Energy  Conserved En.    Temperature
   -1.75886e+04    2.51771e+03   -1.50709e+04   -7.61264e+05    2.95138e+02
 Pressure (bar)
    1.82687e+01

           Step           Time
       27750000    55500.00000

   Energies (kJ/mol)
           Bond       G96Angle  Improper Dih.        LJ (SR)   Coulomb (SR)
    7.34419e+01    3.26122e+01    9.62350e+00   -1.78553e+04   -1.22012e+02
      Potential    Kinetic En.   Total Energy  Conserved En.    Temperature
   -1.78617e+04    2.76012e+03   -1.51015e+04   -7.62773e+05    3.23554e+02
 Pressure (bar)
    2.42582e+01

           Step           Time
       27800000    55600.00000

   Energies (kJ/mol)
           Bond       G96Angle  Improper Dih.        LJ (SR)   Coulomb (SR)
    5.32235e+01    3.76310e+01    1.55306e+01   -1.79901e+04   -1.22218e+02
      Potential    Kinetic En.   Total Energy  Conserved En.    Temperature
   -1.80059e+04    2.69862e+03   -1.53073e+04   -7.64352e+05    3.16344e+02
 Pressure (bar)
    1.69068e+02

           Step           Time
       27850000    55700.00000

   Energies (kJ/mol)
           Bond       G96Angle  Improper Dih.        LJ (SR)   Coulomb (SR)
    6.16972e+01    2.74596e+01    2.30758e+01   -1.74152e+04   -1.33786e+02
      Potential    Kinetic En.   Total Energy  Conserved En.    Temperature
   -1.74368e+04    2.74453e+03   -1.46922e+04   -7.65846e+05    3.21727e+02
 Pressure (bar)
    2.59900e+02

           Step           Time
       27900000    55800.00000

   Energies (kJ/mol)
           Bond       G96Angle  Improper Dih.        LJ (SR)   Coulomb (SR)
    4.96442e+01    2.72085e+01    1.09848e+01   -1.79029e+04   -1.21085e+02
      Potential    Kinetic En.   Total Energy  Conserved En.    Temperature
   -1.79362e+04    2.58218e+03   -1.53540e+04   -7.67387e+05    3.02695e+02
 Pressure (bar)
    6.99370e+01

           Step           Time
       27950000    55900.00000

   Energies (kJ/mol)
           Bond       G96Angle  Improper Dih.        LJ (SR)   Coulomb (SR)
    5.15296e+01    2.27328e+01    1.39138e+01   -1.78298e+04   -1.38181e+02
      Potential    Kinetic En.   Total Energy  Conserved En.    Temperature
   -1.78798e+04    2.61249e+03   -1.52673e+04   -7.68713e+05    3.06248e+02
 Pressure (bar)
    5.60828e+01

           Step           Time
       28000000    56000.00000

   Energies (kJ/mol)
           Bond       G96Angle  Improper Dih.        LJ (SR)   Coulomb (SR)
    5.99079e+01    2.54886e+01    1.14284e+01   -1.77426e+04   -1.34994e+02
      Potential    Kinetic En.   Total Energy  Conserved En.    Temperature
   -1.77808e+04    2.55389e+03   -1.52269e+04   -7.70192e+05    2.99379e+02
 Pressure (bar)
    2.50967e+02

           Step           Time
       28050000    56100.00000

   Energies (kJ/mol)
           Bond       G96Angle  Improper Dih.        LJ (SR)   Coulomb (SR)
    9.22751e+01    3.14610e+01    1.41757e+01   -1.78600e+04   -1.41586e+02
      Potential    Kinetic En.   Total Energy  Conserved En.    Temperature
   -1.78637e+04    2.76228e+03   -1.51014e+04   -7.71673e+05    3.23807e+02
 Pressure (bar)
    2.43142e+02

           Step           Time
       28100000    56200.00000

   Energies (kJ/mol)
           Bond       G96Angle  Improper Dih.        LJ (SR)   Coulomb (SR)
    6.12648e+01    4.14558e+01    1.05465e+01   -1.78011e+04   -1.27529e+02
      Potential    Kinetic En.   Total Energy  Conserved En.    Temperature
   -1.78154e+04    2.71153e+03   -1.51038e+04   -7.72986e+05    3.17858e+02
 Pressure (bar)
   -2.49689e+01

           Step           Time
       28150000    56300.00000

   Energies (kJ/mol)
           Bond       G96Angle  Improper Dih.        LJ (SR)   Coulomb (SR)
    5.77093e+01    3.40157e+01    1.09087e+01   -1.79836e+04   -1.24632e+02
      Potential    Kinetic En.   Total Energy  Conserved En.    Temperature
   -1.80056e+04    2.46615e+03   -1.55395e+04   -7.74483e+05    2.89094e+02
 Pressure (bar)
    2.35503e+01

           Step           Time
       28200000    56400.00000

   Energies (kJ/mol)
           Bond       G96Angle  Improper Dih.        LJ (SR)   Coulomb (SR)
    4.99411e+01    3.12901e+01    1.13187e+01   -1.75162e+04   -1.33004e+02
      Potential    Kinetic En.   Total Energy  Conserved En.    Temperature
   -1.75566e+04    2.57126e+03   -1.49854e+04   -7.76075e+05    3.01414e+02
 Pressure (bar)
    2.61826e+01

           Step           Time
       28250000    56500.00000

   Energies (kJ/mol)
           Bond       G96Angle  Improper Dih.        LJ (SR)   Coulomb (SR)
    5.94125e+01    3.72788e+01    7.40907e+00   -1.76136e+04   -1.29828e+02
      Potential    Kinetic En.   Total Energy  Conserved En.    Temperature
   -1.76393e+04    2.58615e+03   -1.50532e+04   -7.77667e+05    3.03160e+02
 Pressure (bar)
   -3.09051e+01

           Step           Time
       28300000    56600.00000

   Energies (kJ/mol)
           Bond       G96Angle  Improper Dih.        LJ (SR)   Coulomb (SR)
    7.05271e+01    4.89361e+01    1.80368e+01   -1.78232e+04   -1.14146e+02
      Potential    Kinetic En.   Total Energy  Conserved En.    Temperature
   -1.77999e+04    2.74213e+03   -1.50577e+04   -7.79173e+05    3.21445e+02
 Pressure (bar)
    1.38144e+02

           Step           Time
       28350000    56700.00000

   Energies (kJ/mol)
           Bond       G96Angle  Improper Dih.        LJ (SR)   Coulomb (SR)
    6.63278e+01    3.60388e+01    1.25936e+01   -1.76451e+04   -1.29704e+02
      Potential    Kinetic En.   Total Energy  Conserved En.    Temperature
   -1.76599e+04    2.71253e+03   -1.49474e+04   -7.80736e+05    3.17975e+02
 Pressure (bar)
    2.63638e+01

           Step           Time
       28400000    56800.00000

   Energies (kJ/mol)
           Bond       G96Angle  Improper Dih.        LJ (SR)   Coulomb (SR)
    4.79406e+01    3.03181e+01    1.17371e+01   -1.77866e+04   -1.30013e+02
      Potential    Kinetic En.   Total Energy  Conserved En.    Temperature
   -1.78266e+04    2.63870e+03   -1.51879e+04   -7.82250e+05    3.09321e+02
 Pressure (bar)
    3.35637e+02

           Step           Time
       28450000    56900.00000

   Energies (kJ/mol)
           Bond       G96Angle  Improper Dih.        LJ (SR)   Coulomb (SR)
    6.44501e+01    3.61412e+01    1.52103e+01   -1.78366e+04   -1.24504e+02
      Potential    Kinetic En.   Total Energy  Conserved En.    Temperature
   -1.78453e+04    2.61852e+03   -1.52268e+04   -7.83758e+05    3.06955e+02
 Pressure (bar)
    6.41917e+01

           Step           Time
       28500000    57000.00000

   Energies (kJ/mol)
           Bond       G96Angle  Improper Dih.        LJ (SR)   Coulomb (SR)
    4.07131e+01    3.82715e+01    1.12907e+01   -1.80475e+04   -1.25515e+02
      Potential    Kinetic En.   Total Energy  Conserved En.    Temperature
   -1.80827e+04    2.52364e+03   -1.55591e+04   -7.85235e+05    2.95832e+02
 Pressure (bar)
   -2.92098e+01

           Step           Time
       28550000    57100.00000

   Energies (kJ/mol)
           Bond       G96Angle  Improper Dih.        LJ (SR)   Coulomb (SR)
    5.20232e+01    4.18511e+01    1.31061e+01   -1.78336e+04   -1.08967e+02
      Potential    Kinetic En.   Total Energy  Conserved En.    Temperature
   -1.78356e+04    2.73342e+03   -1.51022e+04   -7.86690e+05    3.20423e+02
 Pressure (bar)
   -1.30100e+02

           Step           Time
       28600000    57200.00000

   Energies (kJ/mol)
           Bond       G96Angle  Improper Dih.        LJ (SR)   Coulomb (SR)
    7.27141e+01    3.95904e+01    1.99910e+01   -1.78894e+04   -1.45252e+02
      Potential    Kinetic En.   Total Energy  Conserved En.    Temperature
   -1.79023e+04    2.83516e+03   -1.50672e+04   -7.88338e+05    3.32351e+02
 Pressure (bar)
    1.80020e+01

           Step           Time
       28650000    57300.00000

   Energies (kJ/mol)
           Bond       G96Angle  Improper Dih.        LJ (SR)   Coulomb (SR)
    4.07147e+01    4.40486e+01    7.02244e+00   -1.74900e+04   -1.31195e+02
      Potential    Kinetic En.   Total Energy  Conserved En.    Temperature
   -1.75294e+04    2.73005e+03   -1.47993e+04   -7.90002e+05    3.20028e+02
 Pressure (bar)
   -2.85487e+01

           Step           Time
       28700000    57400.00000

   Energies (kJ/mol)
           Bond       G96Angle  Improper Dih.        LJ (SR)   Coulomb (SR)
    5.43219e+01    4.27231e+01    1.61312e+01   -1.78311e+04   -1.31178e+02
      Potential    Kinetic En.   Total Energy  Conserved En.    Temperature
   -1.78491e+04    2.55165e+03   -1.52974e+04   -7.91595e+05    2.99116e+02
 Pressure (bar)
    8.66313e+01

           Step           Time
       28750000    57500.00000

   Energies (kJ/mol)
           Bond       G96Angle  Improper Dih.        LJ (SR)   Coulomb (SR)
    5.46612e+01    4.36245e+01    1.61861e+01   -1.75653e+04   -1.48359e+02
      Potential    Kinetic En.   Total Energy  Conserved En.    Temperature
   -1.75992e+04    2.44624e+03   -1.51529e+04   -7.93132e+05    2.86760e+02
 Pressure (bar)
    9.74299e+01

           Step           Time
       28800000    57600.00000

   Energies (kJ/mol)
           Bond       G96Angle  Improper Dih.        LJ (SR)   Coulomb (SR)
    3.75205e+01    3.08317e+01    3.07430e+01   -1.78225e+04   -1.29676e+02
      Potential    Kinetic En.   Total Energy  Conserved En.    Temperature
   -1.78530e+04    2.74338e+03   -1.51097e+04   -7.94721e+05    3.21592e+02
 Pressure (bar)
   -1.24661e+02

           Step           Time
       28850000    57700.00000

   Energies (kJ/mol)
           Bond       G96Angle  Improper Dih.        LJ (SR)   Coulomb (SR)
    3.83312e+01    3.05301e+01    1.64453e+01   -1.76472e+04   -1.15443e+02
      Potential    Kinetic En.   Total Energy  Conserved En.    Temperature
   -1.76774e+04    2.54610e+03   -1.51313e+04   -7.96202e+05    2.98465e+02
 Pressure (bar)
   -1.97876e+02

           Step           Time
       28900000    57800.00000

   Energies (kJ/mol)
           Bond       G96Angle  Improper Dih.        LJ (SR)   Coulomb (SR)
    5.91116e+01    3.76830e+01    1.53008e+01   -1.75076e+04   -1.21656e+02
      Potential    Kinetic En.   Total Energy  Conserved En.    Temperature
   -1.75171e+04    2.68469e+03   -1.48325e+04   -7.97811e+05    3.14711e+02
 Pressure (bar)
   -2.77100e+01

           Step           Time
       28950000    57900.00000

   Energies (kJ/mol)
           Bond       G96Angle  Improper Dih.        LJ (SR)   Coulomb (SR)
    4.39179e+01    2.89753e+01    1.36463e+01   -1.78420e+04   -1.22402e+02
      Potential    Kinetic En.   Total Energy  Conserved En.    Temperature
   -1.78778e+04    2.72772e+03   -1.51501e+04   -7.99402e+05    3.19756e+02
 Pressure (bar)
    1.67147e+02

           Step           Time
       29000000    58000.00000

   Energies (kJ/mol)
           Bond       G96Angle  Improper Dih.        LJ (SR)   Coulomb (SR)
    6.01688e+01    2.48766e+01    2.11070e+01   -1.75415e+04   -1.27981e+02
      Potential    Kinetic En.   Total Energy  Conserved En.    Temperature
   -1.75633e+04    2.65036e+03   -1.49129e+04   -8.00912e+05    3.10687e+02
 Pressure (bar)
    1.21542e+02

           Step           Time
       29050000    58100.00000

   Energies (kJ/mol)
           Bond       G96Angle  Improper Dih.        LJ (SR)   Coulomb (SR)
    5.27182e+01    3.41143e+01    1.38966e+01   -1.76461e+04   -1.41502e+02
      Potential    Kinetic En.   Total Energy  Conserved En.    Temperature
   -1.76869e+04    2.61981e+03   -1.50670e+04   -8.02392e+05    3.07106e+02
 Pressure (bar)
   -2.11189e+02

           Step           Time
       29100000    58200.00000

   Energies (kJ/mol)
           Bond       G96Angle  Improper Dih.        LJ (SR)   Coulomb (SR)
    4.59972e+01    4.13050e+01    1.20728e+01   -1.76590e+04   -1.13753e+02
      Potential    Kinetic En.   Total Energy  Conserved En.    Temperature
   -1.76734e+04    2.70129e+03   -1.49721e+04   -8.03966e+05    3.16657e+02
 Pressure (bar)
    1.48802e+02

           Step           Time
       29150000    58300.00000

   Energies (kJ/mol)
           Bond       G96Angle  Improper Dih.        LJ (SR)   Coulomb (SR)
    8.33511e+01    3.30581e+01    1.17990e+01   -1.73562e+04   -1.45492e+02
      Potential    Kinetic En.   Total Energy  Conserved En.    Temperature
   -1.73734e+04    2.66715e+03   -1.47063e+04   -8.05566e+05    3.12655e+02
 Pressure (bar)
    2.40288e+02

           Step           Time
       29200000    58400.00000

   Energies (kJ/mol)
           Bond       G96Angle  Improper Dih.        LJ (SR)   Coulomb (SR)
    6.21083e+01    3.90134e+01    7.10031e+00   -1.77431e+04   -1.41760e+02
      Potential    Kinetic En.   Total Energy  Conserved En.    Temperature
   -1.77767e+04    2.51453e+03   -1.52621e+04   -8.07109e+05    2.94764e+02
 Pressure (bar)
   -8.47152e+01

           Step           Time
       29250000    58500.00000

   Energies (kJ/mol)
           Bond       G96Angle  Improper Dih.        LJ (SR)   Coulomb (SR)
    5.85808e+01    4.00202e+01    6.93949e+00   -1.77511e+04   -1.38586e+02
      Potential    Kinetic En.   Total Energy  Conserved En.    Temperature
   -1.77841e+04    2.55843e+03   -1.52257e+04   -8.08656e+05    2.99910e+02
 Pressure (bar)
   -1.15641e+02

           Step           Time
       29300000    58600.00000

   Energies (kJ/mol)
           Bond       G96Angle  Improper Dih.        LJ (SR)   Coulomb (SR)
    5.38024e+01    5.30147e+01    2.48781e+01   -1.76740e+04   -1.43058e+02
      Potential    Kinetic En.   Total Energy  Conserved En.    Temperature
   -1.76854e+04    2.63108e+03   -1.50543e+04   -8.10260e+05    3.08427e+02
 Pressure (bar)
    9.90466e+01

           Step           Time
       29350000    58700.00000

   Energies (kJ/mol)
           Bond       G96Angle  Improper Dih.        LJ (SR)   Coulomb (SR)
    4.98552e+01    2.78012e+01    2.02313e+01   -1.76955e+04   -1.31990e+02
      Potential    Kinetic En.   Total Energy  Conserved En.    Temperature
   -1.77296e+04    2.79840e+03   -1.49312e+04   -8.11853e+05    3.28042e+02
 Pressure (bar)
    1.54172e+02

           Step           Time
       29400000    58800.00000

   Energies (kJ/mol)
           Bond       G96Angle  Improper Dih.        LJ (SR)   Coulomb (SR)
    5.78291e+01    4.29423e+01    1.64104e+01   -1.75900e+04   -1.83018e+02
      Potential    Kinetic En.   Total Energy  Conserved En.    Temperature
   -1.76558e+04    2.58979e+03   -1.50660e+04   -8.13399e+05    3.03586e+02
 Pressure (bar)
   -1.87438e+02

           Step           Time
       29450000    58900.00000

   Energies (kJ/mol)
           Bond       G96Angle  Improper Dih.        LJ (SR)   Coulomb (SR)
    4.61204e+01    3.93134e+01    8.12976e+00   -1.75964e+04   -1.28258e+02
      Potential    Kinetic En.   Total Energy  Conserved En.    Temperature
   -1.76311e+04    2.80856e+03   -1.48225e+04   -8.14946e+05    3.29232e+02
 Pressure (bar)
   -5.19380e+01

           Step           Time
       29500000    59000.00000

   Energies (kJ/mol)
           Bond       G96Angle  Improper Dih.        LJ (SR)   Coulomb (SR)
    2.91982e+01    3.50940e+01    1.26325e+01   -1.77774e+04   -1.43606e+02
      Potential    Kinetic En.   Total Energy  Conserved En.    Temperature
   -1.78441e+04    2.64362e+03   -1.52005e+04   -8.16508e+05    3.09897e+02
 Pressure (bar)
    2.53574e+02

           Step           Time
       29550000    59100.00000

   Energies (kJ/mol)
           Bond       G96Angle  Improper Dih.        LJ (SR)   Coulomb (SR)
    5.93533e+01    3.62974e+01    2.27152e+01   -1.78518e+04   -1.41340e+02
      Potential    Kinetic En.   Total Energy  Conserved En.    Temperature
   -1.78748e+04    2.47878e+03   -1.53960e+04   -8.18116e+05    2.90574e+02
 Pressure (bar)
   -3.06550e+01

           Step           Time
       29600000    59200.00000

   Energies (kJ/mol)
           Bond       G96Angle  Improper Dih.        LJ (SR)   Coulomb (SR)
    6.03423e+01    3.70988e+01    1.08142e+01   -1.76522e+04   -1.38562e+02
      Potential    Kinetic En.   Total Energy  Conserved En.    Temperature
   -1.76825e+04    2.66141e+03   -1.50211e+04   -8.19773e+05    3.11982e+02
 Pressure (bar)
    3.71521e+02

           Step           Time
       29650000    59300.00000

   Energies (kJ/mol)
           Bond       G96Angle  Improper Dih.        LJ (SR)   Coulomb (SR)
    5.66318e+01    2.70288e+01    2.23532e+01   -1.77041e+04   -1.31856e+02
      Potential    Kinetic En.   Total Energy  Conserved En.    Temperature
   -1.77300e+04    2.48899e+03   -1.52410e+04   -8.21353e+05    2.91771e+02
 Pressure (bar)
   -1.13644e+01

           Step           Time
       29700000    59400.00000

   Energies (kJ/mol)
           Bond       G96Angle  Improper Dih.        LJ (SR)   Coulomb (SR)
    8.49418e+01    3.05841e+01    1.21570e+01   -1.78786e+04   -1.38693e+02
      Potential    Kinetic En.   Total Energy  Conserved En.    Temperature
   -1.78896e+04    2.57190e+03   -1.53177e+04   -8.22893e+05    3.01490e+02
 Pressure (bar)
    6.56863e+01

           Step           Time
       29750000    59500.00000

   Energies (kJ/mol)
           Bond       G96Angle  Improper Dih.        LJ (SR)   Coulomb (SR)
    3.86162e+01    2.28550e+01    9.18357e+00   -1.75501e+04   -1.35338e+02
      Potential    Kinetic En.   Total Energy  Conserved En.    Temperature
   -1.76148e+04    2.63203e+03   -1.49827e+04   -8.24614e+05    3.08538e+02
 Pressure (bar)
    1.43772e+01

           Step           Time
       29800000    59600.00000

   Energies (kJ/mol)
           Bond       G96Angle  Improper Dih.        LJ (SR)   Coulomb (SR)
    4.86789e+01    2.07511e+01    1.17154e+01   -1.76372e+04   -1.43632e+02
      Potential    Kinetic En.   Total Energy  Conserved En.    Temperature
   -1.76997e+04    2.69995e+03   -1.49997e+04   -8.26166e+05    3.16500e+02
 Pressure (bar)
   -8.05462e+01

           Step           Time
       29850000    59700.00000

   Energies (kJ/mol)
           Bond       G96Angle  Improper Dih.        LJ (SR)   Coulomb (SR)
    8.79134e+01    4.35259e+01    1.68862e+01   -1.77619e+04   -1.45801e+02
      Potential    Kinetic En.   Total Energy  Conserved En.    Temperature
   -1.77593e+04    2.63301e+03   -1.51263e+04   -8.27642e+05    3.08653e+02
 Pressure (bar)
    2.28919e+02

           Step           Time
       29900000    59800.00000

   Energies (kJ/mol)
           Bond       G96Angle  Improper Dih.        LJ (SR)   Coulomb (SR)
    6.46135e+01    2.27997e+01    9.10255e+00   -1.76902e+04   -1.40283e+02
      Potential    Kinetic En.   Total Energy  Conserved En.    Temperature
   -1.77339e+04    2.54919e+03   -1.51847e+04   -8.29341e+05    2.98828e+02
 Pressure (bar)
    2.03683e+02

           Step           Time
       29950000    59900.00000

   Energies (kJ/mol)
           Bond       G96Angle  Improper Dih.        LJ (SR)   Coulomb (SR)
    4.82840e+01    2.34742e+01    9.68550e+00   -1.76131e+04   -1.52897e+02
      Potential    Kinetic En.   Total Energy  Conserved En.    Temperature
   -1.76846e+04    2.67194e+03   -1.50127e+04   -8.30933e+05    3.13216e+02
 Pressure (bar)
   -6.24558e+01

           Step           Time
       30000000    60000.00000

   Energies (kJ/mol)
           Bond       G96Angle  Improper Dih.        LJ (SR)   Coulomb (SR)
    6.96728e+01    1.98571e+01    2.56143e+01   -1.76877e+04   -1.47145e+02
      Potential    Kinetic En.   Total Energy  Conserved En.    Temperature
   -1.77197e+04    2.70238e+03   -1.50173e+04   -8.32513e+05    3.16785e+02
 Pressure (bar)
    1.40605e+01

           Step           Time
       30050000    60100.00000

   Energies (kJ/mol)
           Bond       G96Angle  Improper Dih.        LJ (SR)   Coulomb (SR)
    6.25718e+01    3.10909e+01    1.61535e+01   -1.76528e+04   -1.47427e+02
      Potential    Kinetic En.   Total Energy  Conserved En.    Temperature
   -1.76904e+04    2.47649e+03   -1.52139e+04   -8.34136e+05    2.90306e+02
 Pressure (bar)
   -2.10567e+02

           Step           Time
       30100000    60200.00000

   Energies (kJ/mol)
           Bond       G96Angle  Improper Dih.        LJ (SR)   Coulomb (SR)
    5.08103e+01    3.80994e+01    7.22280e+00   -1.75519e+04   -1.20687e+02
      Potential    Kinetic En.   Total Energy  Conserved En.    Temperature
   -1.75764e+04    2.63701e+03   -1.49394e+04   -8.35695e+05    3.09123e+02
 Pressure (bar)
    9.33737e+01

           Step           Time
       30150000    60300.00000

   Energies (kJ/mol)
           Bond       G96Angle  Improper Dih.        LJ (SR)   Coulomb (SR)
    3.97977e+01    1.94428e+01    1.47518e+01   -1.78178e+04   -1.02340e+02
      Potential    Kinetic En.   Total Energy  Conserved En.    Temperature
   -1.78461e+04    2.69522e+03   -1.51509e+04   -8.37224e+05    3.15946e+02
 Pressure (bar)
   -1.47363e+02

           Step           Time
       30200000    60400.00000

   Energies (kJ/mol)
           Bond       G96Angle  Improper Dih.        LJ (SR)   Coulomb (SR)
    5.86655e+01    4.57043e+01    1.84295e+01   -1.76982e+04   -1.34442e+02
      Potential    Kinetic En.   Total Energy  Conserved En.    Temperature
   -1.77098e+04    2.74838e+03   -1.49615e+04   -8.38810e+05    3.22177e+02
 Pressure (bar)
    2.26601e+02

           Step           Time
       30250000    60500.00000

   Energies (kJ/mol)
           Bond       G96Angle  Improper Dih.        LJ (SR)   Coulomb (SR)
    2.80601e+01    3.87413e+01    1.37855e+01   -1.77778e+04   -1.18923e+02
      Potential    Kinetic En.   Total Energy  Conserved En.    Temperature
   -1.78162e+04    2.59433e+03   -1.52219e+04   -8.40281e+05    3.04119e+02
 Pressure (bar)
    1.16111e+02

           Step           Time
       30300000    60600.00000

   Energies (kJ/mol)
           Bond       G96Angle  Improper Dih.        LJ (SR)   Coulomb (SR)
    3.13572e+01    4.43657e+01    9.09885e+00   -1.77738e+04   -1.42450e+02
      Potential    Kinetic En.   Total Energy  Conserved En.    Temperature
   -1.78314e+04    2.54155e+03   -1.52899e+04   -8.41841e+05    2.97932e+02
 Pressure (bar)
   -2.72949e+02

           Step           Time
       30350000    60700.00000

   Energies (kJ/mol)
           Bond       G96Angle  Improper Dih.        LJ (SR)   Coulomb (SR)
    3.06718e+01    2.50218e+01    1.25751e+01   -1.77988e+04   -1.45655e+02
      Potential    Kinetic En.   Total Energy  Conserved En.    Temperature
   -1.78762e+04    2.48428e+03   -1.53920e+04   -8.43455e+05    2.91218e+02
 Pressure (bar)
   -8.91777e+01

           Step           Time
       30400000    60800.00000

   Energies (kJ/mol)
           Bond       G96Angle  Improper Dih.        LJ (SR)   Coulomb (SR)
    5.03475e+01    3.14156e+01    1.17902e+01   -1.76765e+04   -1.43773e+02
      Potential    Kinetic En.   Total Energy  Conserved En.    Temperature
   -1.77267e+04    2.62093e+03   -1.51058e+04   -8.45048e+05    3.07238e+02
 Pressure (bar)
    4.72210e+01

           Step           Time
       30450000    60900.00000

   Energies (kJ/mol)
           Bond       G96Angle  Improper Dih.        LJ (SR)   Coulomb (SR)
    6.24922e+01    3.69153e+01    9.58797e+00   -1.78398e+04   -1.39956e+02
      Potential    Kinetic En.   Total Energy  Conserved En.    Temperature
   -1.78708e+04    2.74929e+03   -1.51215e+04   -8.45933e+05    3.22285e+02
 Pressure (bar)
   -2.24781e+01

           Step           Time
       30500000    61000.00000

   Energies (kJ/mol)
           Bond       G96Angle  Improper Dih.        LJ (SR)   Coulomb (SR)
    3.85390e+01    2.77268e+01    1.67771e+01   -1.78611e+04   -1.30426e+02
      Potential    Kinetic En.   Total Energy  Conserved En.    Temperature
   -1.79085e+04    2.45294e+03   -1.54556e+04   -8.47477e+05    2.87544e+02
 Pressure (bar)
   -1.12146e+02

           Step           Time
       30550000    61100.00000

   Energies (kJ/mol)
           Bond       G96Angle  Improper Dih.        LJ (SR)   Coulomb (SR)
    5.15674e+01    2.94564e+01    2.69312e+01   -1.80086e+04   -1.33843e+02
      Potential    Kinetic En.   Total Energy  Conserved En.    Temperature
   -1.80345e+04    2.57244e+03   -1.54621e+04   -8.49061e+05    3.01553e+02
 Pressure (bar)
    1.18708e+02

           Step           Time
       30600000    61200.00000

   Energies (kJ/mol)
           Bond       G96Angle  Improper Dih.        LJ (SR)   Coulomb (SR)
    4.55203e+01    3.75972e+01    7.23386e+00   -1.77033e+04   -1.22932e+02
      Potential    Kinetic En.   Total Energy  Conserved En.    Temperature
   -1.77359e+04    2.62028e+03   -1.51156e+04   -8.50504e+05    3.07161e+02
 Pressure (bar)
    1.62464e+02

           Step           Time
       30650000    61300.00000

   Energies (kJ/mol)
           Bond       G96Angle  Improper Dih.        LJ (SR)   Coulomb (SR)
    3.69006e+01    3.89811e+01    1.17322e+01   -1.78031e+04   -1.40214e+02
      Potential    Kinetic En.   Total Energy  Conserved En.    Temperature
   -1.78557e+04    2.61652e+03   -1.52392e+04   -8.52028e+05    3.06721e+02
 Pressure (bar)
   -6.93719e+01

           Step           Time
       30700000    61400.00000

   Energies (kJ/mol)
           Bond       G96Angle  Improper Dih.        LJ (SR)   Coulomb (SR)
    4.48181e+01    3.06402e+01    7.16244e+00   -1.77647e+04   -1.37984e+02
      Potential    Kinetic En.   Total Energy  Conserved En.    Temperature
   -1.78201e+04    2.61491e+03   -1.52052e+04   -8.53577e+05    3.06531e+02
 Pressure (bar)
   -3.18230e+01

           Step           Time
       30750000    61500.00000

   Energies (kJ/mol)
           Bond       G96Angle  Improper Dih.        LJ (SR)   Coulomb (SR)
    5.08575e+01    2.27610e+01    1.56722e+01   -1.74962e+04   -1.15659e+02
      Potential    Kinetic En.   Total Energy  Conserved En.    Temperature
   -1.75225e+04    2.64341e+03   -1.48791e+04   -8.54952e+05    3.09873e+02
 Pressure (bar)
    1.47294e+02

           Step           Time
       30800000    61600.00000

   Energies (kJ/mol)
           Bond       G96Angle  Improper Dih.        LJ (SR)   Coulomb (SR)
    5.47290e+01    3.51911e+01    6.46215e+00   -1.76122e+04   -1.18412e+02
      Potential    Kinetic En.   Total Energy  Conserved En.    Temperature
   -1.76342e+04    2.63171e+03   -1.50025e+04   -8.55917e+05    3.08501e+02
 Pressure (bar)
    6.23207e+01

           Step           Time
       30850000    61700.00000

   Energies (kJ/mol)
           Bond       G96Angle  Improper Dih.        LJ (SR)   Coulomb (SR)
    3.76387e+01    2.07493e+01    1.19227e+01   -1.77634e+04   -1.42586e+02
      Potential    Kinetic En.   Total Energy  Conserved En.    Temperature
   -1.78357e+04    2.62926e+03   -1.52064e+04   -8.57465e+05    3.08214e+02
 Pressure (bar)
   -5.89313e+01

           Step           Time
       30900000    61800.00000

   Energies (kJ/mol)
           Bond       G96Angle  Improper Dih.        LJ (SR)   Coulomb (SR)
    5.94337e+01    2.98499e+01    1.07967e+01   -1.77463e+04   -1.18952e+02
      Potential    Kinetic En.   Total Energy  Conserved En.    Temperature
   -1.77652e+04    2.77337e+03   -1.49918e+04   -8.58533e+05    3.25106e+02
 Pressure (bar)
    5.95552e+01

           Step           Time
       30950000    61900.00000

   Energies (kJ/mol)
           Bond       G96Angle  Improper Dih.        LJ (SR)   Coulomb (SR)
    2.86675e+01    2.77535e+01    1.25292e+01   -1.75765e+04   -1.37114e+02
      Potential    Kinetic En.   Total Energy  Conserved En.    Temperature
   -1.76446e+04    2.69399e+03   -1.49507e+04   -8.60092e+05    3.15802e+02
 Pressure (bar)
   -2.15548e+02

           Step           Time
       31000000    62000.00000

   Energies (kJ/mol)
           Bond       G96Angle  Improper Dih.        LJ (SR)   Coulomb (SR)
    6.54328e+01    4.68211e+01    1.37205e+01   -1.77685e+04   -1.22974e+02
      Potential    Kinetic En.   Total Energy  Conserved En.    Temperature
   -1.77655e+04    2.68209e+03   -1.50834e+04   -8.61460e+05    3.14407e+02
 Pressure (bar)
    3.91353e+01

           Step           Time
       31050000    62100.00000

   Energies (kJ/mol)
           Bond       G96Angle  Improper Dih.        LJ (SR)   Coulomb (SR)
    3.88015e+01    3.03882e+01    1.32091e+01   -1.77730e+04   -1.21559e+02
      Potential    Kinetic En.   Total Energy  Conserved En.    Temperature
   -1.78121e+04    2.69433e+03   -1.51178e+04   -8.63067e+05    3.15842e+02
 Pressure (bar)
    7.87109e+01

           Step           Time
       31100000    62200.00000

   Energies (kJ/mol)
           Bond       G96Angle  Improper Dih.        LJ (SR)   Coulomb (SR)
    6.78209e+01    3.10543e+01    1.34514e+01   -1.74615e+04   -1.33253e+02
      Potential    Kinetic En.   Total Energy  Conserved En.    Temperature
   -1.74824e+04    2.61605e+03   -1.48663e+04   -8.64627e+05    3.06665e+02
 Pressure (bar)
   -3.60197e+01

           Step           Time
       31150000    62300.00000

   Energies (kJ/mol)
           Bond       G96Angle  Improper Dih.        LJ (SR)   Coulomb (SR)
    4.22549e+01    4.04898e+01    1.98126e+01   -1.80464e+04   -1.36984e+02
      Potential    Kinetic En.   Total Energy  Conserved En.    Temperature
   -1.80808e+04    2.66330e+03   -1.54175e+04   -8.66148e+05    3.12204e+02
 Pressure (bar)
    1.02356e+02

           Step           Time
       31200000    62400.00000

   Energies (kJ/mol)
           Bond       G96Angle  Improper Dih.        LJ (SR)   Coulomb (SR)
    4.22739e+01    4.38752e+01    1.02127e+01   -1.76157e+04   -1.49295e+02
      Potential    Kinetic En.   Total Energy  Conserved En.    Temperature
   -1.76687e+04    2.75274e+03   -1.49159e+04   -8.67482e+05    3.22689e+02
 Pressure (bar)
    5.48626e+01

           Step           Time
       31250000    62500.00000

   Energies (kJ/mol)
           Bond       G96Angle  Improper Dih.        LJ (SR)   Coulomb (SR)
    4.16680e+01    3.71605e+01    1.41407e+01   -1.76996e+04   -1.42967e+02
      Potential    Kinetic En.   Total Energy  Conserved En.    Temperature
   -1.77496e+04    2.78309e+03   -1.49665e+04   -8.68910e+05    3.26246e+02
 Pressure (bar)
    2.05062e+02

           Step           Time
       31300000    62600.00000

   Energies (kJ/mol)
           Bond       G96Angle  Improper Dih.        LJ (SR)   Coulomb (SR)
    5.70483e+01    2.54879e+01    1.19688e+01   -1.74133e+04   -1.46456e+02
      Potential    Kinetic En.   Total Energy  Conserved En.    Temperature
   -1.74652e+04    2.57908e+03   -1.48862e+04   -8.70477e+05    3.02331e+02
 Pressure (bar)
   -4.70250e+01

           Step           Time
       31350000    62700.00000

   Energies (kJ/mol)
           Bond       G96Angle  Improper Dih.        LJ (SR)   Coulomb (SR)
    5.13317e+01    3.53699e+01    1.47241e+01   -1.75647e+04   -1.55840e+02
      Potential    Kinetic En.   Total Energy  Conserved En.    Temperature
   -1.76191e+04    2.58064e+03   -1.50385e+04   -8.70578e+05    3.02514e+02
 Pressure (bar)
    1.77433e+01

           Step           Time
       31400000    62800.00000

   Energies (kJ/mol)
           Bond       G96Angle  Improper Dih.        LJ (SR)   Coulomb (SR)
    6.02605e+01    4.59134e+01    1.24444e+01   -1.79439e+04   -1.35025e+02
      Potential    Kinetic En.   Total Energy  Conserved En.    Temperature
   -1.79603e+04    2.78001e+03   -1.51803e+04   -8.71909e+05    3.25885e+02
 Pressure (bar)
    1.73399e+02

           Step           Time
       31450000    62900.00000

   Energies (kJ/mol)
           Bond       G96Angle  Improper Dih.        LJ (SR)   Coulomb (SR)
    5.57947e+01    3.84861e+01    1.30136e+01   -1.75500e+04   -1.23936e+02
      Potential    Kinetic En.   Total Energy  Conserved En.    Temperature
   -1.75667e+04    2.65019e+03   -1.49165e+04   -8.73390e+05    3.10667e+02
 Pressure (bar)
   -2.63970e+01

           Step           Time
       31500000    63000.00000

   Energies (kJ/mol)
           Bond       G96Angle  Improper Dih.        LJ (SR)   Coulomb (SR)
    4.82284e+01    2.90822e+01    1.53395e+01   -1.76201e+04   -1.35243e+02
      Potential    Kinetic En.   Total Energy  Conserved En.    Temperature
   -1.76627e+04    2.71730e+03   -1.49454e+04   -8.74903e+05    3.18535e+02
 Pressure (bar)
    2.40279e+02

           Step           Time
       31550000    63100.00000

   Energies (kJ/mol)
           Bond       G96Angle  Improper Dih.        LJ (SR)   Coulomb (SR)
    7.84415e+01    3.43623e+01    1.35511e+01   -1.76539e+04   -1.19599e+02
      Potential    Kinetic En.   Total Energy  Conserved En.    Temperature
   -1.76472e+04    2.69115e+03   -1.49560e+04   -8.76487e+05    3.15468e+02
 Pressure (bar)
    1.26061e+02

           Step           Time
       31600000    63200.00000

   Energies (kJ/mol)
           Bond       G96Angle  Improper Dih.        LJ (SR)   Coulomb (SR)
    4.64649e+01    3.93977e+01    1.16086e+01   -1.77798e+04   -1.23411e+02
      Potential    Kinetic En.   Total Energy  Conserved En.    Temperature
   -1.78058e+04    2.62798e+03   -1.51778e+04   -8.78038e+05    3.08063e+02
 Pressure (bar)
   -1.54297e+02

           Step           Time
       31650000    63300.00000

   Energies (kJ/mol)
           Bond       G96Angle  Improper Dih.        LJ (SR)   Coulomb (SR)
    5.23072e+01    2.77171e+01    2.34753e+01   -1.76943e+04   -1.30259e+02
      Potential    Kinetic En.   Total Energy  Conserved En.    Temperature
   -1.77211e+04    2.69819e+03   -1.50229e+04   -8.77715e+05    3.16294e+02
 Pressure (bar)
    1.85166e+02

           Step           Time
       31700000    63400.00000

   Energies (kJ/mol)
           Bond       G96Angle  Improper Dih.        LJ (SR)   Coulomb (SR)
    4.06387e+01    5.92277e+01    1.37187e+01   -1.78280e+04   -1.35744e+02
      Potential    Kinetic En.   Total Energy  Conserved En.    Temperature
   -1.78502e+04    2.63853e+03   -1.52116e+04   -8.78948e+05    3.09301e+02
 Pressure (bar)
    2.03955e+02

           Step           Time
       31750000    63500.00000

   Energies (kJ/mol)
           Bond       G96Angle  Improper Dih.        LJ (SR)   Coulomb (SR)
    4.12894e+01    3.23470e+01    7.92592e+00   -1.76318e+04   -1.25876e+02
      Potential    Kinetic En.   Total Energy  Conserved En.    Temperature
   -1.76761e+04    2.66340e+03   -1.50127e+04   -8.80433e+05    3.12216e+02
 Pressure (bar)
    1.88187e+02

           Step           Time
       31800000    63600.00000

   Energies (kJ/mol)
           Bond       G96Angle  Improper Dih.        LJ (SR)   Coulomb (SR)
    5.60494e+01    3.81119e+01    1.88924e+01   -1.78043e+04   -1.43983e+02
      Potential    Kinetic En.   Total Energy  Conserved En.    Temperature
   -1.78352e+04    2.56040e+03   -1.52748e+04   -8.81940e+05    3.00142e+02
 Pressure (bar)
   -1.04690e+02

           Step           Time
       31850000    63700.00000

   Energies (kJ/mol)
           Bond       G96Angle  Improper Dih.        LJ (SR)   Coulomb (SR)
    4.79306e+01    4.54204e+01    7.78741e+00   -1.75714e+04   -1.40440e+02
      Potential    Kinetic En.   Total Energy  Conserved En.    Temperature
   -1.76107e+04    2.70453e+03   -1.49062e+04   -8.82587e+05    3.17038e+02
 Pressure (bar)
   -3.47394e+01

           Step           Time
       31900000    63800.00000

   Energies (kJ/mol)
           Bond       G96Angle  Improper Dih.        LJ (SR)   Coulomb (SR)
    9.46483e+01    3.36345e+01    1.92511e+01   -1.76926e+04   -1.35154e+02
      Potential    Kinetic En.   Total Energy  Conserved En.    Temperature
   -1.76802e+04    2.58287e+03   -1.50973e+04   -8.83856e+05    3.02776e+02
 Pressure (bar)
    6.85312e+01

           Step           Time
       31950000    63900.00000

   Energies (kJ/mol)
           Bond       G96Angle  Improper Dih.        LJ (SR)   Coulomb (SR)
    4.05440e+01    2.30531e+01    5.07644e+00   -1.77611e+04   -1.45164e+02
      Potential    Kinetic En.   Total Energy  Conserved En.    Temperature
   -1.78376e+04    2.61694e+03   -1.52207e+04   -8.85494e+05    3.06769e+02
 Pressure (bar)
   -4.22062e+01

           Step           Time
       32000000    64000.00000

   Energies (kJ/mol)
           Bond       G96Angle  Improper Dih.        LJ (SR)   Coulomb (SR)
    6.32620e+01    4.12630e+01    4.15250e+00   -1.76625e+04   -1.58064e+02
      Potential    Kinetic En.   Total Energy  Conserved En.    Temperature
   -1.77119e+04    2.71740e+03   -1.49945e+04   -8.87132e+05    3.18546e+02
 Pressure (bar)
    6.69845e+01

           Step           Time
       32050000    64100.00000

   Energies (kJ/mol)
           Bond       G96Angle  Improper Dih.        LJ (SR)   Coulomb (SR)
    6.19936e+01    3.42498e+01    1.89019e+01   -1.75109e+04   -1.45374e+02
      Potential    Kinetic En.   Total Energy  Conserved En.    Temperature
   -1.75411e+04    2.58834e+03   -1.49528e+04   -8.87976e+05    3.03417e+02
 Pressure (bar)
   -1.92198e+02

           Step           Time
       32100000    64200.00000

   Energies (kJ/mol)
           Bond       G96Angle  Improper Dih.        LJ (SR)   Coulomb (SR)
    7.55810e+01    2.98030e+01    1.18911e+01   -1.79018e+04   -1.48704e+02
      Potential    Kinetic En.   Total Energy  Conserved En.    Temperature
   -1.79332e+04    2.60074e+03   -1.53325e+04   -8.89532e+05    3.04870e+02
 Pressure (bar)
    8.17329e+00

Writing checkpoint, step 32137520 at Wed Apr  1 17:35:01 2026


           Step           Time
       32150000    64300.00000

   Energies (kJ/mol)
           Bond       G96Angle  Improper Dih.        LJ (SR)   Coulomb (SR)
    7.40944e+01    5.96852e+01    6.18852e+00   -1.77552e+04   -1.39854e+02
      Potential    Kinetic En.   Total Energy  Conserved En.    Temperature
   -1.77551e+04    2.51310e+03   -1.52420e+04   -8.91188e+05    2.94597e+02
 Pressure (bar)
   -4.33236e+01

           Step           Time
       32200000    64400.00000

   Energies (kJ/mol)
           Bond       G96Angle  Improper Dih.        LJ (SR)   Coulomb (SR)
    3.51692e+01    3.40056e+01    1.42113e+01   -1.77814e+04   -1.55774e+02
      Potential    Kinetic En.   Total Energy  Conserved En.    Temperature
   -1.78538e+04    2.64017e+03   -1.52137e+04   -8.92778e+05    3.09492e+02
 Pressure (bar)
   -2.95379e+01

           Step           Time
       32250000    64500.00000

   Energies (kJ/mol)
           Bond       G96Angle  Improper Dih.        LJ (SR)   Coulomb (SR)
    5.04506e+01    2.90447e+01    1.14285e+01   -1.78208e+04   -1.31256e+02
      Potential    Kinetic En.   Total Energy  Conserved En.    Temperature
   -1.78612e+04    2.62433e+03   -1.52368e+04   -8.94339e+05    3.07636e+02
 Pressure (bar)
    1.09807e+02

           Step           Time
       32300000    64600.00000

   Energies (kJ/mol)
           Bond       G96Angle  Improper Dih.        LJ (SR)   Coulomb (SR)
    4.12287e+01    4.12497e+01    1.44951e+01   -1.79648e+04   -1.24830e+02
      Potential    Kinetic En.   Total Energy  Conserved En.    Temperature
   -1.79927e+04    2.67679e+03   -1.53159e+04   -8.95890e+05    3.13785e+02
 Pressure (bar)
    8.92284e+01

           Step           Time
       32350000    64700.00000

   Energies (kJ/mol)
           Bond       G96Angle  Improper Dih.        LJ (SR)   Coulomb (SR)
    3.57163e+01    3.79223e+01    7.15241e+00   -1.79752e+04   -1.30220e+02
      Potential    Kinetic En.   Total Energy  Conserved En.    Temperature
   -1.80247e+04    2.53183e+03   -1.54928e+04   -8.97382e+05    2.96792e+02
 Pressure (bar)
   -2.75677e+02

           Step           Time
       32400000    64800.00000

   Energies (kJ/mol)
           Bond       G96Angle  Improper Dih.        LJ (SR)   Coulomb (SR)
    7.03870e+01    2.23049e+01    4.46487e+00   -1.76329e+04   -1.50647e+02
      Potential    Kinetic En.   Total Energy  Conserved En.    Temperature
   -1.76864e+04    2.71522e+03   -1.49712e+04   -8.98955e+05    3.18290e+02
 Pressure (bar)
   -1.47463e+02

           Step           Time
       32450000    64900.00000

   Energies (kJ/mol)
           Bond       G96Angle  Improper Dih.        LJ (SR)   Coulomb (SR)
    5.87183e+01    3.38993e+01    1.74564e+01   -1.77581e+04   -1.56545e+02
      Potential    Kinetic En.   Total Energy  Conserved En.    Temperature
   -1.78046e+04    2.80890e+03   -1.49957e+04   -9.00464e+05    3.29272e+02
 Pressure (bar)
   -1.97230e+02

           Step           Time
       32500000    65000.00000

   Energies (kJ/mol)
           Bond       G96Angle  Improper Dih.        LJ (SR)   Coulomb (SR)
    7.45863e+01    3.79429e+01    8.67538e+00   -1.77425e+04   -1.40714e+02
      Potential    Kinetic En.   Total Energy  Conserved En.    Temperature
   -1.77620e+04    2.60652e+03   -1.51555e+04   -9.02116e+05    3.05548e+02
 Pressure (bar)
   -1.13109e+02

           Step           Time
       32550000    65100.00000

   Energies (kJ/mol)
           Bond       G96Angle  Improper Dih.        LJ (SR)   Coulomb (SR)
    4.32135e+01    3.06733e+01    7.96394e+00   -1.76450e+04   -1.46810e+02
      Potential    Kinetic En.   Total Energy  Conserved En.    Temperature
   -1.77100e+04    2.58720e+03   -1.51228e+04   -9.03659e+05    3.03283e+02
 Pressure (bar)
   -9.02757e+01

           Step           Time
       32600000    65200.00000

   Energies (kJ/mol)
           Bond       G96Angle  Improper Dih.        LJ (SR)   Coulomb (SR)
    4.36656e+01    4.60726e+01    7.14876e+00   -1.77812e+04   -1.61740e+02
      Potential    Kinetic En.   Total Energy  Conserved En.    Temperature
   -1.78461e+04    2.63357e+03   -1.52125e+04   -9.05264e+05    3.08718e+02
 Pressure (bar)
   -2.32524e+02

           Step           Time
       32650000    65300.00000

   Energies (kJ/mol)
           Bond       G96Angle  Improper Dih.        LJ (SR)   Coulomb (SR)
    5.83096e+01    3.10197e+01    7.92464e+00   -1.76209e+04   -1.27241e+02
      Potential    Kinetic En.   Total Energy  Conserved En.    Temperature
   -1.76508e+04    2.73419e+03   -1.49167e+04   -9.06947e+05    3.20514e+02
 Pressure (bar)
    5.21380e+01

           Step           Time
       32700000    65400.00000

   Energies (kJ/mol)
           Bond       G96Angle  Improper Dih.        LJ (SR)   Coulomb (SR)
    7.38226e+01    3.87663e+01    1.06534e+01   -1.77660e+04   -1.54229e+02
      Potential    Kinetic En.   Total Energy  Conserved En.    Temperature
   -1.77970e+04    2.69103e+03   -1.51059e+04   -9.08484e+05    3.15455e+02
 Pressure (bar)
    1.44007e+02

           Step           Time
       32750000    65500.00000

   Energies (kJ/mol)
           Bond       G96Angle  Improper Dih.        LJ (SR)   Coulomb (SR)
    4.68203e+01    2.36777e+01    6.84538e+00   -1.78398e+04   -1.60470e+02
      Potential    Kinetic En.   Total Energy  Conserved En.    Temperature
   -1.79229e+04    2.74037e+03   -1.51826e+04   -9.10118e+05    3.21238e+02
 Pressure (bar)
   -2.83135e+02

           Step           Time
       32800000    65600.00000

   Energies (kJ/mol)
           Bond       G96Angle  Improper Dih.        LJ (SR)   Coulomb (SR)
    7.31123e+01    2.93012e+01    9.17319e+00   -1.77570e+04   -1.42114e+02
      Potential    Kinetic En.   Total Energy  Conserved En.    Temperature
   -1.77875e+04    2.61035e+03   -1.51771e+04   -9.11624e+05    3.05997e+02
 Pressure (bar)
   -7.22618e+01

           Step           Time
       32850000    65700.00000

   Energies (kJ/mol)
           Bond       G96Angle  Improper Dih.        LJ (SR)   Coulomb (SR)
    6.21848e+01    2.16360e+01    3.94294e+00   -1.78258e+04   -1.26838e+02
      Potential    Kinetic En.   Total Energy  Conserved En.    Temperature
   -1.78649e+04    2.62402e+03   -1.52409e+04   -9.13152e+05    3.07600e+02
 Pressure (bar)
   -1.58292e+02

           Step           Time
       32900000    65800.00000

   Energies (kJ/mol)
           Bond       G96Angle  Improper Dih.        LJ (SR)   Coulomb (SR)
    4.63209e+01    2.13071e+01    1.94952e+01   -1.79811e+04   -1.45263e+02
      Potential    Kinetic En.   Total Energy  Conserved En.    Temperature
   -1.80392e+04    2.60502e+03   -1.54342e+04   -9.14627e+05    3.05372e+02
 Pressure (bar)
    4.43527e+01

           Step           Time
       32950000    65900.00000

   Energies (kJ/mol)
           Bond       G96Angle  Improper Dih.        LJ (SR)   Coulomb (SR)
    5.47352e+01    3.04339e+01    8.83309e+00   -1.79539e+04   -1.49025e+02
      Potential    Kinetic En.   Total Energy  Conserved En.    Temperature
   -1.80089e+04    2.65819e+03   -1.53507e+04   -9.16012e+05    3.11605e+02
 Pressure (bar)
   -1.53240e+01

           Step           Time
       33000000    66000.00000

   Energies (kJ/mol)
           Bond       G96Angle  Improper Dih.        LJ (SR)   Coulomb (SR)
    5.99769e+01    4.42874e+01    7.52684e+00   -1.78251e+04   -1.51724e+02
      Potential    Kinetic En.   Total Energy  Conserved En.    Temperature
   -1.78651e+04    2.48679e+03   -1.53783e+04   -9.17625e+05    2.91512e+02
 Pressure (bar)
   -1.71144e+02

           Step           Time
       33050000    66100.00000

   Energies (kJ/mol)
           Bond       G96Angle  Improper Dih.        LJ (SR)   Coulomb (SR)
    5.54102e+01    4.92176e+01    3.18567e+01   -1.77505e+04   -1.45676e+02
      Potential    Kinetic En.   Total Energy  Conserved En.    Temperature
   -1.77597e+04    2.64157e+03   -1.51181e+04   -9.19235e+05    3.09657e+02
 Pressure (bar)
   -5.53277e+01

           Step           Time
       33100000    66200.00000

   Energies (kJ/mol)
           Bond       G96Angle  Improper Dih.        LJ (SR)   Coulomb (SR)
    5.19234e+01    3.19586e+01    9.71671e+00   -1.75587e+04   -1.50262e+02
      Potential    Kinetic En.   Total Energy  Conserved En.    Temperature
   -1.76153e+04    2.61991e+03   -1.49954e+04   -9.20781e+05    3.07118e+02
 Pressure (bar)
    1.42231e+02

           Step           Time
       33150000    66300.00000

   Energies (kJ/mol)
           Bond       G96Angle  Improper Dih.        LJ (SR)   Coulomb (SR)
    3.93422e+01    4.27540e+01    1.25765e+01   -1.77853e+04   -1.19475e+02
      Potential    Kinetic En.   Total Energy  Conserved En.    Temperature
   -1.78101e+04    2.68940e+03   -1.51207e+04   -9.22401e+05    3.15263e+02
 Pressure (bar)
    1.81435e+02

           Step           Time
       33200000    66400.00000

   Energies (kJ/mol)
           Bond       G96Angle  Improper Dih.        LJ (SR)   Coulomb (SR)
    6.51266e+01    4.63926e+01    1.39952e+01   -1.76815e+04   -1.43189e+02
      Potential    Kinetic En.   Total Energy  Conserved En.    Temperature
   -1.76992e+04    2.74859e+03   -1.49506e+04   -9.24008e+05    3.22203e+02
 Pressure (bar)
   -8.19967e+00

           Step           Time
       33250000    66500.00000

   Energies (kJ/mol)
           Bond       G96Angle  Improper Dih.        LJ (SR)   Coulomb (SR)
    7.18367e+01    3.65974e+01    1.00506e+01   -1.76534e+04   -1.47916e+02
      Potential    Kinetic En.   Total Energy  Conserved En.    Temperature
   -1.76829e+04    2.70146e+03   -1.49814e+04   -9.24712e+05    3.16678e+02
 Pressure (bar)
    7.36100e+00

           Step           Time
       33300000    66600.00000

   Energies (kJ/mol)
           Bond       G96Angle  Improper Dih.        LJ (SR)   Coulomb (SR)
    4.67452e+01    4.09900e+01    1.96631e+01   -1.78149e+04   -1.43131e+02
      Potential    Kinetic En.   Total Energy  Conserved En.    Temperature
   -1.78506e+04    2.69853e+03   -1.51521e+04   -9.26396e+05    3.16334e+02
 Pressure (bar)
   -6.08760e+01

           Step           Time
       33350000    66700.00000

   Energies (kJ/mol)
           Bond       G96Angle  Improper Dih.        LJ (SR)   Coulomb (SR)
    6.74651e+01    4.23582e+01    9.72554e+00   -1.77405e+04   -1.61414e+02
      Potential    Kinetic En.   Total Energy  Conserved En.    Temperature
   -1.77823e+04    2.69973e+03   -1.50826e+04   -9.27308e+05    3.16475e+02
 Pressure (bar)
   -6.77247e+01

           Step           Time
       33400000    66800.00000

   Energies (kJ/mol)
           Bond       G96Angle  Improper Dih.        LJ (SR)   Coulomb (SR)
    6.60527e+01    2.81458e+01    1.41104e+01   -1.78404e+04   -1.45236e+02
      Potential    Kinetic En.   Total Energy  Conserved En.    Temperature
   -1.78773e+04    2.73895e+03   -1.51384e+04   -9.28705e+05    3.21073e+02
 Pressure (bar)
   -6.76736e+01

           Step           Time
       33450000    66900.00000

   Energies (kJ/mol)
           Bond       G96Angle  Improper Dih.        LJ (SR)   Coulomb (SR)
    7.41065e+01    2.93220e+01    1.15242e+01   -1.76690e+04   -1.30318e+02
      Potential    Kinetic En.   Total Energy  Conserved En.    Temperature
   -1.76843e+04    2.60217e+03   -1.50822e+04   -9.30222e+05    3.05038e+02
 Pressure (bar)
    5.80915e+01

           Step           Time
       33500000    67000.00000

   Energies (kJ/mol)
           Bond       G96Angle  Improper Dih.        LJ (SR)   Coulomb (SR)
    6.48756e+01    2.97666e+01    1.67049e+01   -1.74899e+04   -1.41457e+02
      Potential    Kinetic En.   Total Energy  Conserved En.    Temperature
   -1.75200e+04    2.53999e+03   -1.49800e+04   -9.31779e+05    2.97749e+02
 Pressure (bar)
    2.15129e+02

           Step           Time
       33550000    67100.00000

   Energies (kJ/mol)
           Bond       G96Angle  Improper Dih.        LJ (SR)   Coulomb (SR)
    4.27219e+01    3.11630e+01    1.15311e+01   -1.78308e+04   -1.41381e+02
      Potential    Kinetic En.   Total Energy  Conserved En.    Temperature
   -1.78868e+04    2.70655e+03   -1.51802e+04   -9.33272e+05    3.17274e+02
 Pressure (bar)
    1.67475e+02

           Step           Time
       33600000    67200.00000

   Energies (kJ/mol)
           Bond       G96Angle  Improper Dih.        LJ (SR)   Coulomb (SR)
    3.74379e+01    3.08199e+01    1.61553e+01   -1.76727e+04   -1.59087e+02
      Potential    Kinetic En.   Total Energy  Conserved En.    Temperature
   -1.77474e+04    2.64386e+03   -1.51035e+04   -9.34880e+05    3.09925e+02
 Pressure (bar)
    2.48858e+02

           Step           Time
       33650000    67300.00000

   Energies (kJ/mol)
           Bond       G96Angle  Improper Dih.        LJ (SR)   Coulomb (SR)
    6.97986e+01    3.29604e+01    8.28130e+00   -1.80127e+04   -1.51828e+02
      Potential    Kinetic En.   Total Energy  Conserved En.    Temperature
   -1.80535e+04    2.62164e+03   -1.54319e+04   -9.36504e+05    3.07321e+02
 Pressure (bar)
   -4.14920e+01

           Step           Time
       33700000    67400.00000

   Energies (kJ/mol)
           Bond       G96Angle  Improper Dih.        LJ (SR)   Coulomb (SR)
    4.56920e+01    3.01683e+01    1.72664e+01   -1.77878e+04   -1.39255e+02
      Potential    Kinetic En.   Total Energy  Conserved En.    Temperature
   -1.78339e+04    2.63077e+03   -1.52032e+04   -9.38134e+05    3.08391e+02
 Pressure (bar)
    2.15664e+02

           Step           Time
       33750000    67500.00000

   Energies (kJ/mol)
           Bond       G96Angle  Improper Dih.        LJ (SR)   Coulomb (SR)
    4.34839e+01    3.14353e+01    1.20409e+01   -1.76802e+04   -1.50491e+02
      Potential    Kinetic En.   Total Energy  Conserved En.    Temperature
   -1.77437e+04    2.58043e+03   -1.51633e+04   -9.39803e+05    3.02490e+02
 Pressure (bar)
    1.88859e+02

           Step           Time
       33800000    67600.00000

   Energies (kJ/mol)
           Bond       G96Angle  Improper Dih.        LJ (SR)   Coulomb (SR)
    6.99266e+01    2.72255e+01    1.53819e+01   -1.76787e+04   -1.38877e+02
      Potential    Kinetic En.   Total Energy  Conserved En.    Temperature
   -1.77050e+04    2.74760e+03   -1.49574e+04   -9.41270e+05    3.22086e+02
 Pressure (bar)
   -5.94816e+01

           Step           Time
       33850000    67700.00000

   Energies (kJ/mol)
           Bond       G96Angle  Improper Dih.        LJ (SR)   Coulomb (SR)
    4.81391e+01    3.01265e+01    9.95180e+00   -1.76494e+04   -1.59623e+02
      Potential    Kinetic En.   Total Energy  Conserved En.    Temperature
   -1.77208e+04    2.68494e+03   -1.50359e+04   -9.42245e+05    3.14741e+02
 Pressure (bar)
    8.53794e+01

           Step           Time
       33900000    67800.00000

   Energies (kJ/mol)
           Bond       G96Angle  Improper Dih.        LJ (SR)   Coulomb (SR)
    6.40059e+01    3.84842e+01    1.50229e+01   -1.75885e+04   -1.72035e+02
      Potential    Kinetic En.   Total Energy  Conserved En.    Temperature
   -1.76430e+04    2.64348e+03   -1.49995e+04   -9.43631e+05    3.09881e+02
 Pressure (bar)
    1.82123e+02

           Step           Time
       33950000    67900.00000

   Energies (kJ/mol)
           Bond       G96Angle  Improper Dih.        LJ (SR)   Coulomb (SR)
    6.18126e+01    3.56446e+01    1.61174e+01   -1.80610e+04   -1.42011e+02
      Potential    Kinetic En.   Total Energy  Conserved En.    Temperature
   -1.80895e+04    2.63457e+03   -1.54549e+04   -9.44665e+05    3.08837e+02
 Pressure (bar)
    5.50911e+01

           Step           Time
       34000000    68000.00000

   Energies (kJ/mol)
           Bond       G96Angle  Improper Dih.        LJ (SR)   Coulomb (SR)
    5.41260e+01    4.64500e+01    1.98612e+01   -1.76531e+04   -1.66005e+02
      Potential    Kinetic En.   Total Energy  Conserved En.    Temperature
   -1.76987e+04    2.53968e+03   -1.51590e+04   -9.45822e+05    2.97712e+02
 Pressure (bar)
    1.07387e+02

           Step           Time
       34050000    68100.00000

   Energies (kJ/mol)
           Bond       G96Angle  Improper Dih.        LJ (SR)   Coulomb (SR)
    5.35429e+01    3.04778e+01    1.49424e+01   -1.77007e+04   -1.46725e+02
      Potential    Kinetic En.   Total Energy  Conserved En.    Temperature
   -1.77484e+04    2.69036e+03   -1.50581e+04   -9.47266e+05    3.15376e+02
 Pressure (bar)
    5.78560e+01

           Step           Time
       34100000    68200.00000

   Energies (kJ/mol)
           Bond       G96Angle  Improper Dih.        LJ (SR)   Coulomb (SR)
    5.52064e+01    2.84190e+01    1.95639e+01   -1.78127e+04   -1.45684e+02
      Potential    Kinetic En.   Total Energy  Conserved En.    Temperature
   -1.78552e+04    2.59643e+03   -1.52587e+04   -9.48729e+05    3.04365e+02
 Pressure (bar)
    1.19548e+02

           Step           Time
       34150000    68300.00000

   Energies (kJ/mol)
           Bond       G96Angle  Improper Dih.        LJ (SR)   Coulomb (SR)
    5.17173e+01    4.36646e+01    1.39927e+01   -1.75887e+04   -1.26928e+02
      Potential    Kinetic En.   Total Energy  Conserved En.    Temperature
   -1.76063e+04    2.65355e+03   -1.49527e+04   -9.50360e+05    3.11062e+02
 Pressure (bar)
   -2.22012e+01

           Step           Time
       34200000    68400.00000

   Energies (kJ/mol)
           Bond       G96Angle  Improper Dih.        LJ (SR)   Coulomb (SR)
    3.26621e+01    2.72079e+01    1.39409e+01   -1.77278e+04   -1.30999e+02
      Potential    Kinetic En.   Total Energy  Conserved En.    Temperature
   -1.77850e+04    2.61349e+03   -1.51715e+04   -9.51861e+05    3.06365e+02
 Pressure (bar)
   -1.39039e+01

           Step           Time
       34250000    68500.00000

   Energies (kJ/mol)
           Bond       G96Angle  Improper Dih.        LJ (SR)   Coulomb (SR)
    5.62371e+01    3.54550e+01    1.75971e+01   -1.77723e+04   -1.21458e+02
      Potential    Kinetic En.   Total Energy  Conserved En.    Temperature
   -1.77845e+04    2.52417e+03   -1.52603e+04   -9.53459e+05    2.95894e+02
 Pressure (bar)
   -6.11262e+00

           Step           Time
       34300000    68600.00000

   Energies (kJ/mol)
           Bond       G96Angle  Improper Dih.        LJ (SR)   Coulomb (SR)
    7.31832e+01    1.73104e+01    3.09026e+01   -1.76902e+04   -1.38178e+02
      Potential    Kinetic En.   Total Energy  Conserved En.    Temperature
   -1.77070e+04    2.74246e+03   -1.49645e+04   -9.54948e+05    3.21483e+02
 Pressure (bar)
    1.52114e+02

           Step           Time
       34350000    68700.00000

   Energies (kJ/mol)
           Bond       G96Angle  Improper Dih.        LJ (SR)   Coulomb (SR)
    7.33505e+01    3.89517e+01    8.44517e+00   -1.79578e+04   -1.39149e+02
      Potential    Kinetic En.   Total Energy  Conserved En.    Temperature
   -1.79762e+04    2.59009e+03   -1.53861e+04   -9.56410e+05    3.03622e+02
 Pressure (bar)
   -1.23178e+02

           Step           Time
       34400000    68800.00000

   Energies (kJ/mol)
           Bond       G96Angle  Improper Dih.        LJ (SR)   Coulomb (SR)
    6.42126e+01    2.46228e+01    1.15068e+01   -1.76419e+04   -1.38882e+02
      Potential    Kinetic En.   Total Energy  Conserved En.    Temperature
   -1.76804e+04    2.66886e+03   -1.50116e+04   -9.57793e+05    3.12855e+02
 Pressure (bar)
   -2.45626e+01

           Step           Time
       34450000    68900.00000

   Energies (kJ/mol)
           Bond       G96Angle  Improper Dih.        LJ (SR)   Coulomb (SR)
    2.50253e+01    2.00048e+01    2.23808e+01   -1.78039e+04   -1.52360e+02
      Potential    Kinetic En.   Total Energy  Conserved En.    Temperature
   -1.78889e+04    2.57370e+03   -1.53152e+04   -9.59127e+05    3.01701e+02
 Pressure (bar)
   -5.66710e+01

           Step           Time
       34500000    69000.00000

   Energies (kJ/mol)
           Bond       G96Angle  Improper Dih.        LJ (SR)   Coulomb (SR)
    5.43921e+01    2.51483e+01    1.43152e+01   -1.76438e+04   -1.59837e+02
      Potential    Kinetic En.   Total Energy  Conserved En.    Temperature
   -1.77097e+04    2.56778e+03   -1.51420e+04   -9.60785e+05    3.01006e+02
 Pressure (bar)
   -2.04599e+02

           Step           Time
       34550000    69100.00000

   Energies (kJ/mol)
           Bond       G96Angle  Improper Dih.        LJ (SR)   Coulomb (SR)
    6.14093e+01    2.87490e+01    5.13333e+00   -1.77385e+04   -1.49519e+02
      Potential    Kinetic En.   Total Energy  Conserved En.    Temperature
   -1.77927e+04    2.51907e+03   -1.52736e+04   -9.62298e+05    2.95297e+02
 Pressure (bar)
    1.36138e+02

           Step           Time
       34600000    69200.00000

   Energies (kJ/mol)
           Bond       G96Angle  Improper Dih.        LJ (SR)   Coulomb (SR)
    5.49180e+01    3.40604e+01    1.01117e+01   -1.75510e+04   -1.18211e+02
      Potential    Kinetic En.   Total Energy  Conserved En.    Temperature
   -1.75701e+04    2.60228e+03   -1.49678e+04   -9.63807e+05    3.05051e+02
 Pressure (bar)
    2.66183e+02

           Step           Time
       34650000    69300.00000

   Energies (kJ/mol)
           Bond       G96Angle  Improper Dih.        LJ (SR)   Coulomb (SR)
    2.94412e+01    2.92040e+01    1.08847e+01   -1.76585e+04   -1.50351e+02
      Potential    Kinetic En.   Total Energy  Conserved En.    Temperature
   -1.77393e+04    2.72958e+03   -1.50097e+04   -9.65181e+05    3.19974e+02
 Pressure (bar)
   -2.05714e+02

           Step           Time
       34700000    69400.00000

   Energies (kJ/mol)
           Bond       G96Angle  Improper Dih.        LJ (SR)   Coulomb (SR)
    4.18810e+01    2.97280e+01    1.04868e+01   -1.79525e+04   -1.34796e+02
      Potential    Kinetic En.   Total Energy  Conserved En.    Temperature
   -1.80052e+04    2.53617e+03   -1.54690e+04   -9.66753e+05    2.97301e+02
 Pressure (bar)
    3.69570e+01

           Step           Time
       34750000    69500.00000

   Energies (kJ/mol)
           Bond       G96Angle  Improper Dih.        LJ (SR)   Coulomb (SR)
    4.06776e+01    3.52042e+01    4.74688e+01   -1.78264e+04   -1.42432e+02
      Potential    Kinetic En.   Total Energy  Conserved En.    Temperature
   -1.78455e+04    2.80188e+03   -1.50436e+04   -9.67884e+05    3.28449e+02
 Pressure (bar)
    1.12770e+02

           Step           Time
       34800000    69600.00000

   Energies (kJ/mol)
           Bond       G96Angle  Improper Dih.        LJ (SR)   Coulomb (SR)
    6.81733e+01    1.98639e+01    1.03373e+01   -1.78696e+04   -1.38267e+02
      Potential    Kinetic En.   Total Energy  Conserved En.    Temperature
   -1.79095e+04    2.49943e+03   -1.54101e+04   -9.69185e+05    2.92995e+02
 Pressure (bar)
   -2.70111e+01

           Step           Time
       34850000    69700.00000

   Energies (kJ/mol)
           Bond       G96Angle  Improper Dih.        LJ (SR)   Coulomb (SR)
    4.73920e+01    2.64778e+01    1.69985e+01   -1.79085e+04   -1.30936e+02
      Potential    Kinetic En.   Total Energy  Conserved En.    Temperature
   -1.79486e+04    2.53719e+03   -1.54114e+04   -9.70705e+05    2.97420e+02
 Pressure (bar)
   -5.23319e+01

           Step           Time
       34900000    69800.00000

   Energies (kJ/mol)
           Bond       G96Angle  Improper Dih.        LJ (SR)   Coulomb (SR)
    4.50811e+01    3.18298e+01    1.31801e+01   -1.77503e+04   -1.31073e+02
      Potential    Kinetic En.   Total Energy  Conserved En.    Temperature
   -1.77912e+04    2.69992e+03   -1.50913e+04   -9.72293e+05    3.16497e+02
 Pressure (bar)
   -8.59575e+01

           Step           Time
       34950000    69900.00000

   Energies (kJ/mol)
           Bond       G96Angle  Improper Dih.        LJ (SR)   Coulomb (SR)
    4.83247e+01    3.66838e+01    1.36049e+01   -1.76082e+04   -1.19489e+02
      Potential    Kinetic En.   Total Energy  Conserved En.    Temperature
   -1.76291e+04    2.58423e+03   -1.50449e+04   -9.73730e+05    3.02935e+02
 Pressure (bar)
   -5.26778e+01

           Step           Time
       35000000    70000.00000

   Energies (kJ/mol)
           Bond       G96Angle  Improper Dih.        LJ (SR)   Coulomb (SR)
    3.79810e+01    3.56937e+01    1.70910e+01   -1.78433e+04   -1.38465e+02
      Potential    Kinetic En.   Total Energy  Conserved En.    Temperature
   -1.78910e+04    2.59766e+03   -1.52933e+04   -9.75288e+05    3.04509e+02
 Pressure (bar)
   -1.30265e+02

           Step           Time
       35050000    70100.00000

   Energies (kJ/mol)
           Bond       G96Angle  Improper Dih.        LJ (SR)   Coulomb (SR)
    4.58172e+01    3.91815e+01    2.11170e+01   -1.80400e+04   -1.32845e+02
      Potential    Kinetic En.   Total Energy  Conserved En.    Temperature
   -1.80667e+04    2.52366e+03   -1.55430e+04   -9.76822e+05    2.95834e+02
 Pressure (bar)
    1.03037e+02

           Step           Time
       35100000    70200.00000

   Energies (kJ/mol)
           Bond       G96Angle  Improper Dih.        LJ (SR)   Coulomb (SR)
    7.85581e+01    2.20257e+01    1.10330e+01   -1.80232e+04   -1.27791e+02
      Potential    Kinetic En.   Total Energy  Conserved En.    Temperature
   -1.80393e+04    2.55709e+03   -1.54822e+04   -9.77275e+05    2.99754e+02
 Pressure (bar)
   -3.18533e+00

           Step           Time
       35150000    70300.00000

   Energies (kJ/mol)
           Bond       G96Angle  Improper Dih.        LJ (SR)   Coulomb (SR)
    4.65512e+01    2.28711e+01    4.06412e+00   -1.76648e+04   -1.39548e+02
      Potential    Kinetic En.   Total Energy  Conserved En.    Temperature
   -1.77308e+04    2.66016e+03   -1.50707e+04   -9.78826e+05    3.11836e+02
 Pressure (bar)
   -1.64772e+02

           Step           Time
       35200000    70400.00000

   Energies (kJ/mol)
           Bond       G96Angle  Improper Dih.        LJ (SR)   Coulomb (SR)
    3.78891e+01    2.63011e+01    1.88430e+01   -1.79897e+04   -1.18957e+02
      Potential    Kinetic En.   Total Energy  Conserved En.    Temperature
   -1.80256e+04    2.74992e+03   -1.52757e+04   -9.80374e+05    3.22359e+02
 Pressure (bar)
   -3.17378e+01

           Step           Time
       35250000    70500.00000

   Energies (kJ/mol)
           Bond       G96Angle  Improper Dih.        LJ (SR)   Coulomb (SR)
    3.72569e+01    3.61425e+01    1.72537e+01   -1.81787e+04   -1.27622e+02
      Potential    Kinetic En.   Total Energy  Conserved En.    Temperature
   -1.82157e+04    2.59812e+03   -1.56176e+04   -9.81840e+05    3.04563e+02
 Pressure (bar)
   -5.91780e+01

           Step           Time
       35300000    70600.00000

   Energies (kJ/mol)
           Bond       G96Angle  Improper Dih.        LJ (SR)   Coulomb (SR)
    4.51807e+01    3.61184e+01    1.76572e+01   -1.77787e+04   -1.34260e+02
      Potential    Kinetic En.   Total Energy  Conserved En.    Temperature
   -1.78140e+04    2.70419e+03   -1.51098e+04   -9.83394e+05    3.16998e+02
 Pressure (bar)
   -8.79175e+01

           Step           Time
       35350000    70700.00000

   Energies (kJ/mol)
           Bond       G96Angle  Improper Dih.        LJ (SR)   Coulomb (SR)
    5.83096e+01    4.24424e+01    1.07922e+01   -1.79117e+04   -1.24149e+02
      Potential    Kinetic En.   Total Energy  Conserved En.    Temperature
   -1.79243e+04    2.76502e+03   -1.51593e+04   -9.85048e+05    3.24129e+02
 Pressure (bar)
    3.67420e+02

           Step           Time
       35400000    70800.00000

   Energies (kJ/mol)
           Bond       G96Angle  Improper Dih.        LJ (SR)   Coulomb (SR)
    5.59192e+01    2.75849e+01    2.11834e+01   -1.73724e+04   -1.32791e+02
      Potential    Kinetic En.   Total Energy  Conserved En.    Temperature
   -1.74005e+04    2.64801e+03   -1.47525e+04   -9.86632e+05    3.10411e+02
 Pressure (bar)
   -2.21803e+01

           Step           Time
       35450000    70900.00000

   Energies (kJ/mol)
           Bond       G96Angle  Improper Dih.        LJ (SR)   Coulomb (SR)
    4.91301e+01    5.78850e+01    9.41522e+00   -1.76243e+04   -1.27366e+02
      Potential    Kinetic En.   Total Energy  Conserved En.    Temperature
   -1.76352e+04    2.56187e+03   -1.50734e+04   -9.88164e+05    3.00314e+02
 Pressure (bar)
   -7.27508e+00

           Step           Time
       35500000    71000.00000

   Energies (kJ/mol)
           Bond       G96Angle  Improper Dih.        LJ (SR)   Coulomb (SR)
    5.05033e+01    3.18253e+01    1.97851e+01   -1.76145e+04   -1.44862e+02
      Potential    Kinetic En.   Total Energy  Conserved En.    Temperature
   -1.76573e+04    2.73381e+03   -1.49234e+04   -9.89749e+05    3.20470e+02
 Pressure (bar)
    2.12630e+02

           Step           Time
       35550000    71100.00000

   Energies (kJ/mol)
           Bond       G96Angle  Improper Dih.        LJ (SR)   Coulomb (SR)
    6.17558e+01    3.11012e+01    1.21532e+01   -1.75858e+04   -1.20927e+02
      Potential    Kinetic En.   Total Energy  Conserved En.    Temperature
   -1.76018e+04    2.68756e+03   -1.49142e+04   -9.91251e+05    3.15048e+02
 Pressure (bar)
   -3.00836e+02

           Step           Time
       35600000    71200.00000

   Energies (kJ/mol)
           Bond       G96Angle  Improper Dih.        LJ (SR)   Coulomb (SR)
    6.32520e+01    3.48146e+01    1.68208e+01   -1.75689e+04   -1.30316e+02
      Potential    Kinetic En.   Total Energy  Conserved En.    Temperature
   -1.75843e+04    2.77214e+03   -1.48122e+04   -9.92415e+05    3.24963e+02
 Pressure (bar)
   -4.62506e+01

           Step           Time
       35650000    71300.00000

   Energies (kJ/mol)
           Bond       G96Angle  Improper Dih.        LJ (SR)   Coulomb (SR)
    4.77999e+01    2.46353e+01    1.12006e+01   -1.77964e+04   -1.24598e+02
      Potential    Kinetic En.   Total Energy  Conserved En.    Temperature
   -1.78374e+04    2.75327e+03   -1.50841e+04   -9.93921e+05    3.22750e+02
 Pressure (bar)
    1.06820e+02

           Step           Time
       35700000    71400.00000

   Energies (kJ/mol)
           Bond       G96Angle  Improper Dih.        LJ (SR)   Coulomb (SR)
    4.90896e+01    2.70722e+01    1.71676e+01   -1.79502e+04   -1.54721e+02
      Potential    Kinetic En.   Total Energy  Conserved En.    Temperature
   -1.80116e+04    2.49503e+03   -1.55165e+04   -9.95340e+05    2.92478e+02
 Pressure (bar)
   -2.30012e+00

           Step           Time
       35750000    71500.00000

   Energies (kJ/mol)
           Bond       G96Angle  Improper Dih.        LJ (SR)   Coulomb (SR)
    5.04470e+01    2.84607e+01    1.15817e+01   -1.80244e+04   -1.17374e+02
      Potential    Kinetic En.   Total Energy  Conserved En.    Temperature
   -1.80513e+04    2.62415e+03   -1.54271e+04   -9.96849e+05    3.07615e+02
 Pressure (bar)
    6.11359e+01

           Step           Time
       35800000    71600.00000

   Energies (kJ/mol)
           Bond       G96Angle  Improper Dih.        LJ (SR)   Coulomb (SR)
    4.13113e+01    3.37186e+01    7.15438e+00   -1.77114e+04   -1.16806e+02
      Potential    Kinetic En.   Total Energy  Conserved En.    Temperature
   -1.77460e+04    2.70207e+03   -1.50439e+04   -9.98241e+05    3.16749e+02
 Pressure (bar)
    1.27874e+02

           Step           Time
       35850000    71700.00000

   Energies (kJ/mol)
           Bond       G96Angle  Improper Dih.        LJ (SR)   Coulomb (SR)
    6.93861e+01    4.76654e+01    1.83026e+01   -1.76775e+04   -1.14362e+02
      Potential    Kinetic En.   Total Energy  Conserved En.    Temperature
   -1.76565e+04    2.75360e+03   -1.49029e+04   -9.99636e+05    3.22789e+02
 Pressure (bar)
    1.01997e+02

           Step           Time
       35900000    71800.00000

   Energies (kJ/mol)
           Bond       G96Angle  Improper Dih.        LJ (SR)   Coulomb (SR)
    6.50573e+01    3.11902e+01    9.24880e+00   -1.78131e+04   -1.34757e+02
      Potential    Kinetic En.   Total Energy  Conserved En.    Temperature
   -1.78424e+04    2.63862e+03   -1.52038e+04   -1.00113e+06    3.09311e+02
 Pressure (bar)
   -3.72991e+01

           Step           Time
       35950000    71900.00000

   Energies (kJ/mol)
           Bond       G96Angle  Improper Dih.        LJ (SR)   Coulomb (SR)
    5.41892e+01    2.54018e+01    1.93529e+01   -1.77028e+04   -1.34636e+02
      Potential    Kinetic En.   Total Energy  Conserved En.    Temperature
   -1.77385e+04    2.81735e+03   -1.49212e+04   -1.00233e+06    3.30263e+02
 Pressure (bar)
    2.21543e+02

           Step           Time
       36000000    72000.00000

   Energies (kJ/mol)
           Bond       G96Angle  Improper Dih.        LJ (SR)   Coulomb (SR)
    4.89029e+01    4.49105e+01    1.35126e+01   -1.78025e+04   -1.33105e+02
      Potential    Kinetic En.   Total Energy  Conserved En.    Temperature
   -1.78283e+04    2.74668e+03   -1.50816e+04   -1.00384e+06    3.21978e+02
 Pressure (bar)
    2.46151e+01

           Step           Time
       36050000    72100.00000

   Energies (kJ/mol)
           Bond       G96Angle  Improper Dih.        LJ (SR)   Coulomb (SR)
    7.33825e+01    3.71277e+01    1.09282e+01   -1.78070e+04   -1.31350e+02
      Potential    Kinetic En.   Total Energy  Conserved En.    Temperature
   -1.78169e+04    2.57710e+03   -1.52398e+04   -1.00541e+06    3.02100e+02
 Pressure (bar)
    3.28507e+01

           Step           Time
       36100000    72200.00000

   Energies (kJ/mol)
           Bond       G96Angle  Improper Dih.        LJ (SR)   Coulomb (SR)
    5.98696e+01    2.97915e+01    1.25965e+01   -1.76494e+04   -1.34850e+02
      Potential    Kinetic En.   Total Energy  Conserved En.    Temperature
   -1.76820e+04    2.62944e+03   -1.50526e+04   -1.00684e+06    3.08235e+02
 Pressure (bar)
    2.01987e+02

           Step           Time
       36150000    72300.00000

   Energies (kJ/mol)
           Bond       G96Angle  Improper Dih.        LJ (SR)   Coulomb (SR)
    4.46948e+01    3.43740e+01    1.04907e+01   -1.80293e+04   -1.15552e+02
      Potential    Kinetic En.   Total Energy  Conserved En.    Temperature
   -1.80553e+04    2.66615e+03   -1.53891e+04   -1.00481e+06    3.12538e+02
 Pressure (bar)
   -1.10224e+02

           Step           Time
       36200000    72400.00000

   Energies (kJ/mol)
           Bond       G96Angle  Improper Dih.        LJ (SR)   Coulomb (SR)
    4.45465e+01    3.06049e+01    1.11374e+01   -1.78204e+04   -1.42677e+02
      Potential    Kinetic En.   Total Energy  Conserved En.    Temperature
   -1.78768e+04    2.73121e+03   -1.51456e+04   -1.00627e+06    3.20165e+02
 Pressure (bar)
   -1.44490e+02

           Step           Time
       36250000    72500.00000

   Energies (kJ/mol)
           Bond       G96Angle  Improper Dih.        LJ (SR)   Coulomb (SR)
    6.23476e+01    2.59234e+01    7.64877e+00   -1.78505e+04   -1.32437e+02
      Potential    Kinetic En.   Total Energy  Conserved En.    Temperature
   -1.78870e+04    2.65102e+03   -1.52360e+04   -1.00776e+06    3.10765e+02
 Pressure (bar)
    1.60974e+02

           Step           Time
       36300000    72600.00000

   Energies (kJ/mol)
           Bond       G96Angle  Improper Dih.        LJ (SR)   Coulomb (SR)
    5.27522e+01    5.55457e+01    2.06324e+01   -1.75731e+04   -1.24304e+02
      Potential    Kinetic En.   Total Energy  Conserved En.    Temperature
   -1.75685e+04    2.82190e+03   -1.47466e+04   -1.00931e+06    3.30795e+02
 Pressure (bar)
    9.72797e+01

           Step           Time
       36350000    72700.00000

   Energies (kJ/mol)
           Bond       G96Angle  Improper Dih.        LJ (SR)   Coulomb (SR)
    4.82152e+01    2.62006e+01    1.74820e+01   -1.78692e+04   -1.21928e+02
      Potential    Kinetic En.   Total Energy  Conserved En.    Temperature
   -1.78992e+04    2.52344e+03   -1.53758e+04   -1.01088e+06    2.95809e+02
 Pressure (bar)
   -3.35086e+01

           Step           Time
       36400000    72800.00000

   Energies (kJ/mol)
           Bond       G96Angle  Improper Dih.        LJ (SR)   Coulomb (SR)
    4.47309e+01    5.17812e+01    2.12039e+01   -1.77370e+04   -1.37213e+02
      Potential    Kinetic En.   Total Energy  Conserved En.    Temperature
   -1.77565e+04    2.65361e+03   -1.51028e+04   -1.01241e+06    3.11068e+02
 Pressure (bar)
    1.43106e+01

           Step           Time
       36450000    72900.00000

   Energies (kJ/mol)
           Bond       G96Angle  Improper Dih.        LJ (SR)   Coulomb (SR)
    5.24794e+01    4.31143e+01    7.67436e+00   -1.76239e+04   -1.37995e+02
      Potential    Kinetic En.   Total Energy  Conserved En.    Temperature
   -1.76586e+04    2.57334e+03   -1.50852e+04   -1.01393e+06    3.01658e+02
 Pressure (bar)
   -6.63977e+01

           Step           Time
       36500000    73000.00000

   Energies (kJ/mol)
           Bond       G96Angle  Improper Dih.        LJ (SR)   Coulomb (SR)
    4.69977e+01    4.67330e+01    1.27819e+01   -1.77203e+04   -1.32945e+02
      Potential    Kinetic En.   Total Energy  Conserved En.    Temperature
   -1.77468e+04    2.67996e+03   -1.50668e+04   -1.01553e+06    3.14156e+02
 Pressure (bar)
   -4.54091e+01

           Step           Time
       36550000    73100.00000

   Energies (kJ/mol)
           Bond       G96Angle  Improper Dih.        LJ (SR)   Coulomb (SR)
    4.80567e+01    3.81367e+01    1.52441e+01   -1.77818e+04   -1.68410e+02
      Potential    Kinetic En.   Total Energy  Conserved En.    Temperature
   -1.78488e+04    2.67631e+03   -1.51725e+04   -1.01710e+06    3.13729e+02
 Pressure (bar)
    1.81670e+01

           Step           Time
       36600000    73200.00000

   Energies (kJ/mol)
           Bond       G96Angle  Improper Dih.        LJ (SR)   Coulomb (SR)
    3.32975e+01    2.45226e+01    1.47499e+01   -1.76601e+04   -1.34164e+02
      Potential    Kinetic En.   Total Energy  Conserved En.    Temperature
   -1.77217e+04    2.60898e+03   -1.51127e+04   -1.01867e+06    3.05836e+02
 Pressure (bar)
   -3.95101e+01

           Step           Time
       36650000    73300.00000

   Energies (kJ/mol)
           Bond       G96Angle  Improper Dih.        LJ (SR)   Coulomb (SR)
    5.82100e+01    3.18557e+01    1.34098e+01   -1.80742e+04   -1.38375e+02
      Potential    Kinetic En.   Total Energy  Conserved En.    Temperature
   -1.81091e+04    2.60065e+03   -1.55085e+04   -1.01975e+06    3.04859e+02
 Pressure (bar)
    2.31852e+01

           Step           Time
       36700000    73400.00000

   Energies (kJ/mol)
           Bond       G96Angle  Improper Dih.        LJ (SR)   Coulomb (SR)
    4.28132e+01    4.13238e+01    2.40429e+01   -1.73990e+04   -1.52312e+02
      Potential    Kinetic En.   Total Energy  Conserved En.    Temperature
   -1.74432e+04    2.53249e+03   -1.49107e+04   -1.01935e+06    2.96870e+02
 Pressure (bar)
    1.43613e+02

           Step           Time
       36750000    73500.00000

   Energies (kJ/mol)
           Bond       G96Angle  Improper Dih.        LJ (SR)   Coulomb (SR)
    3.57197e+01    4.57651e+01    8.20233e+00   -1.75885e+04   -1.47304e+02
      Potential    Kinetic En.   Total Energy  Conserved En.    Temperature
   -1.76461e+04    2.65031e+03   -1.49958e+04   -1.01966e+06    3.10681e+02
 Pressure (bar)
    1.19681e+02

           Step           Time
       36800000    73600.00000

   Energies (kJ/mol)
           Bond       G96Angle  Improper Dih.        LJ (SR)   Coulomb (SR)
    4.12670e+01    1.74230e+01    1.28549e+01   -1.76221e+04   -1.19804e+02
      Potential    Kinetic En.   Total Energy  Conserved En.    Temperature
   -1.76703e+04    2.70855e+03   -1.49618e+04   -1.02114e+06    3.17508e+02
 Pressure (bar)
   -1.21291e+02

           Step           Time
       36850000    73700.00000

   Energies (kJ/mol)
           Bond       G96Angle  Improper Dih.        LJ (SR)   Coulomb (SR)
    6.97261e+01    4.02705e+01    1.01837e+01   -1.79536e+04   -1.33799e+02
      Potential    Kinetic En.   Total Energy  Conserved En.    Temperature
   -1.79672e+04    2.44991e+03   -1.55173e+04   -1.02271e+06    2.87190e+02
 Pressure (bar)
   -5.39910e+01

           Step           Time
       36900000    73800.00000

   Energies (kJ/mol)
           Bond       G96Angle  Improper Dih.        LJ (SR)   Coulomb (SR)
    6.09856e+01    2.35371e+01    8.80360e+00   -1.77409e+04   -1.38957e+02
      Potential    Kinetic En.   Total Energy  Conserved En.    Temperature
   -1.77866e+04    2.69292e+03   -1.50937e+04   -1.02434e+06    3.15676e+02
 Pressure (bar)
    1.74245e+02

           Step           Time
       36950000    73900.00000

   Energies (kJ/mol)
           Bond       G96Angle  Improper Dih.        LJ (SR)   Coulomb (SR)
    3.72038e+01    2.71533e+01    3.20599e+01   -1.76002e+04   -1.16478e+02
      Potential    Kinetic En.   Total Energy  Conserved En.    Temperature
   -1.76203e+04    2.49241e+03   -1.51279e+04   -1.02591e+06    2.92171e+02
 Pressure (bar)
    2.34945e+01

           Step           Time
       37000000    74000.00000

   Energies (kJ/mol)
           Bond       G96Angle  Improper Dih.        LJ (SR)   Coulomb (SR)
    4.17515e+01    3.36734e+01    1.57688e+01   -1.75303e+04   -1.06445e+02
      Potential    Kinetic En.   Total Energy  Conserved En.    Temperature
   -1.75456e+04    2.52519e+03   -1.50204e+04   -1.02748e+06    2.96014e+02
 Pressure (bar)
   -2.00477e+02

           Step           Time
       37050000    74100.00000

   Energies (kJ/mol)
           Bond       G96Angle  Improper Dih.        LJ (SR)   Coulomb (SR)
    6.08924e+01    3.24315e+01    2.49981e+01   -1.77704e+04   -1.25852e+02
      Potential    Kinetic En.   Total Energy  Conserved En.    Temperature
   -1.77780e+04    2.79528e+03   -1.49827e+04   -1.02894e+06    3.27676e+02
 Pressure (bar)
   -3.57389e+01

           Step           Time
       37100000    74200.00000

   Energies (kJ/mol)
           Bond       G96Angle  Improper Dih.        LJ (SR)   Coulomb (SR)
    5.80413e+01    4.65339e+01    1.30110e+01   -1.74905e+04   -1.16909e+02
      Potential    Kinetic En.   Total Energy  Conserved En.    Temperature
   -1.74898e+04    2.85648e+03   -1.46333e+04   -1.03052e+06    3.34849e+02
 Pressure (bar)
    2.35546e+02

           Step           Time
       37150000    74300.00000

   Energies (kJ/mol)
           Bond       G96Angle  Improper Dih.        LJ (SR)   Coulomb (SR)
    3.74586e+01    3.14642e+01    8.17080e+00   -1.74465e+04   -1.27023e+02
      Potential    Kinetic En.   Total Energy  Conserved En.    Temperature
   -1.74964e+04    2.51430e+03   -1.49821e+04   -1.03203e+06    2.94738e+02
 Pressure (bar)
    1.44036e+02

           Step           Time
       37200000    74400.00000

   Energies (kJ/mol)
           Bond       G96Angle  Improper Dih.        LJ (SR)   Coulomb (SR)
    5.41638e+01    2.09461e+01    1.94920e+01   -1.76764e+04   -1.24180e+02
      Potential    Kinetic En.   Total Energy  Conserved En.    Temperature
   -1.77060e+04    2.50628e+03   -1.51997e+04   -1.03352e+06    2.93797e+02
 Pressure (bar)
   -5.11438e+01

           Step           Time
       37250000    74500.00000

   Energies (kJ/mol)
           Bond       G96Angle  Improper Dih.        LJ (SR)   Coulomb (SR)
    4.80425e+01    2.62819e+01    3.06184e+01   -1.77683e+04   -1.46934e+02
      Potential    Kinetic En.   Total Energy  Conserved En.    Temperature
   -1.78103e+04    2.47345e+03   -1.53369e+04   -1.03477e+06    2.89949e+02
 Pressure (bar)
   -9.33798e+01

           Step           Time
       37300000    74600.00000

   Energies (kJ/mol)
           Bond       G96Angle  Improper Dih.        LJ (SR)   Coulomb (SR)
    4.91449e+01    3.61800e+01    2.69480e+01   -1.77665e+04   -1.38916e+02
      Potential    Kinetic En.   Total Energy  Conserved En.    Temperature
   -1.77931e+04    2.52332e+03   -1.52698e+04   -1.03632e+06    2.95795e+02
 Pressure (bar)
   -2.57349e+02

           Step           Time
       37350000    74700.00000

   Energies (kJ/mol)
           Bond       G96Angle  Improper Dih.        LJ (SR)   Coulomb (SR)
    6.36703e+01    4.33032e+01    4.16678e+00   -1.79699e+04   -1.48833e+02
      Potential    Kinetic En.   Total Energy  Conserved En.    Temperature
   -1.80076e+04    2.64323e+03   -1.53643e+04   -1.03782e+06    3.09851e+02
 Pressure (bar)
    1.46497e+01

           Step           Time
       37400000    74800.00000

   Energies (kJ/mol)
           Bond       G96Angle  Improper Dih.        LJ (SR)   Coulomb (SR)
    5.03403e+01    3.29263e+01    1.61855e+01   -1.75117e+04   -1.28864e+02
      Potential    Kinetic En.   Total Energy  Conserved En.    Temperature
   -1.75411e+04    2.57704e+03   -1.49640e+04   -1.03942e+06    3.02093e+02
 Pressure (bar)
    1.66579e+02

           Step           Time
       37450000    74900.00000

   Energies (kJ/mol)
           Bond       G96Angle  Improper Dih.        LJ (SR)   Coulomb (SR)
    2.58448e+01    3.39810e+01    8.92484e+00   -1.75954e+04   -1.27145e+02
      Potential    Kinetic En.   Total Energy  Conserved En.    Temperature
   -1.76538e+04    2.59885e+03   -1.50550e+04   -1.04098e+06    3.04649e+02
 Pressure (bar)
    1.27048e+02

           Step           Time
       37500000    75000.00000

   Energies (kJ/mol)
           Bond       G96Angle  Improper Dih.        LJ (SR)   Coulomb (SR)
    4.48619e+01    3.49515e+01    1.15804e+01   -1.75880e+04   -1.19179e+02
      Potential    Kinetic En.   Total Energy  Conserved En.    Temperature
   -1.76158e+04    2.73761e+03   -1.48782e+04   -1.04258e+06    3.20915e+02
 Pressure (bar)
   -8.43488e+01

           Step           Time
       37550000    75100.00000

   Energies (kJ/mol)
           Bond       G96Angle  Improper Dih.        LJ (SR)   Coulomb (SR)
    5.24698e+01    4.39435e+01    1.46946e+01   -1.75340e+04   -1.28663e+02
      Potential    Kinetic En.   Total Energy  Conserved En.    Temperature
   -1.75516e+04    2.56875e+03   -1.49828e+04   -1.04416e+06    3.01121e+02
 Pressure (bar)
   -7.15797e+01

           Step           Time
       37600000    75200.00000

   Energies (kJ/mol)
           Bond       G96Angle  Improper Dih.        LJ (SR)   Coulomb (SR)
    7.02783e+01    3.88906e+01    7.19103e+00   -1.78747e+04   -1.22780e+02
      Potential    Kinetic En.   Total Energy  Conserved En.    Temperature
   -1.78811e+04    2.68070e+03   -1.52004e+04   -1.04571e+06    3.14244e+02
 Pressure (bar)
   -6.40078e+01

           Step           Time
       37650000    75300.00000

   Energies (kJ/mol)
           Bond       G96Angle  Improper Dih.        LJ (SR)   Coulomb (SR)
    5.58221e+01    4.48062e+01    1.38292e+01   -1.75625e+04   -1.13954e+02
      Potential    Kinetic En.   Total Energy  Conserved En.    Temperature
   -1.75620e+04    2.81879e+03   -1.47432e+04   -1.04724e+06    3.30432e+02
 Pressure (bar)
    9.95128e+01

           Step           Time
       37700000    75400.00000

   Energies (kJ/mol)
           Bond       G96Angle  Improper Dih.        LJ (SR)   Coulomb (SR)
    5.62350e+01    4.21932e+01    2.23619e+01   -1.77791e+04   -1.24356e+02
      Potential    Kinetic En.   Total Energy  Conserved En.    Temperature
   -1.77827e+04    2.64211e+03   -1.51405e+04   -1.04868e+06    3.09720e+02
 Pressure (bar)
   -5.09786e+00

           Step           Time
       37750000    75500.00000

   Energies (kJ/mol)
           Bond       G96Angle  Improper Dih.        LJ (SR)   Coulomb (SR)
    7.09710e+01    3.82276e+01    1.59740e+01   -1.77149e+04   -1.10553e+02
      Potential    Kinetic En.   Total Energy  Conserved En.    Temperature
   -1.77003e+04    2.61207e+03   -1.50882e+04   -1.04523e+06    3.06198e+02
 Pressure (bar)
   -3.53114e+01

           Step           Time
       37800000    75600.00000

   Energies (kJ/mol)
           Bond       G96Angle  Improper Dih.        LJ (SR)   Coulomb (SR)
    5.15733e+01    4.48207e+01    9.94350e+00   -1.74713e+04   -1.27261e+02
      Potential    Kinetic En.   Total Energy  Conserved En.    Temperature
   -1.74923e+04    2.64667e+03   -1.48456e+04   -1.04662e+06    3.10254e+02
 Pressure (bar)
    7.40364e+01

           Step           Time
       37850000    75700.00000

   Energies (kJ/mol)
           Bond       G96Angle  Improper Dih.        LJ (SR)   Coulomb (SR)
    6.27665e+01    3.10539e+01    1.20263e+01   -1.77932e+04   -1.26291e+02
      Potential    Kinetic En.   Total Energy  Conserved En.    Temperature
   -1.78136e+04    2.50632e+03   -1.53073e+04   -1.04804e+06    2.93803e+02
 Pressure (bar)
    1.80153e+02

           Step           Time
       37900000    75800.00000

   Energies (kJ/mol)
           Bond       G96Angle  Improper Dih.        LJ (SR)   Coulomb (SR)
    5.74842e+01    3.10935e+01    1.02431e+01   -1.77747e+04   -1.32398e+02
      Potential    Kinetic En.   Total Energy  Conserved En.    Temperature
   -1.78083e+04    2.55021e+03   -1.52581e+04   -1.04964e+06    2.98947e+02
 Pressure (bar)
    1.90524e+01

           Step           Time
       37950000    75900.00000

   Energies (kJ/mol)
           Bond       G96Angle  Improper Dih.        LJ (SR)   Coulomb (SR)
    3.18468e+01    2.22553e+01    8.16234e+00   -1.78721e+04   -1.27492e+02
      Potential    Kinetic En.   Total Energy  Conserved En.    Temperature
   -1.79374e+04    2.62775e+03   -1.53096e+04   -1.05125e+06    3.08037e+02
 Pressure (bar)
   -6.62418e+01

           Step           Time
       38000000    76000.00000

   Energies (kJ/mol)
           Bond       G96Angle  Improper Dih.        LJ (SR)   Coulomb (SR)
    6.07128e+01    3.08397e+01    4.32250e+00   -1.78283e+04   -1.24843e+02
      Potential    Kinetic En.   Total Energy  Conserved En.    Temperature
   -1.78573e+04    2.71873e+03   -1.51385e+04   -1.05276e+06    3.18702e+02
 Pressure (bar)
   -1.29015e+01

           Step           Time
       38050000    76100.00000

   Energies (kJ/mol)
           Bond       G96Angle  Improper Dih.        LJ (SR)   Coulomb (SR)
    7.16319e+01    1.61374e+01    1.19890e+01   -1.75714e+04   -1.29914e+02
      Potential    Kinetic En.   Total Energy  Conserved En.    Temperature
   -1.76015e+04    2.65865e+03   -1.49429e+04   -1.05414e+06    3.11658e+02
 Pressure (bar)
   -1.76517e+00

           Step           Time
       38100000    76200.00000

   Energies (kJ/mol)
           Bond       G96Angle  Improper Dih.        LJ (SR)   Coulomb (SR)
    4.81081e+01    2.33895e+01    1.43064e+01   -1.75986e+04   -1.15555e+02
      Potential    Kinetic En.   Total Energy  Conserved En.    Temperature
   -1.76284e+04    2.61720e+03   -1.50112e+04   -1.05556e+06    3.06799e+02
 Pressure (bar)
    3.18014e+02

           Step           Time
       38150000    76300.00000

   Energies (kJ/mol)
           Bond       G96Angle  Improper Dih.        LJ (SR)   Coulomb (SR)
    5.19146e+01    3.59637e+01    2.06613e+01   -1.76686e+04   -1.30425e+02
      Potential    Kinetic En.   Total Energy  Conserved En.    Temperature
   -1.76905e+04    2.63734e+03   -1.50532e+04   -1.05713e+06    3.09161e+02
 Pressure (bar)
    5.97375e+01

           Step           Time
       38200000    76400.00000

   Energies (kJ/mol)
           Bond       G96Angle  Improper Dih.        LJ (SR)   Coulomb (SR)
    4.29954e+01    2.59928e+01    2.14000e+01   -1.76758e+04   -1.19941e+02
      Potential    Kinetic En.   Total Energy  Conserved En.    Temperature
   -1.77053e+04    2.59749e+03   -1.51078e+04   -1.05860e+06    3.04490e+02
 Pressure (bar)
    2.82350e+01

           Step           Time
       38250000    76500.00000

   Energies (kJ/mol)
           Bond       G96Angle  Improper Dih.        LJ (SR)   Coulomb (SR)
    5.02788e+01    2.13827e+01    1.93216e+01   -1.79643e+04   -1.38520e+02
      Potential    Kinetic En.   Total Energy  Conserved En.    Temperature
   -1.80118e+04    2.72284e+03   -1.52890e+04   -1.06013e+06    3.19184e+02
 Pressure (bar)
   -9.97542e+00

           Step           Time
       38300000    76600.00000

   Energies (kJ/mol)
           Bond       G96Angle  Improper Dih.        LJ (SR)   Coulomb (SR)
    6.31613e+01    2.80336e+01    2.40560e+01   -1.78506e+04   -1.35986e+02
      Potential    Kinetic En.   Total Energy  Conserved En.    Temperature
   -1.78713e+04    2.72491e+03   -1.51464e+04   -1.06159e+06    3.19427e+02
 Pressure (bar)
   -2.06904e+02

           Step           Time
       38350000    76700.00000

   Energies (kJ/mol)
           Bond       G96Angle  Improper Dih.        LJ (SR)   Coulomb (SR)
    5.38999e+01    3.42469e+01    1.43130e+01   -1.76591e+04   -1.39266e+02
      Potential    Kinetic En.   Total Energy  Conserved En.    Temperature
   -1.76959e+04    2.70724e+03   -1.49887e+04   -1.06318e+06    3.17354e+02
 Pressure (bar)
    1.04678e+02

           Step           Time
       38400000    76800.00000

   Energies (kJ/mol)
           Bond       G96Angle  Improper Dih.        LJ (SR)   Coulomb (SR)
    4.87837e+01    3.49165e+01    9.27873e+00   -1.79837e+04   -1.16955e+02
      Potential    Kinetic En.   Total Energy  Conserved En.    Temperature
   -1.80076e+04    2.51856e+03   -1.54891e+04   -1.06416e+06    2.95237e+02
 Pressure (bar)
   -2.39749e+00

           Step           Time
       38450000    76900.00000

   Energies (kJ/mol)
           Bond       G96Angle  Improper Dih.        LJ (SR)   Coulomb (SR)
    5.23544e+01    4.11499e+01    2.18385e+01   -1.75913e+04   -1.33311e+02
      Potential    Kinetic En.   Total Energy  Conserved En.    Temperature
   -1.76093e+04    2.65718e+03   -1.49521e+04   -1.06589e+06    3.11486e+02
 Pressure (bar)
   -1.52772e+02

           Step           Time
       38500000    77000.00000

   Energies (kJ/mol)
           Bond       G96Angle  Improper Dih.        LJ (SR)   Coulomb (SR)
    4.02844e+01    3.83826e+01    1.48724e+01   -1.78652e+04   -1.21259e+02
      Potential    Kinetic En.   Total Energy  Conserved En.    Temperature
   -1.78929e+04    2.73631e+03   -1.51566e+04   -1.06737e+06    3.20763e+02
 Pressure (bar)
   -1.02684e+02

           Step           Time
       38550000    77100.00000

   Energies (kJ/mol)
           Bond       G96Angle  Improper Dih.        LJ (SR)   Coulomb (SR)
    3.87672e+01    4.43713e+01    2.13661e+01   -1.78398e+04   -1.25989e+02
      Potential    Kinetic En.   Total Energy  Conserved En.    Temperature
   -1.78613e+04    2.55989e+03   -1.53014e+04   -1.06879e+06    3.00082e+02
 Pressure (bar)
    1.85375e+02

           Step           Time
       38600000    77200.00000

   Energies (kJ/mol)
           Bond       G96Angle  Improper Dih.        LJ (SR)   Coulomb (SR)
    9.68204e+01    3.10579e+01    2.31048e+01   -1.78671e+04   -1.29070e+02
      Potential    Kinetic En.   Total Energy  Conserved En.    Temperature
   -1.78452e+04    2.57817e+03   -1.52670e+04   -1.07029e+06    3.02225e+02
 Pressure (bar)
   -7.69676e+01

           Step           Time
       38650000    77300.00000

   Energies (kJ/mol)
           Bond       G96Angle  Improper Dih.        LJ (SR)   Coulomb (SR)
    5.06395e+01    4.71296e+01    1.26353e+01   -1.76611e+04   -1.17317e+02
      Potential    Kinetic En.   Total Energy  Conserved En.    Temperature
   -1.76680e+04    2.60979e+03   -1.50582e+04   -1.07189e+06    3.05931e+02
 Pressure (bar)
   -1.57983e+02

           Step           Time
       38700000    77400.00000

   Energies (kJ/mol)
           Bond       G96Angle  Improper Dih.        LJ (SR)   Coulomb (SR)
    5.73940e+01    1.79882e+01    6.26407e+00   -1.78483e+04   -9.94155e+01
      Potential    Kinetic En.   Total Energy  Conserved En.    Temperature
   -1.78661e+04    2.57900e+03   -1.52871e+04   -1.07354e+06    3.02322e+02
 Pressure (bar)
    7.97889e+01

           Step           Time
       38750000    77500.00000

   Energies (kJ/mol)
           Bond       G96Angle  Improper Dih.        LJ (SR)   Coulomb (SR)
    7.01780e+01    4.02931e+01    1.55305e+01   -1.76961e+04   -1.37410e+02
      Potential    Kinetic En.   Total Energy  Conserved En.    Temperature
   -1.77075e+04    2.77782e+03   -1.49297e+04   -1.07498e+06    3.25628e+02
 Pressure (bar)
   -3.07976e+01

           Step           Time
       38800000    77600.00000

   Energies (kJ/mol)
           Bond       G96Angle  Improper Dih.        LJ (SR)   Coulomb (SR)
    5.14155e+01    3.18528e+01    1.32511e+01   -1.78728e+04   -1.39009e+02
      Potential    Kinetic En.   Total Energy  Conserved En.    Temperature
   -1.79153e+04    2.93381e+03   -1.49815e+04   -1.07648e+06    3.43914e+02
 Pressure (bar)
    1.08792e+02

Writing checkpoint, step 38841120 at Wed Apr  1 17:50:01 2026


           Step           Time
       38850000    77700.00000

   Energies (kJ/mol)
           Bond       G96Angle  Improper Dih.        LJ (SR)   Coulomb (SR)
    7.03701e+01    3.05905e+01    1.10892e+01   -1.77230e+04   -1.40811e+02
      Potential    Kinetic En.   Total Energy  Conserved En.    Temperature
   -1.77518e+04    2.55635e+03   -1.51954e+04   -1.07795e+06    2.99666e+02
 Pressure (bar)
    8.12274e+01

           Step           Time
       38900000    77800.00000

   Energies (kJ/mol)
           Bond       G96Angle  Improper Dih.        LJ (SR)   Coulomb (SR)
    5.76543e+01    2.73607e+01    9.00651e+00   -1.75274e+04   -1.18062e+02
      Potential    Kinetic En.   Total Energy  Conserved En.    Temperature
   -1.75515e+04    2.53193e+03   -1.50195e+04   -1.07954e+06    2.96804e+02
 Pressure (bar)
    7.63256e+01

           Step           Time
       38950000    77900.00000

   Energies (kJ/mol)
           Bond       G96Angle  Improper Dih.        LJ (SR)   Coulomb (SR)
    3.50428e+01    3.52046e+01    9.75266e+00   -1.76929e+04   -1.28374e+02
      Potential    Kinetic En.   Total Energy  Conserved En.    Temperature
   -1.77413e+04    2.45393e+03   -1.52874e+04   -1.08019e+06    2.87661e+02
 Pressure (bar)
   -5.78667e+01

           Step           Time
       39000000    78000.00000

   Energies (kJ/mol)
           Bond       G96Angle  Improper Dih.        LJ (SR)   Coulomb (SR)
    3.77912e+01    2.63223e+01    5.05898e+00   -1.78443e+04   -1.37326e+02
      Potential    Kinetic En.   Total Energy  Conserved En.    Temperature
   -1.79124e+04    2.60246e+03   -1.53100e+04   -1.08169e+06    3.05072e+02
 Pressure (bar)
   -4.96300e+00

           Step           Time
       39050000    78100.00000

   Energies (kJ/mol)
           Bond       G96Angle  Improper Dih.        LJ (SR)   Coulomb (SR)
    7.46805e+01    5.97646e+01    3.90043e+01   -1.76832e+04   -1.48957e+02
      Potential    Kinetic En.   Total Energy  Conserved En.    Temperature
   -1.76587e+04    2.72153e+03   -1.49371e+04   -1.08320e+06    3.19030e+02
 Pressure (bar)
    2.46186e+02

           Step           Time
       39100000    78200.00000

   Energies (kJ/mol)
           Bond       G96Angle  Improper Dih.        LJ (SR)   Coulomb (SR)
    5.10800e+01    2.53292e+01    1.92597e+01   -1.74696e+04   -1.43793e+02
      Potential    Kinetic En.   Total Energy  Conserved En.    Temperature
   -1.75177e+04    2.62107e+03   -1.48966e+04   -1.08474e+06    3.07254e+02
 Pressure (bar)
   -6.58562e+01

           Step           Time
       39150000    78300.00000

   Energies (kJ/mol)
           Bond       G96Angle  Improper Dih.        LJ (SR)   Coulomb (SR)
    3.79941e+01    3.10188e+01    9.62401e+00   -1.78098e+04   -1.56745e+02
      Potential    Kinetic En.   Total Energy  Conserved En.    Temperature
   -1.78879e+04    2.71119e+03   -1.51767e+04   -1.08639e+06    3.17818e+02
 Pressure (bar)
    3.32378e+02

           Step           Time
       39200000    78400.00000

   Energies (kJ/mol)
           Bond       G96Angle  Improper Dih.        LJ (SR)   Coulomb (SR)
    4.66724e+01    3.62154e+01    9.50726e+00   -1.78277e+04   -1.36117e+02
      Potential    Kinetic En.   Total Energy  Conserved En.    Temperature
   -1.78714e+04    2.75724e+03   -1.51142e+04   -1.08791e+06    3.23216e+02
 Pressure (bar)
   -4.86447e+01

           Step           Time
       39250000    78500.00000

   Energies (kJ/mol)
           Bond       G96Angle  Improper Dih.        LJ (SR)   Coulomb (SR)
    4.08680e+01    4.14829e+01    3.58652e+00   -1.75498e+04   -1.38505e+02
      Potential    Kinetic En.   Total Energy  Conserved En.    Temperature
   -1.76023e+04    2.62306e+03   -1.49793e+04   -1.08804e+06    3.07487e+02
 Pressure (bar)
   -3.06919e+02

           Step           Time
       39300000    78600.00000

   Energies (kJ/mol)
           Bond       G96Angle  Improper Dih.        LJ (SR)   Coulomb (SR)
    5.43325e+01    4.04318e+01    2.06893e+01   -1.77076e+04   -1.25801e+02
      Potential    Kinetic En.   Total Energy  Conserved En.    Temperature
   -1.77180e+04    2.63207e+03   -1.50859e+04   -1.08950e+06    3.08543e+02
 Pressure (bar)
   -1.94704e+02

           Step           Time
       39350000    78700.00000

   Energies (kJ/mol)
           Bond       G96Angle  Improper Dih.        LJ (SR)   Coulomb (SR)
    5.17375e+01    3.83519e+01    1.16875e+01   -1.75965e+04   -1.40072e+02
      Potential    Kinetic En.   Total Energy  Conserved En.    Temperature
   -1.76348e+04    2.64276e+03   -1.49920e+04   -1.09104e+06    3.09796e+02
 Pressure (bar)
   -1.86142e+02

           Step           Time
       39400000    78800.00000

   Energies (kJ/mol)
           Bond       G96Angle  Improper Dih.        LJ (SR)   Coulomb (SR)
    4.01007e+01    3.38469e+01    1.27473e+01   -1.77042e+04   -1.49186e+02
      Potential    Kinetic En.   Total Energy  Conserved En.    Temperature
   -1.77667e+04    2.51787e+03   -1.52488e+04   -1.09246e+06    2.95156e+02
 Pressure (bar)
    1.72505e+02

           Step           Time
       39450000    78900.00000

   Energies (kJ/mol)
           Bond       G96Angle  Improper Dih.        LJ (SR)   Coulomb (SR)
    4.87030e+01    3.39001e+01    1.38383e+01   -1.78394e+04   -1.49924e+02
      Potential    Kinetic En.   Total Energy  Conserved En.    Temperature
   -1.78929e+04    2.50630e+03   -1.53866e+04   -1.09413e+06    2.93800e+02
 Pressure (bar)
   -1.42279e+02

           Step           Time
       39500000    79000.00000

   Energies (kJ/mol)
           Bond       G96Angle  Improper Dih.        LJ (SR)   Coulomb (SR)
    4.88483e+01    4.14871e+01    7.19774e+00   -1.76169e+04   -1.40250e+02
      Potential    Kinetic En.   Total Energy  Conserved En.    Temperature
   -1.76596e+04    2.53322e+03   -1.51264e+04   -1.09568e+06    2.96955e+02
 Pressure (bar)
   -1.52855e+02

           Step           Time
       39550000    79100.00000

   Energies (kJ/mol)
           Bond       G96Angle  Improper Dih.        LJ (SR)   Coulomb (SR)
    3.25389e+01    2.33174e+01    1.87504e+01   -1.77997e+04   -1.26586e+02
      Potential    Kinetic En.   Total Energy  Conserved En.    Temperature
   -1.78517e+04    2.58975e+03   -1.52620e+04   -1.09715e+06    3.03582e+02
 Pressure (bar)
   -1.40986e+02

           Step           Time
       39600000    79200.00000

   Energies (kJ/mol)
           Bond       G96Angle  Improper Dih.        LJ (SR)   Coulomb (SR)
    6.14997e+01    4.40193e+01    7.17341e+00   -1.77011e+04   -1.32234e+02
      Potential    Kinetic En.   Total Energy  Conserved En.    Temperature
   -1.77207e+04    2.52128e+03   -1.51994e+04   -1.09879e+06    2.95556e+02
 Pressure (bar)
    1.35724e+01

           Step           Time
       39650000    79300.00000

   Energies (kJ/mol)
           Bond       G96Angle  Improper Dih.        LJ (SR)   Coulomb (SR)
    5.23031e+01    3.98708e+01    1.32475e+01   -1.75895e+04   -1.62769e+02
      Potential    Kinetic En.   Total Energy  Conserved En.    Temperature
   -1.76468e+04    2.67152e+03   -1.49753e+04   -1.10033e+06    3.13167e+02
 Pressure (bar)
    2.88487e+01

           Step           Time
       39700000    79400.00000

   Energies (kJ/mol)
           Bond       G96Angle  Improper Dih.        LJ (SR)   Coulomb (SR)
    5.78870e+01    4.09083e+01    1.00325e+01   -1.78229e+04   -1.43923e+02
      Potential    Kinetic En.   Total Energy  Conserved En.    Temperature
   -1.78580e+04    2.50516e+03   -1.53529e+04   -1.10191e+06    2.93666e+02
 Pressure (bar)
    1.26821e+02

           Step           Time
       39750000    79500.00000

   Energies (kJ/mol)
           Bond       G96Angle  Improper Dih.        LJ (SR)   Coulomb (SR)
    4.54730e+01    3.65798e+01    2.83654e+01   -1.74954e+04   -1.64126e+02
      Potential    Kinetic En.   Total Energy  Conserved En.    Temperature
   -1.75491e+04    2.62180e+03   -1.49273e+04   -1.10348e+06    3.07340e+02
 Pressure (bar)
   -9.58670e+01

           Step           Time
       39800000    79600.00000

   Energies (kJ/mol)
           Bond       G96Angle  Improper Dih.        LJ (SR)   Coulomb (SR)
    7.40860e+01    3.94563e+01    2.23474e+01   -1.76222e+04   -1.29456e+02
      Potential    Kinetic En.   Total Energy  Conserved En.    Temperature
   -1.76158e+04    2.73026e+03   -1.48855e+04   -1.10509e+06    3.20053e+02
 Pressure (bar)
    3.25977e+00

           Step           Time
       39850000    79700.00000

   Energies (kJ/mol)
           Bond       G96Angle  Improper Dih.        LJ (SR)   Coulomb (SR)
    6.72688e+01    4.49427e+01    1.72928e+01   -1.76181e+04   -1.32704e+02
      Potential    Kinetic En.   Total Energy  Conserved En.    Temperature
   -1.76213e+04    2.46599e+03   -1.51553e+04   -1.10666e+06    2.89075e+02
 Pressure (bar)
   -2.92654e+01

           Step           Time
       39900000    79800.00000

   Energies (kJ/mol)
           Bond       G96Angle  Improper Dih.        LJ (SR)   Coulomb (SR)
    7.35325e+01    3.66849e+01    1.20454e+01   -1.77045e+04   -1.40623e+02
      Potential    Kinetic En.   Total Energy  Conserved En.    Temperature
   -1.77229e+04    2.53256e+03   -1.51903e+04   -1.10819e+06    2.96879e+02
 Pressure (bar)
   -1.43937e+02

           Step           Time
       39950000    79900.00000

   Energies (kJ/mol)
           Bond       G96Angle  Improper Dih.        LJ (SR)   Coulomb (SR)
    4.65400e+01    2.19146e+01    1.08587e+01   -1.75911e+04   -1.71243e+02
      Potential    Kinetic En.   Total Energy  Conserved En.    Temperature
   -1.76830e+04    2.61194e+03   -1.50711e+04   -1.10980e+06    3.06184e+02
 Pressure (bar)
    6.67744e+01

           Step           Time
       40000000    80000.00000

   Energies (kJ/mol)
           Bond       G96Angle  Improper Dih.        LJ (SR)   Coulomb (SR)
    7.38659e+01    2.32538e+01    2.13336e+01   -1.76432e+04   -1.49134e+02
      Potential    Kinetic En.   Total Energy  Conserved En.    Temperature
   -1.76739e+04    2.70787e+03   -1.49660e+04   -1.11125e+06    3.17429e+02
 Pressure (bar)
    2.99888e+02

           Step           Time
       40050000    80100.00000

   Energies (kJ/mol)
           Bond       G96Angle  Improper Dih.        LJ (SR)   Coulomb (SR)
    5.31606e+01    2.81130e+01    6.54597e+00   -1.76551e+04   -1.46334e+02
      Potential    Kinetic En.   Total Energy  Conserved En.    Temperature
   -1.77136e+04    2.54811e+03   -1.51655e+04   -1.11282e+06    2.98701e+02
 Pressure (bar)
    1.07285e+01

           Step           Time
       40100000    80200.00000

   Energies (kJ/mol)
           Bond       G96Angle  Improper Dih.        LJ (SR)   Coulomb (SR)
    5.89792e+01    3.94454e+01    9.98851e+00   -1.75615e+04   -1.33247e+02
      Potential    Kinetic En.   Total Energy  Conserved En.    Temperature
   -1.75863e+04    2.62784e+03   -1.49585e+04   -1.11435e+06    3.08047e+02
 Pressure (bar)
   -1.61942e+02

           Step           Time
       40150000    80300.00000

   Energies (kJ/mol)
           Bond       G96Angle  Improper Dih.        LJ (SR)   Coulomb (SR)
    6.39243e+01    3.97761e+01    5.32571e+00   -1.74570e+04   -1.14994e+02
      Potential    Kinetic En.   Total Energy  Conserved En.    Temperature
   -1.74629e+04    2.68280e+03   -1.47801e+04   -1.11587e+06    3.14490e+02
 Pressure (bar)
   -8.80251e+01

           Step           Time
       40200000    80400.00000

   Energies (kJ/mol)
           Bond       G96Angle  Improper Dih.        LJ (SR)   Coulomb (SR)
    8.22025e+01    3.75954e+01    1.05501e+01   -1.75728e+04   -1.28987e+02
      Potential    Kinetic En.   Total Energy  Conserved En.    Temperature
   -1.75714e+04    2.70178e+03   -1.48696e+04   -1.11738e+06    3.16715e+02
 Pressure (bar)
    1.64902e+02

           Step           Time
       40250000    80500.00000

   Energies (kJ/mol)
           Bond       G96Angle  Improper Dih.        LJ (SR)   Coulomb (SR)
    6.16987e+01    4.44959e+01    2.16151e+01   -1.76999e+04   -1.32139e+02
      Potential    Kinetic En.   Total Energy  Conserved En.    Temperature
   -1.77042e+04    2.69662e+03   -1.50076e+04   -1.11890e+06    3.16111e+02
 Pressure (bar)
    1.59741e+02

           Step           Time
       40300000    80600.00000

   Energies (kJ/mol)
           Bond       G96Angle  Improper Dih.        LJ (SR)   Coulomb (SR)
    4.31575e+01    2.91400e+01    1.00515e+01   -1.78649e+04   -1.19321e+02
      Potential    Kinetic En.   Total Energy  Conserved En.    Temperature
   -1.79019e+04    2.51089e+03   -1.53910e+04   -1.12048e+06    2.94338e+02
 Pressure (bar)
    2.31127e+02

           Step           Time
       40350000    80700.00000

   Energies (kJ/mol)
           Bond       G96Angle  Improper Dih.        LJ (SR)   Coulomb (SR)
    6.03508e+01    2.72158e+01    1.16070e+01   -1.78986e+04   -1.37588e+02
      Potential    Kinetic En.   Total Energy  Conserved En.    Temperature
   -1.79370e+04    2.56613e+03   -1.53709e+04   -1.12204e+06    3.00813e+02
 Pressure (bar)
    9.71641e+01

           Step           Time
       40400000    80800.00000

   Energies (kJ/mol)
           Bond       G96Angle  Improper Dih.        LJ (SR)   Coulomb (SR)
    6.54722e+01    2.22713e+01    8.26537e+00   -1.78886e+04   -1.25769e+02
      Potential    Kinetic En.   Total Energy  Conserved En.    Temperature
   -1.79184e+04    2.73423e+03   -1.51842e+04   -1.12366e+06    3.20518e+02
 Pressure (bar)
   -4.05584e+01

           Step           Time
       40450000    80900.00000

   Energies (kJ/mol)
           Bond       G96Angle  Improper Dih.        LJ (SR)   Coulomb (SR)
    5.14980e+01    4.67478e+01    2.46604e+01   -1.76758e+04   -1.28983e+02
      Potential    Kinetic En.   Total Energy  Conserved En.    Temperature
   -1.76819e+04    2.69888e+03   -1.49830e+04   -1.12521e+06    3.16375e+02
 Pressure (bar)
    4.18284e+01

           Step           Time
       40500000    81000.00000

   Energies (kJ/mol)
           Bond       G96Angle  Improper Dih.        LJ (SR)   Coulomb (SR)
    6.82757e+01    3.48582e+01    1.42780e+01   -1.77466e+04   -1.18292e+02
      Potential    Kinetic En.   Total Energy  Conserved En.    Temperature
   -1.77475e+04    2.60839e+03   -1.51391e+04   -1.12673e+06    3.05767e+02
 Pressure (bar)
   -2.49453e+01

           Step           Time
       40550000    81100.00000

   Energies (kJ/mol)
           Bond       G96Angle  Improper Dih.        LJ (SR)   Coulomb (SR)
    5.78689e+01    3.40604e+01    1.45166e+01   -1.76332e+04   -1.25507e+02
      Potential    Kinetic En.   Total Energy  Conserved En.    Temperature
   -1.76522e+04    2.47273e+03   -1.51795e+04   -1.12828e+06    2.89865e+02
 Pressure (bar)
    1.21521e+01

           Step           Time
       40600000    81200.00000

   Energies (kJ/mol)
           Bond       G96Angle  Improper Dih.        LJ (SR)   Coulomb (SR)
    3.33440e+01    3.24811e+01    4.14019e+00   -1.80704e+04   -1.23584e+02
      Potential    Kinetic En.   Total Energy  Conserved En.    Temperature
   -1.81240e+04    2.70128e+03   -1.54227e+04   -1.12915e+06    3.16656e+02
 Pressure (bar)
   -2.39077e+01

           Step           Time
       40650000    81300.00000

   Energies (kJ/mol)
           Bond       G96Angle  Improper Dih.        LJ (SR)   Coulomb (SR)
    5.00451e+01    3.25419e+01    7.40949e+00   -1.78062e+04   -1.63971e+02
      Potential    Kinetic En.   Total Energy  Conserved En.    Temperature
   -1.78801e+04    2.60289e+03   -1.52772e+04   -1.13069e+06    3.05123e+02
 Pressure (bar)
    8.65710e+01

           Step           Time
       40700000    81400.00000

   Energies (kJ/mol)
           Bond       G96Angle  Improper Dih.        LJ (SR)   Coulomb (SR)
    3.74017e+01    3.47034e+01    2.19853e+01   -1.75413e+04   -1.18130e+02
      Potential    Kinetic En.   Total Energy  Conserved En.    Temperature
   -1.75653e+04    2.66386e+03   -1.49014e+04   -1.13227e+06    3.12270e+02
 Pressure (bar)
   -2.23203e+01

           Step           Time
       40750000    81500.00000

   Energies (kJ/mol)
           Bond       G96Angle  Improper Dih.        LJ (SR)   Coulomb (SR)
    6.48461e+01    5.12889e+01    1.16980e+01   -1.74498e+04   -1.26614e+02
      Potential    Kinetic En.   Total Energy  Conserved En.    Temperature
   -1.74485e+04    2.67581e+03   -1.47727e+04   -1.13363e+06    3.13670e+02
 Pressure (bar)
    4.57848e+01

           Step           Time
       40800000    81600.00000

   Energies (kJ/mol)
           Bond       G96Angle  Improper Dih.        LJ (SR)   Coulomb (SR)
    2.84568e+01    4.00153e+01    7.13783e+00   -1.77068e+04   -1.28285e+02
      Potential    Kinetic En.   Total Energy  Conserved En.    Temperature
   -1.77595e+04    2.69173e+03   -1.50678e+04   -1.13516e+06    3.15537e+02
 Pressure (bar)
    1.00759e+02

           Step           Time
       40850000    81700.00000

   Energies (kJ/mol)
           Bond       G96Angle  Improper Dih.        LJ (SR)   Coulomb (SR)
    3.55052e+01    2.76906e+01    8.06783e+00   -1.79266e+04   -1.47470e+02
      Potential    Kinetic En.   Total Energy  Conserved En.    Temperature
   -1.80028e+04    2.61759e+03   -1.53852e+04   -1.13674e+06    3.06846e+02
 Pressure (bar)
   -2.20951e+02

           Step           Time
       40900000    81800.00000

   Energies (kJ/mol)
           Bond       G96Angle  Improper Dih.        LJ (SR)   Coulomb (SR)
    5.66117e+01    3.78515e+01    1.17751e+01   -1.78857e+04   -1.41585e+02
      Potential    Kinetic En.   Total Energy  Conserved En.    Temperature
   -1.79210e+04    2.56691e+03   -1.53541e+04   -1.13764e+06    3.00905e+02
 Pressure (bar)
   -2.26693e+02

           Step           Time
       40950000    81900.00000

   Energies (kJ/mol)
           Bond       G96Angle  Improper Dih.        LJ (SR)   Coulomb (SR)
    3.83671e+01    2.79161e+01    9.87531e+00   -1.76819e+04   -1.18518e+02
      Potential    Kinetic En.   Total Energy  Conserved En.    Temperature
   -1.77242e+04    2.64609e+03   -1.50781e+04   -1.13901e+06    3.10187e+02
 Pressure (bar)
   -5.52749e+01

           Step           Time
       41000000    82000.00000

   Energies (kJ/mol)
           Bond       G96Angle  Improper Dih.        LJ (SR)   Coulomb (SR)
    4.63966e+01    3.62905e+01    1.57641e+01   -1.78670e+04   -1.16757e+02
      Potential    Kinetic En.   Total Energy  Conserved En.    Temperature
   -1.78854e+04    2.70370e+03   -1.51817e+04   -1.14054e+06    3.16940e+02
 Pressure (bar)
   -8.73156e+01

           Step           Time
       41050000    82100.00000

   Energies (kJ/mol)
           Bond       G96Angle  Improper Dih.        LJ (SR)   Coulomb (SR)
    6.22358e+01    2.99030e+01    1.58675e+01   -1.75802e+04   -1.36515e+02
      Potential    Kinetic En.   Total Energy  Conserved En.    Temperature
   -1.76087e+04    2.57607e+03   -1.50327e+04   -1.14215e+06    3.01978e+02
 Pressure (bar)
   -1.00424e+02

           Step           Time
       41100000    82200.00000

   Energies (kJ/mol)
           Bond       G96Angle  Improper Dih.        LJ (SR)   Coulomb (SR)
    6.59428e+01    3.68641e+01    1.21372e+01   -1.78356e+04   -1.26294e+02
      Potential    Kinetic En.   Total Energy  Conserved En.    Temperature
   -1.78470e+04    2.79750e+03   -1.50495e+04   -1.14363e+06    3.27935e+02
 Pressure (bar)
   -1.38421e+02

           Step           Time
       41150000    82300.00000

   Energies (kJ/mol)
           Bond       G96Angle  Improper Dih.        LJ (SR)   Coulomb (SR)
    3.74386e+01    3.69423e+01    2.15415e+01   -1.76107e+04   -1.40702e+02
      Potential    Kinetic En.   Total Energy  Conserved En.    Temperature
   -1.76555e+04    2.53446e+03   -1.51211e+04   -1.14512e+06    2.97101e+02
 Pressure (bar)
    2.33800e+02

           Step           Time
       41200000    82400.00000

   Energies (kJ/mol)
           Bond       G96Angle  Improper Dih.        LJ (SR)   Coulomb (SR)
    4.80204e+01    3.54778e+01    9.43768e+00   -1.75358e+04   -1.32454e+02
      Potential    Kinetic En.   Total Energy  Conserved En.    Temperature
   -1.75753e+04    2.63073e+03   -1.49446e+04   -1.14671e+06    3.08386e+02
 Pressure (bar)
   -1.63077e+02

           Step           Time
       41250000    82500.00000

   Energies (kJ/mol)
           Bond       G96Angle  Improper Dih.        LJ (SR)   Coulomb (SR)
    9.56235e+01    3.50928e+01    1.40427e+01   -1.78216e+04   -1.46546e+02
      Potential    Kinetic En.   Total Energy  Conserved En.    Temperature
   -1.78234e+04    2.64388e+03   -1.51795e+04   -1.14813e+06    3.09928e+02
 Pressure (bar)
   -2.97537e+01

           Step           Time
       41300000    82600.00000

   Energies (kJ/mol)
           Bond       G96Angle  Improper Dih.        LJ (SR)   Coulomb (SR)
    5.10117e+01    2.53929e+01    2.70598e+01   -1.78148e+04   -1.40108e+02
      Potential    Kinetic En.   Total Energy  Conserved En.    Temperature
   -1.78514e+04    2.55997e+03   -1.52914e+04   -1.14974e+06    3.00092e+02
 Pressure (bar)
    1.58120e+02

           Step           Time
       41350000    82700.00000

   Energies (kJ/mol)
           Bond       G96Angle  Improper Dih.        LJ (SR)   Coulomb (SR)
    5.44035e+01    2.69129e+01    8.87662e+00   -1.77453e+04   -1.65475e+02
      Potential    Kinetic En.   Total Energy  Conserved En.    Temperature
   -1.78205e+04    2.59260e+03   -1.52279e+04   -1.15098e+06    3.03917e+02
 Pressure (bar)
    1.44726e+02

           Step           Time
       41400000    82800.00000

   Energies (kJ/mol)
           Bond       G96Angle  Improper Dih.        LJ (SR)   Coulomb (SR)
    3.21001e+01    3.78048e+01    1.09203e+01   -1.76094e+04   -1.18678e+02
      Potential    Kinetic En.   Total Energy  Conserved En.    Temperature
   -1.76473e+04    2.70546e+03   -1.49418e+04   -1.15257e+06    3.17147e+02
 Pressure (bar)
    1.30395e+02

           Step           Time
       41450000    82900.00000

   Energies (kJ/mol)
           Bond       G96Angle  Improper Dih.        LJ (SR)   Coulomb (SR)
    4.32918e+01    2.67895e+01    1.14319e+01   -1.78398e+04   -1.37834e+02
      Potential    Kinetic En.   Total Energy  Conserved En.    Temperature
   -1.78961e+04    2.55795e+03   -1.53381e+04   -1.15295e+06    2.99855e+02
 Pressure (bar)
    3.39809e+01

           Step           Time
       41500000    83000.00000

   Energies (kJ/mol)
           Bond       G96Angle  Improper Dih.        LJ (SR)   Coulomb (SR)
    4.87561e+01    3.51503e+01    8.69254e+00   -1.78500e+04   -1.23044e+02
      Potential    Kinetic En.   Total Energy  Conserved En.    Temperature
   -1.78805e+04    2.66628e+03   -1.52142e+04   -1.15450e+06    3.12554e+02
 Pressure (bar)
    1.11661e+02

           Step           Time
       41550000    83100.00000

   Energies (kJ/mol)
           Bond       G96Angle  Improper Dih.        LJ (SR)   Coulomb (SR)
    6.17879e+01    2.70866e+01    1.40564e+01   -1.79967e+04   -1.35416e+02
      Potential    Kinetic En.   Total Energy  Conserved En.    Temperature
   -1.80292e+04    2.53745e+03   -1.54917e+04   -1.15591e+06    2.97452e+02
 Pressure (bar)
    1.75545e+02

           Step           Time
       41600000    83200.00000

   Energies (kJ/mol)
           Bond       G96Angle  Improper Dih.        LJ (SR)   Coulomb (SR)
    4.77767e+01    3.39340e+01    7.86277e+00   -1.76437e+04   -1.17912e+02
      Potential    Kinetic En.   Total Energy  Conserved En.    Temperature
   -1.76720e+04    2.65999e+03   -1.50120e+04   -1.15750e+06    3.11816e+02
 Pressure (bar)
   -1.01197e+02

           Step           Time
       41650000    83300.00000

   Energies (kJ/mol)
           Bond       G96Angle  Improper Dih.        LJ (SR)   Coulomb (SR)
    4.76025e+01    3.71226e+01    1.54969e+01   -1.78140e+04   -1.17269e+02
      Potential    Kinetic En.   Total Energy  Conserved En.    Temperature
   -1.78310e+04    2.55311e+03   -1.52779e+04   -1.15904e+06    2.99287e+02
 Pressure (bar)
   -1.75506e+02

           Step           Time
       41700000    83400.00000

   Energies (kJ/mol)
           Bond       G96Angle  Improper Dih.        LJ (SR)   Coulomb (SR)
    4.65887e+01    1.98115e+01    2.52695e+01   -1.77785e+04   -1.23721e+02
      Potential    Kinetic En.   Total Energy  Conserved En.    Temperature
   -1.78106e+04    2.61724e+03   -1.51933e+04   -1.16071e+06    3.06805e+02
 Pressure (bar)
    1.31306e+02

           Step           Time
       41750000    83500.00000

   Energies (kJ/mol)
           Bond       G96Angle  Improper Dih.        LJ (SR)   Coulomb (SR)
    6.39805e+01    4.07019e+01    1.04299e+01   -1.75727e+04   -1.24000e+02
      Potential    Kinetic En.   Total Energy  Conserved En.    Temperature
   -1.75816e+04    2.56365e+03   -1.50179e+04   -1.16235e+06    3.00523e+02
 Pressure (bar)
   -1.72114e+02

           Step           Time
       41800000    83600.00000

   Energies (kJ/mol)
           Bond       G96Angle  Improper Dih.        LJ (SR)   Coulomb (SR)
    7.03115e+01    3.33740e+01    1.10406e+01   -1.76248e+04   -1.19289e+02
      Potential    Kinetic En.   Total Energy  Conserved En.    Temperature
   -1.76294e+04    2.80202e+03   -1.48274e+04   -1.16385e+06    3.28465e+02
 Pressure (bar)
    4.90352e+01

           Step           Time
       41850000    83700.00000

   Energies (kJ/mol)
           Bond       G96Angle  Improper Dih.        LJ (SR)   Coulomb (SR)
    7.41917e+01    2.25579e+01    1.84654e+01   -1.77558e+04   -1.29869e+02
      Potential    Kinetic En.   Total Energy  Conserved En.    Temperature
   -1.77705e+04    2.78714e+03   -1.49833e+04   -1.16534e+06    3.26721e+02
 Pressure (bar)
    1.36061e+01

           Step           Time
       41900000    83800.00000

   Energies (kJ/mol)
           Bond       G96Angle  Improper Dih.        LJ (SR)   Coulomb (SR)
    5.61999e+01    2.89022e+01    1.09869e+01   -1.78094e+04   -1.29850e+02
      Potential    Kinetic En.   Total Energy  Conserved En.    Temperature
   -1.78432e+04    2.75051e+03   -1.50927e+04   -1.16692e+06    3.22427e+02
 Pressure (bar)
   -2.65027e+01

           Step           Time
       41950000    83900.00000

   Energies (kJ/mol)
           Bond       G96Angle  Improper Dih.        LJ (SR)   Coulomb (SR)
    7.02361e+01    2.97757e+01    1.33758e+01   -1.80931e+04   -1.32972e+02
      Potential    Kinetic En.   Total Energy  Conserved En.    Temperature
   -1.81127e+04    2.65137e+03   -1.54613e+04   -1.16843e+06    3.10806e+02
 Pressure (bar)
    1.72204e+02

           Step           Time
       42000000    84000.00000

   Energies (kJ/mol)
           Bond       G96Angle  Improper Dih.        LJ (SR)   Coulomb (SR)
    4.41818e+01    3.37502e+01    6.90633e+00   -1.77053e+04   -1.19045e+02
      Potential    Kinetic En.   Total Energy  Conserved En.    Temperature
   -1.77395e+04    2.60804e+03   -1.51315e+04   -1.17006e+06    3.05726e+02
 Pressure (bar)
    1.31372e+02

           Step           Time
       42050000    84100.00000

   Energies (kJ/mol)
           Bond       G96Angle  Improper Dih.        LJ (SR)   Coulomb (SR)
    3.99545e+01    3.15391e+01    1.03323e+01   -1.77194e+04   -1.30027e+02
      Potential    Kinetic En.   Total Energy  Conserved En.    Temperature
   -1.77676e+04    2.68993e+03   -1.50776e+04   -1.17165e+06    3.15326e+02
 Pressure (bar)
    1.08300e+02

           Step           Time
       42100000    84200.00000

   Energies (kJ/mol)
           Bond       G96Angle  Improper Dih.        LJ (SR)   Coulomb (SR)
    6.31406e+01    3.43130e+01    9.62017e+00   -1.80206e+04   -1.38735e+02
      Potential    Kinetic En.   Total Energy  Conserved En.    Temperature
   -1.80523e+04    2.67057e+03   -1.53817e+04   -1.17312e+06    3.13056e+02
 Pressure (bar)
    1.38739e+02

           Step           Time
       42150000    84300.00000

   Energies (kJ/mol)
           Bond       G96Angle  Improper Dih.        LJ (SR)   Coulomb (SR)
    5.46380e+01    3.47256e+01    1.15710e+01   -1.76468e+04   -1.55879e+02
      Potential    Kinetic En.   Total Energy  Conserved En.    Temperature
   -1.77018e+04    2.66074e+03   -1.50411e+04   -1.17428e+06    3.11904e+02
 Pressure (bar)
    2.22887e+02

           Step           Time
       42200000    84400.00000

   Energies (kJ/mol)
           Bond       G96Angle  Improper Dih.        LJ (SR)   Coulomb (SR)
    5.03095e+01    3.22982e+01    1.49642e+01   -1.78004e+04   -1.52709e+02
      Potential    Kinetic En.   Total Energy  Conserved En.    Temperature
   -1.78556e+04    2.57739e+03   -1.52782e+04   -1.17568e+06    3.02134e+02
 Pressure (bar)
   -2.06608e+02

           Step           Time
       42250000    84500.00000

   Energies (kJ/mol)
           Bond       G96Angle  Improper Dih.        LJ (SR)   Coulomb (SR)
    5.18200e+01    4.26064e+01    6.12858e+00   -1.75401e+04   -1.42349e+02
      Potential    Kinetic En.   Total Energy  Conserved En.    Temperature
   -1.75819e+04    2.73809e+03   -1.48438e+04   -1.17720e+06    3.20972e+02
 Pressure (bar)
   -1.62244e+00

           Step           Time
       42300000    84600.00000

   Energies (kJ/mol)
           Bond       G96Angle  Improper Dih.        LJ (SR)   Coulomb (SR)
    3.84415e+01    2.86432e+01    8.22010e+00   -1.75852e+04   -1.48267e+02
      Potential    Kinetic En.   Total Energy  Conserved En.    Temperature
   -1.76582e+04    2.43487e+03   -1.52233e+04   -1.17881e+06    2.85427e+02
 Pressure (bar)
   -1.20383e+02

           Step           Time
       42350000    84700.00000

   Energies (kJ/mol)
           Bond       G96Angle  Improper Dih.        LJ (SR)   Coulomb (SR)
    4.75966e+01    2.69293e+01    4.57105e+00   -1.77094e+04   -1.51855e+02
      Potential    Kinetic En.   Total Energy  Conserved En.    Temperature
   -1.77822e+04    2.74893e+03   -1.50332e+04   -1.18043e+06    3.22242e+02
 Pressure (bar)
   -1.67167e+02

           Step           Time
       42400000    84800.00000

   Energies (kJ/mol)
           Bond       G96Angle  Improper Dih.        LJ (SR)   Coulomb (SR)
    1.00225e+02    2.59411e+01    5.62313e+00   -1.76651e+04   -1.36147e+02
      Potential    Kinetic En.   Total Energy  Conserved En.    Temperature
   -1.76695e+04    2.70827e+03   -1.49612e+04   -1.18202e+06    3.17476e+02
 Pressure (bar)
    1.16399e+01

           Step           Time
       42450000    84900.00000

   Energies (kJ/mol)
           Bond       G96Angle  Improper Dih.        LJ (SR)   Coulomb (SR)
    5.72199e+01    2.43497e+01    1.22961e+01   -1.77069e+04   -1.50306e+02
      Potential    Kinetic En.   Total Energy  Conserved En.    Temperature
   -1.77633e+04    2.65238e+03   -1.51110e+04   -1.18349e+06    3.10924e+02
 Pressure (bar)
    8.27580e+01

           Step           Time
       42500000    85000.00000

   Energies (kJ/mol)
           Bond       G96Angle  Improper Dih.        LJ (SR)   Coulomb (SR)
    4.53672e+01    3.94832e+01    9.39511e+00   -1.76606e+04   -1.45382e+02
      Potential    Kinetic En.   Total Energy  Conserved En.    Temperature
   -1.77117e+04    2.62204e+03   -1.50897e+04   -1.18509e+06    3.07368e+02
 Pressure (bar)
   -1.18265e+02

           Step           Time
       42550000    85100.00000

   Energies (kJ/mol)
           Bond       G96Angle  Improper Dih.        LJ (SR)   Coulomb (SR)
    4.89318e+01    4.42605e+01    8.80059e+00   -1.78542e+04   -1.68304e+02
      Potential    Kinetic En.   Total Energy  Conserved En.    Temperature
   -1.79205e+04    2.50867e+03   -1.54119e+04   -1.18662e+06    2.94078e+02
 Pressure (bar)
   -8.59077e+01

           Step           Time
       42600000    85200.00000

   Energies (kJ/mol)
           Bond       G96Angle  Improper Dih.        LJ (SR)   Coulomb (SR)
    6.57929e+01    4.33857e+01    1.11488e+01   -1.76326e+04   -1.59066e+02
      Potential    Kinetic En.   Total Energy  Conserved En.    Temperature
   -1.76714e+04    2.48588e+03   -1.51855e+04   -1.18817e+06    2.91407e+02
 Pressure (bar)
    4.66220e+01

           Step           Time
       42650000    85300.00000

   Energies (kJ/mol)
           Bond       G96Angle  Improper Dih.        LJ (SR)   Coulomb (SR)
    7.25729e+01    4.05510e+01    1.62134e+01   -1.78721e+04   -1.47170e+02
      Potential    Kinetic En.   Total Energy  Conserved En.    Temperature
   -1.78900e+04    2.54111e+03   -1.53489e+04   -1.18966e+06    2.97880e+02
 Pressure (bar)
   -2.05402e+02

           Step           Time
       42700000    85400.00000

   Energies (kJ/mol)
           Bond       G96Angle  Improper Dih.        LJ (SR)   Coulomb (SR)
    4.88039e+01    3.53875e+01    1.10566e+01   -1.78552e+04   -1.43572e+02
      Potential    Kinetic En.   Total Energy  Conserved En.    Temperature
   -1.79035e+04    2.64913e+03   -1.52543e+04   -1.19119e+06    3.10543e+02
 Pressure (bar)
    7.59132e+01

           Step           Time
       42750000    85500.00000

   Energies (kJ/mol)
           Bond       G96Angle  Improper Dih.        LJ (SR)   Coulomb (SR)
    7.51694e+01    2.18772e+01    1.71289e+01   -1.79268e+04   -1.20238e+02
      Potential    Kinetic En.   Total Energy  Conserved En.    Temperature
   -1.79328e+04    2.46762e+03   -1.54652e+04   -1.19255e+06    2.89265e+02
 Pressure (bar)
    6.42386e+01

           Step           Time
       42800000    85600.00000

   Energies (kJ/mol)
           Bond       G96Angle  Improper Dih.        LJ (SR)   Coulomb (SR)
    6.37636e+01    2.46743e+01    1.92975e+01   -1.77527e+04   -1.23303e+02
      Potential    Kinetic En.   Total Energy  Conserved En.    Temperature
   -1.77683e+04    2.55857e+03   -1.52097e+04   -1.19403e+06    2.99927e+02
 Pressure (bar)
   -7.67068e+01

           Step           Time
       42850000    85700.00000

   Energies (kJ/mol)
           Bond       G96Angle  Improper Dih.        LJ (SR)   Coulomb (SR)
    4.32084e+01    2.56580e+01    6.28500e+00   -1.76282e+04   -1.11067e+02
      Potential    Kinetic En.   Total Energy  Conserved En.    Temperature
   -1.76641e+04    2.66487e+03   -1.49993e+04   -1.19550e+06    3.12388e+02
 Pressure (bar)
    1.04947e+01

           Step           Time
       42900000    85800.00000

   Energies (kJ/mol)
           Bond       G96Angle  Improper Dih.        LJ (SR)   Coulomb (SR)
    7.71290e+01    5.00250e+01    2.25496e+01   -1.75007e+04   -1.32692e+02
      Potential    Kinetic En.   Total Energy  Conserved En.    Temperature
   -1.74837e+04    2.60584e+03   -1.48779e+04   -1.19713e+06    3.05468e+02
 Pressure (bar)
   -1.23188e+02

           Step           Time
       42950000    85900.00000

   Energies (kJ/mol)
           Bond       G96Angle  Improper Dih.        LJ (SR)   Coulomb (SR)
    4.61882e+01    4.53847e+01    8.39122e+00   -1.76118e+04   -1.27354e+02
      Potential    Kinetic En.   Total Energy  Conserved En.    Temperature
   -1.76392e+04    2.49472e+03   -1.51445e+04   -1.19850e+06    2.92442e+02
 Pressure (bar)
   -1.29748e+01

           Step           Time
       43000000    86000.00000

   Energies (kJ/mol)
           Bond       G96Angle  Improper Dih.        LJ (SR)   Coulomb (SR)
    7.56765e+01    2.95546e+01    8.97681e+00   -1.76663e+04   -1.28809e+02
      Potential    Kinetic En.   Total Energy  Conserved En.    Temperature
   -1.76809e+04    2.56540e+03   -1.51155e+04   -1.20002e+06    3.00728e+02
 Pressure (bar)
   -2.81286e+01

           Step           Time
       43050000    86100.00000

   Energies (kJ/mol)
           Bond       G96Angle  Improper Dih.        LJ (SR)   Coulomb (SR)
    8.58254e+01    3.66818e+01    2.12542e+01   -1.76092e+04   -1.62478e+02
      Potential    Kinetic En.   Total Energy  Conserved En.    Temperature
   -1.76279e+04    3.01257e+03   -1.46154e+04   -1.20052e+06    3.53147e+02
 Pressure (bar)
    2.24119e+02

           Step           Time
       43100000    86200.00000

   Energies (kJ/mol)
           Bond       G96Angle  Improper Dih.        LJ (SR)   Coulomb (SR)
    4.53599e+01    5.70706e+01    1.39579e+01   -1.77442e+04   -1.43612e+02
      Potential    Kinetic En.   Total Energy  Conserved En.    Temperature
   -1.77715e+04    2.59486e+03   -1.51766e+04   -1.20212e+06    3.04181e+02
 Pressure (bar)
    7.01239e+00

           Step           Time
       43150000    86300.00000

   Energies (kJ/mol)
           Bond       G96Angle  Improper Dih.        LJ (SR)   Coulomb (SR)
    7.99468e+01    3.02918e+01    8.51384e+00   -1.77119e+04   -1.50762e+02
      Potential    Kinetic En.   Total Energy  Conserved En.    Temperature
   -1.77439e+04    2.74872e+03   -1.49952e+04   -1.20373e+06    3.22218e+02
 Pressure (bar)
    2.39659e+02

           Step           Time
       43200000    86400.00000

   Energies (kJ/mol)
           Bond       G96Angle  Improper Dih.        LJ (SR)   Coulomb (SR)
    5.45607e+01    5.69898e+01    6.94836e+00   -1.78517e+04   -1.38018e+02
      Potential    Kinetic En.   Total Energy  Conserved En.    Temperature
   -1.78712e+04    2.73061e+03   -1.51406e+04   -1.20496e+06    3.20095e+02
 Pressure (bar)
   -6.59717e+01

           Step           Time
       43250000    86500.00000

   Energies (kJ/mol)
           Bond       G96Angle  Improper Dih.        LJ (SR)   Coulomb (SR)
    4.99582e+01    4.65670e+01    1.51406e+01   -1.77672e+04   -1.45177e+02
      Potential    Kinetic En.   Total Energy  Conserved En.    Temperature
   -1.78007e+04    2.73146e+03   -1.50692e+04   -1.20611e+06    3.20194e+02
 Pressure (bar)
    4.50334e+02

           Step           Time
       43300000    86600.00000

   Energies (kJ/mol)
           Bond       G96Angle  Improper Dih.        LJ (SR)   Coulomb (SR)
    4.35513e+01    3.79357e+01    8.38272e+00   -1.79065e+04   -1.18697e+02
      Potential    Kinetic En.   Total Energy  Conserved En.    Temperature
   -1.79353e+04    2.62312e+03   -1.53122e+04   -1.20768e+06    3.07493e+02
 Pressure (bar)
    9.97207e+01

           Step           Time
       43350000    86700.00000

   Energies (kJ/mol)
           Bond       G96Angle  Improper Dih.        LJ (SR)   Coulomb (SR)
    7.09587e+01    3.01044e+01    2.32027e+01   -1.78078e+04   -1.49889e+02
      Potential    Kinetic En.   Total Energy  Conserved En.    Temperature
   -1.78334e+04    2.64315e+03   -1.51903e+04   -1.20928e+06    3.09842e+02
 Pressure (bar)
    1.40050e+02

           Step           Time
       43400000    86800.00000

   Energies (kJ/mol)
           Bond       G96Angle  Improper Dih.        LJ (SR)   Coulomb (SR)
    6.70361e+01    4.52724e+01    1.25860e+01   -1.78832e+04   -1.39688e+02
      Potential    Kinetic En.   Total Energy  Conserved En.    Temperature
   -1.78980e+04    2.72187e+03   -1.51761e+04   -1.21083e+06    3.19070e+02
 Pressure (bar)
   -1.52227e+02

           Step           Time
       43450000    86900.00000

   Energies (kJ/mol)
           Bond       G96Angle  Improper Dih.        LJ (SR)   Coulomb (SR)
    5.13597e+01    2.48830e+01    1.86544e+01   -1.80287e+04   -1.62979e+02
      Potential    Kinetic En.   Total Energy  Conserved En.    Temperature
   -1.80968e+04    2.42995e+03   -1.56668e+04   -1.21230e+06    2.84850e+02
 Pressure (bar)
   -1.02614e+02

           Step           Time
       43500000    87000.00000

   Energies (kJ/mol)
           Bond       G96Angle  Improper Dih.        LJ (SR)   Coulomb (SR)
    4.93701e+01    4.20090e+01    1.22997e+01   -1.77858e+04   -1.23176e+02
      Potential    Kinetic En.   Total Energy  Conserved En.    Temperature
   -1.78053e+04    2.50803e+03   -1.52972e+04   -1.21382e+06    2.94003e+02
 Pressure (bar)
    7.44532e+01

           Step           Time
       43550000    87100.00000

   Energies (kJ/mol)
           Bond       G96Angle  Improper Dih.        LJ (SR)   Coulomb (SR)
    4.70750e+01    2.03241e+01    1.37143e+01   -1.75241e+04   -1.43283e+02
      Potential    Kinetic En.   Total Energy  Conserved En.    Temperature
   -1.75863e+04    2.57849e+03   -1.50078e+04   -1.21543e+06    3.02262e+02
 Pressure (bar)
    9.56248e+01

           Step           Time
       43600000    87200.00000

   Energies (kJ/mol)
           Bond       G96Angle  Improper Dih.        LJ (SR)   Coulomb (SR)
    6.28762e+01    2.28718e+01    1.54777e+01   -1.77577e+04   -1.34099e+02
      Potential    Kinetic En.   Total Energy  Conserved En.    Temperature
   -1.77905e+04    2.63900e+03   -1.51515e+04   -1.21697e+06    3.09355e+02
 Pressure (bar)
    6.03213e+01

           Step           Time
       43650000    87300.00000

   Energies (kJ/mol)
           Bond       G96Angle  Improper Dih.        LJ (SR)   Coulomb (SR)
    6.30275e+01    4.26786e+01    1.37921e+01   -1.76256e+04   -1.25174e+02
      Potential    Kinetic En.   Total Energy  Conserved En.    Temperature
   -1.76313e+04    2.51955e+03   -1.51117e+04   -1.21853e+06    2.95353e+02
 Pressure (bar)
   -2.56885e+02

           Step           Time
       43700000    87400.00000

   Energies (kJ/mol)
           Bond       G96Angle  Improper Dih.        LJ (SR)   Coulomb (SR)
    6.62318e+01    3.22331e+01    1.15996e+01   -1.78443e+04   -1.46175e+02
      Potential    Kinetic En.   Total Energy  Conserved En.    Temperature
   -1.78804e+04    2.77121e+03   -1.51092e+04   -1.21987e+06    3.24853e+02
 Pressure (bar)
    1.05139e+02

           Step           Time
       43750000    87500.00000

   Energies (kJ/mol)
           Bond       G96Angle  Improper Dih.        LJ (SR)   Coulomb (SR)
    7.08833e+01    3.05916e+01    8.33421e+00   -1.77585e+04   -1.47471e+02
      Potential    Kinetic En.   Total Energy  Conserved En.    Temperature
   -1.77962e+04    2.51043e+03   -1.52857e+04   -1.22151e+06    2.94284e+02
 Pressure (bar)
   -1.66003e+02

           Step           Time
       43800000    87600.00000

   Energies (kJ/mol)
           Bond       G96Angle  Improper Dih.        LJ (SR)   Coulomb (SR)
    2.78098e+01    2.52961e+01    1.67101e+01   -1.79221e+04   -1.19039e+02
      Potential    Kinetic En.   Total Energy  Conserved En.    Temperature
   -1.79713e+04    2.59940e+03   -1.53719e+04   -1.22296e+06    3.04713e+02
 Pressure (bar)
   -5.73434e+01

           Step           Time
       43850000    87700.00000

   Energies (kJ/mol)
           Bond       G96Angle  Improper Dih.        LJ (SR)   Coulomb (SR)
    5.37983e+01    3.92849e+01    1.22837e+01   -1.76649e+04   -1.57627e+02
      Potential    Kinetic En.   Total Energy  Conserved En.    Temperature
   -1.77172e+04    2.59724e+03   -1.51199e+04   -1.22447e+06    3.04460e+02
 Pressure (bar)
    6.03248e+01

           Step           Time
       43900000    87800.00000

   Energies (kJ/mol)
           Bond       G96Angle  Improper Dih.        LJ (SR)   Coulomb (SR)
    6.06533e+01    3.06080e+01    2.35596e+01   -1.79944e+04   -1.49861e+02
      Potential    Kinetic En.   Total Energy  Conserved En.    Temperature
   -1.80294e+04    2.46658e+03   -1.55628e+04   -1.22601e+06    2.89143e+02
 Pressure (bar)
    1.82283e+01

           Step           Time
       43950000    87900.00000

   Energies (kJ/mol)
           Bond       G96Angle  Improper Dih.        LJ (SR)   Coulomb (SR)
    3.50019e+01    3.88147e+01    1.38140e+01   -1.79515e+04   -1.38441e+02
      Potential    Kinetic En.   Total Energy  Conserved En.    Temperature
   -1.80023e+04    2.69745e+03   -1.53048e+04   -1.22755e+06    3.16208e+02
 Pressure (bar)
   -8.29558e+01

           Step           Time
       44000000    88000.00000

   Energies (kJ/mol)
           Bond       G96Angle  Improper Dih.        LJ (SR)   Coulomb (SR)
    4.05083e+01    2.95016e+01    2.77586e+00   -1.78348e+04   -1.22035e+02
      Potential    Kinetic En.   Total Energy  Conserved En.    Temperature
   -1.78840e+04    2.59360e+03   -1.52904e+04   -1.22922e+06    3.04034e+02
 Pressure (bar)
    8.79897e+01

           Step           Time
       44050000    88100.00000

   Energies (kJ/mol)
           Bond       G96Angle  Improper Dih.        LJ (SR)   Coulomb (SR)
    6.39675e+01    4.43110e+01    5.24533e+00   -1.76280e+04   -1.39811e+02
      Potential    Kinetic En.   Total Energy  Conserved En.    Temperature
   -1.76542e+04    2.59996e+03   -1.50543e+04   -1.23075e+06    3.04780e+02
 Pressure (bar)
   -4.00668e+01

           Step           Time
       44100000    88200.00000

   Energies (kJ/mol)
           Bond       G96Angle  Improper Dih.        LJ (SR)   Coulomb (SR)
    5.79568e+01    2.55965e+01    1.51573e+01   -1.78164e+04   -1.28058e+02
      Potential    Kinetic En.   Total Energy  Conserved En.    Temperature
   -1.78457e+04    2.70204e+03   -1.51437e+04   -1.23221e+06    3.16745e+02
 Pressure (bar)
   -1.63147e+02

           Step           Time
       44150000    88300.00000

   Energies (kJ/mol)
           Bond       G96Angle  Improper Dih.        LJ (SR)   Coulomb (SR)
    4.09848e+01    3.86382e+01    9.17533e+00   -1.78173e+04   -1.36004e+02
      Potential    Kinetic En.   Total Energy  Conserved En.    Temperature
   -1.78645e+04    2.70498e+03   -1.51595e+04   -1.23371e+06    3.17090e+02
 Pressure (bar)
    1.18345e+02

           Step           Time
       44200000    88400.00000

   Energies (kJ/mol)
           Bond       G96Angle  Improper Dih.        LJ (SR)   Coulomb (SR)
    4.84441e+01    4.76733e+01    2.49451e+01   -1.75960e+04   -1.45843e+02
      Potential    Kinetic En.   Total Energy  Conserved En.    Temperature
   -1.76207e+04    2.59126e+03   -1.50295e+04   -1.23526e+06    3.03760e+02
 Pressure (bar)
   -1.35628e+02

           Step           Time
       44250000    88500.00000

   Energies (kJ/mol)
           Bond       G96Angle  Improper Dih.        LJ (SR)   Coulomb (SR)
    4.90267e+01    2.75205e+01    9.52769e+00   -1.78658e+04   -1.47941e+02
      Potential    Kinetic En.   Total Energy  Conserved En.    Temperature
   -1.79277e+04    2.58101e+03   -1.53467e+04   -1.23675e+06    3.02557e+02
 Pressure (bar)
    1.45777e+01

           Step           Time
       44300000    88600.00000

   Energies (kJ/mol)
           Bond       G96Angle  Improper Dih.        LJ (SR)   Coulomb (SR)
    5.10623e+01    3.74080e+01    2.42400e+01   -1.78269e+04   -1.19119e+02
      Potential    Kinetic En.   Total Energy  Conserved En.    Temperature
   -1.78334e+04    2.77637e+03   -1.50570e+04   -1.23710e+06    3.25459e+02
 Pressure (bar)
    8.02971e+01

           Step           Time
       44350000    88700.00000

   Energies (kJ/mol)
           Bond       G96Angle  Improper Dih.        LJ (SR)   Coulomb (SR)
    5.93529e+01    2.90810e+01    5.89443e+00   -1.80093e+04   -1.43155e+02
      Potential    Kinetic En.   Total Energy  Conserved En.    Temperature
   -1.80582e+04    2.58867e+03   -1.54695e+04   -1.23852e+06    3.03455e+02
 Pressure (bar)
    1.03152e+02

           Step           Time
       44400000    88800.00000

   Energies (kJ/mol)
           Bond       G96Angle  Improper Dih.        LJ (SR)   Coulomb (SR)
    5.57067e+01    3.59841e+01    1.32036e+01   -1.76031e+04   -1.34849e+02
      Potential    Kinetic En.   Total Energy  Conserved En.    Temperature
   -1.76331e+04    2.76936e+03   -1.48637e+04   -1.23997e+06    3.24637e+02
 Pressure (bar)
   -1.49073e+02

           Step           Time
       44450000    88900.00000

   Energies (kJ/mol)
           Bond       G96Angle  Improper Dih.        LJ (SR)   Coulomb (SR)
    6.54024e+01    4.37479e+01    2.09294e+01   -1.77577e+04   -1.17133e+02
      Potential    Kinetic En.   Total Energy  Conserved En.    Temperature
   -1.77447e+04    2.56360e+03   -1.51811e+04   -1.24153e+06    3.00517e+02
 Pressure (bar)
   -8.70190e+01

           Step           Time
       44500000    89000.00000

   Energies (kJ/mol)
           Bond       G96Angle  Improper Dih.        LJ (SR)   Coulomb (SR)
    5.53561e+01    2.62976e+01    7.40177e+00   -1.76711e+04   -1.48793e+02
      Potential    Kinetic En.   Total Energy  Conserved En.    Temperature
   -1.77309e+04    2.75537e+03   -1.49755e+04   -1.24299e+06    3.22997e+02
 Pressure (bar)
    1.37249e+02

           Step           Time
       44550000    89100.00000

   Energies (kJ/mol)
           Bond       G96Angle  Improper Dih.        LJ (SR)   Coulomb (SR)
    5.04207e+01    2.57675e+01    1.37614e+01   -1.77622e+04   -1.43559e+02
      Potential    Kinetic En.   Total Energy  Conserved En.    Temperature
   -1.78158e+04    2.59102e+03   -1.52248e+04   -1.24463e+06    3.03731e+02
 Pressure (bar)
   -2.30226e+01

           Step           Time
       44600000    89200.00000

   Energies (kJ/mol)
           Bond       G96Angle  Improper Dih.        LJ (SR)   Coulomb (SR)
    6.06297e+01    1.54660e+01    1.04752e+01   -1.76955e+04   -1.40488e+02
      Potential    Kinetic En.   Total Energy  Conserved En.    Temperature
   -1.77495e+04    2.53282e+03   -1.52166e+04   -1.24612e+06    2.96909e+02
 Pressure (bar)
    1.10104e+02

           Step           Time
       44650000    89300.00000

   Energies (kJ/mol)
           Bond       G96Angle  Improper Dih.        LJ (SR)   Coulomb (SR)
    6.66370e+01    3.37979e+01    5.49859e+00   -1.75637e+04   -1.51965e+02
      Potential    Kinetic En.   Total Energy  Conserved En.    Temperature
   -1.76098e+04    2.68467e+03   -1.49251e+04   -1.24765e+06    3.14709e+02
 Pressure (bar)
   -1.22701e+02

           Step           Time
       44700000    89400.00000

   Energies (kJ/mol)
           Bond       G96Angle  Improper Dih.        LJ (SR)   Coulomb (SR)
    4.18126e+01    1.94863e+01    1.04659e+01   -1.79754e+04   -1.56136e+02
      Potential    Kinetic En.   Total Energy  Conserved En.    Temperature
   -1.80598e+04    2.45383e+03   -1.56060e+04   -1.24904e+06    2.87650e+02
 Pressure (bar)
    7.99924e+01

           Step           Time
       44750000    89500.00000

   Energies (kJ/mol)
           Bond       G96Angle  Improper Dih.        LJ (SR)   Coulomb (SR)
    7.64654e+01    3.49037e+01    8.65005e+00   -1.75056e+04   -1.52087e+02
      Potential    Kinetic En.   Total Energy  Conserved En.    Temperature
   -1.75377e+04    2.77099e+03   -1.47667e+04   -1.25071e+06    3.24828e+02
 Pressure (bar)
    3.08426e+01

           Step           Time
       44800000    89600.00000

   Energies (kJ/mol)
           Bond       G96Angle  Improper Dih.        LJ (SR)   Coulomb (SR)
    5.41278e+01    4.13758e+01    1.56235e+01   -1.76215e+04   -1.63850e+02
      Potential    Kinetic En.   Total Energy  Conserved En.    Temperature
   -1.76742e+04    2.60244e+03   -1.50718e+04   -1.25225e+06    3.05070e+02
 Pressure (bar)
   -2.26741e+02

           Step           Time
       44850000    89700.00000

   Energies (kJ/mol)
           Bond       G96Angle  Improper Dih.        LJ (SR)   Coulomb (SR)
    4.40916e+01    3.59363e+01    6.41015e+00   -1.79398e+04   -1.49113e+02
      Potential    Kinetic En.   Total Energy  Conserved En.    Temperature
   -1.80025e+04    2.59846e+03   -1.54041e+04   -1.25377e+06    3.04603e+02
 Pressure (bar)
    4.97876e+01

           Step           Time
       44900000    89800.00000

   Energies (kJ/mol)
           Bond       G96Angle  Improper Dih.        LJ (SR)   Coulomb (SR)
    5.04829e+01    3.11427e+01    9.20310e+00   -1.80137e+04   -1.51721e+02
      Potential    Kinetic En.   Total Energy  Conserved En.    Temperature
   -1.80746e+04    2.40345e+03   -1.56711e+04   -1.25533e+06    2.81743e+02
 Pressure (bar)
    1.41313e+02

           Step           Time
       44950000    89900.00000

   Energies (kJ/mol)
           Bond       G96Angle  Improper Dih.        LJ (SR)   Coulomb (SR)
    9.63234e+01    2.29276e+01    1.72764e+01   -1.75902e+04   -1.31707e+02
      Potential    Kinetic En.   Total Energy  Conserved En.    Temperature
   -1.75854e+04    2.67267e+03   -1.49127e+04   -1.25694e+06    3.13302e+02
 Pressure (bar)
    1.16232e+02

           Step           Time
       45000000    90000.00000

   Energies (kJ/mol)
           Bond       G96Angle  Improper Dih.        LJ (SR)   Coulomb (SR)
    4.83361e+01    3.75183e+01    1.08686e+01   -1.76265e+04   -1.11832e+02
      Potential    Kinetic En.   Total Energy  Conserved En.    Temperature
   -1.76416e+04    2.64744e+03   -1.49942e+04   -1.25852e+06    3.10345e+02
 Pressure (bar)
    5.98663e+01

           Step           Time
       45050000    90100.00000

   Energies (kJ/mol)
           Bond       G96Angle  Improper Dih.        LJ (SR)   Coulomb (SR)
    9.33193e+01    2.92604e+01    7.27703e+00   -1.77393e+04   -1.69948e+02
      Potential    Kinetic En.   Total Energy  Conserved En.    Temperature
   -1.77794e+04    2.65415e+03   -1.51253e+04   -1.25997e+06    3.11132e+02
 Pressure (bar)
    1.47287e+01

           Step           Time
       45100000    90200.00000

   Energies (kJ/mol)
           Bond       G96Angle  Improper Dih.        LJ (SR)   Coulomb (SR)
    4.73194e+01    2.42732e+01    1.91649e+01   -1.76812e+04   -1.50708e+02
      Potential    Kinetic En.   Total Energy  Conserved En.    Temperature
   -1.77412e+04    2.55039e+03   -1.51908e+04   -1.26148e+06    2.98969e+02
 Pressure (bar)
    2.78570e+02

           Step           Time
       45150000    90300.00000

   Energies (kJ/mol)
           Bond       G96Angle  Improper Dih.        LJ (SR)   Coulomb (SR)
    4.82498e+01    4.98642e+01    1.45128e+01   -1.77613e+04   -1.52841e+02
      Potential    Kinetic En.   Total Energy  Conserved En.    Temperature
   -1.78015e+04    2.58020e+03   -1.52213e+04   -1.26312e+06    3.02462e+02
 Pressure (bar)
    1.99775e+02

           Step           Time
       45200000    90400.00000

   Energies (kJ/mol)
           Bond       G96Angle  Improper Dih.        LJ (SR)   Coulomb (SR)
    7.92778e+01    3.09530e+01    1.31105e+01   -1.78108e+04   -1.12850e+02
      Potential    Kinetic En.   Total Energy  Conserved En.    Temperature
   -1.78003e+04    2.66968e+03   -1.51306e+04   -1.26488e+06    3.12952e+02
 Pressure (bar)
   -2.39965e+01

           Step           Time
       45250000    90500.00000

   Energies (kJ/mol)
           Bond       G96Angle  Improper Dih.        LJ (SR)   Coulomb (SR)
    4.98195e+01    3.78452e+01    7.71710e+00   -1.77211e+04   -1.04662e+02
      Potential    Kinetic En.   Total Energy  Conserved En.    Temperature
   -1.77304e+04    2.64700e+03   -1.50834e+04   -1.26638e+06    3.10293e+02
 Pressure (bar)
    6.94034e+01

           Step           Time
       45300000    90600.00000

   Energies (kJ/mol)
           Bond       G96Angle  Improper Dih.        LJ (SR)   Coulomb (SR)
    4.56213e+01    1.97210e+01    6.66543e+00   -1.79419e+04   -1.19613e+02
      Potential    Kinetic En.   Total Energy  Conserved En.    Temperature
   -1.79895e+04    2.62647e+03   -1.53630e+04   -1.26789e+06    3.07887e+02
 Pressure (bar)
   -2.88029e+01

           Step           Time
       45350000    90700.00000

   Energies (kJ/mol)
           Bond       G96Angle  Improper Dih.        LJ (SR)   Coulomb (SR)
    5.26153e+01    2.20734e+01    1.54952e+01   -1.77049e+04   -1.17067e+02
      Potential    Kinetic En.   Total Energy  Conserved En.    Temperature
   -1.77318e+04    2.64582e+03   -1.50860e+04   -1.26949e+06    3.10155e+02
 Pressure (bar)
    1.95345e+02

           Step           Time
       45400000    90800.00000

   Energies (kJ/mol)
           Bond       G96Angle  Improper Dih.        LJ (SR)   Coulomb (SR)
    7.81923e+01    3.06615e+01    2.21925e+01   -1.75387e+04   -1.15328e+02
      Potential    Kinetic En.   Total Energy  Conserved En.    Temperature
   -1.75229e+04    2.58163e+03   -1.49413e+04   -1.27101e+06    3.02630e+02
 Pressure (bar)
    7.82739e+01

           Step           Time
       45450000    90900.00000

   Energies (kJ/mol)
           Bond       G96Angle  Improper Dih.        LJ (SR)   Coulomb (SR)
    5.29365e+01    4.64367e+01    7.98135e+00   -1.75710e+04   -1.33656e+02
      Potential    Kinetic En.   Total Energy  Conserved En.    Temperature
   -1.75973e+04    2.65527e+03   -1.49420e+04   -1.27257e+06    3.11263e+02
 Pressure (bar)
    5.80591e+01

Writing checkpoint, step 45495320 at Wed Apr  1 18:05:01 2026


           Step           Time
       45500000    91000.00000

   Energies (kJ/mol)
           Bond       G96Angle  Improper Dih.        LJ (SR)   Coulomb (SR)
    6.63285e+01    2.66573e+01    1.08344e+01   -1.77249e+04   -1.45744e+02
      Potential    Kinetic En.   Total Energy  Conserved En.    Temperature
   -1.77669e+04    2.67623e+03   -1.50906e+04   -1.27404e+06    3.13719e+02
 Pressure (bar)
   -2.91446e+00

           Step           Time
       45550000    91100.00000

   Energies (kJ/mol)
           Bond       G96Angle  Improper Dih.        LJ (SR)   Coulomb (SR)
    6.45981e+01    3.71229e+01    1.71604e+01   -1.79119e+04   -1.67440e+02
      Potential    Kinetic En.   Total Energy  Conserved En.    Temperature
   -1.79605e+04    2.69932e+03   -1.52612e+04   -1.27555e+06    3.16427e+02
 Pressure (bar)
    1.95891e+02

           Step           Time
       45600000    91200.00000

   Energies (kJ/mol)
           Bond       G96Angle  Improper Dih.        LJ (SR)   Coulomb (SR)
    5.55814e+01    3.03122e+01    2.42682e+01   -1.75638e+04   -1.54138e+02
      Potential    Kinetic En.   Total Energy  Conserved En.    Temperature
   -1.76078e+04    2.66610e+03   -1.49417e+04   -1.27714e+06    3.12533e+02
 Pressure (bar)
    9.08173e+01

           Step           Time
       45650000    91300.00000

   Energies (kJ/mol)
           Bond       G96Angle  Improper Dih.        LJ (SR)   Coulomb (SR)
    7.31258e+01    2.34416e+01    2.26175e+01   -1.75613e+04   -1.46555e+02
      Potential    Kinetic En.   Total Energy  Conserved En.    Temperature
   -1.75887e+04    2.65423e+03   -1.49345e+04   -1.27870e+06    3.11141e+02
 Pressure (bar)
   -1.58457e+02

           Step           Time
       45700000    91400.00000

   Energies (kJ/mol)
           Bond       G96Angle  Improper Dih.        LJ (SR)   Coulomb (SR)
    7.80796e+01    2.62263e+01    1.37304e+01   -1.77954e+04   -1.68993e+02
      Potential    Kinetic En.   Total Energy  Conserved En.    Temperature
   -1.78464e+04    2.65707e+03   -1.51893e+04   -1.28022e+06    3.11473e+02
 Pressure (bar)
   -1.88833e+02

           Step           Time
       45750000    91500.00000

   Energies (kJ/mol)
           Bond       G96Angle  Improper Dih.        LJ (SR)   Coulomb (SR)
    4.84136e+01    3.46222e+01    1.20437e+01   -1.76475e+04   -1.63364e+02
      Potential    Kinetic En.   Total Energy  Conserved En.    Temperature
   -1.77158e+04    2.62523e+03   -1.50906e+04   -1.28191e+06    3.07742e+02
 Pressure (bar)
   -1.13508e+02

           Step           Time
       45800000    91600.00000

   Energies (kJ/mol)
           Bond       G96Angle  Improper Dih.        LJ (SR)   Coulomb (SR)
    6.57731e+01    4.18590e+01    3.56094e+00   -1.79354e+04   -1.49892e+02
      Potential    Kinetic En.   Total Energy  Conserved En.    Temperature
   -1.79741e+04    2.61347e+03   -1.53606e+04   -1.28345e+06    3.06363e+02
 Pressure (bar)
    5.83000e+00

Large VCM(group glycoprotein):     -0.18410,     -0.03608,     -0.18785, Temp-cm:  1.27152e+00
           Step           Time
       45850000    91700.00000

   Energies (kJ/mol)
           Bond       G96Angle  Improper Dih.        LJ (SR)   Coulomb (SR)
    4.37972e+01    2.90185e+01    2.05777e+01   -1.77732e+04   -1.33244e+02
      Potential    Kinetic En.   Total Energy  Conserved En.    Temperature
   -1.78130e+04    2.58387e+03   -1.52291e+04   -1.28081e+06    3.02892e+02
 Pressure (bar)
   -3.29973e+01

           Step           Time
       45900000    91800.00000

   Energies (kJ/mol)
           Bond       G96Angle  Improper Dih.        LJ (SR)   Coulomb (SR)
    6.34563e+01    2.79591e+01    8.66419e+00   -1.77089e+04   -1.40510e+02
      Potential    Kinetic En.   Total Energy  Conserved En.    Temperature
   -1.77494e+04    2.72585e+03   -1.50235e+04   -1.28237e+06    3.19536e+02
 Pressure (bar)
   -1.49755e+02

           Step           Time
       45950000    91900.00000

   Energies (kJ/mol)
           Bond       G96Angle  Improper Dih.        LJ (SR)   Coulomb (SR)
    5.28873e+01    4.71516e+01    9.78239e+00   -1.75823e+04   -1.47750e+02
      Potential    Kinetic En.   Total Energy  Conserved En.    Temperature
   -1.76202e+04    2.63078e+03   -1.49894e+04   -1.28387e+06    3.08392e+02
 Pressure (bar)
   -2.04263e+02

           Step           Time
       46000000    92000.00000

   Energies (kJ/mol)
           Bond       G96Angle  Improper Dih.        LJ (SR)   Coulomb (SR)
    7.88243e+01    3.35839e+01    1.07486e+01   -1.78726e+04   -1.38193e+02
      Potential    Kinetic En.   Total Energy  Conserved En.    Temperature
   -1.78877e+04    2.70190e+03   -1.51858e+04   -1.28539e+06    3.16729e+02
 Pressure (bar)
    7.42609e+01

           Step           Time
       46050000    92100.00000

   Energies (kJ/mol)
           Bond       G96Angle  Improper Dih.        LJ (SR)   Coulomb (SR)
    2.74080e+01    2.22331e+01    2.36819e+01   -1.78576e+04   -1.37735e+02
      Potential    Kinetic En.   Total Energy  Conserved En.    Temperature
   -1.79220e+04    2.53238e+03   -1.53896e+04   -1.28694e+06    2.96857e+02
 Pressure (bar)
   -2.87151e+01

           Step           Time
       46100000    92200.00000

   Energies (kJ/mol)
           Bond       G96Angle  Improper Dih.        LJ (SR)   Coulomb (SR)
    4.21733e+01    3.68535e+01    1.41023e+01   -1.77111e+04   -1.34365e+02
      Potential    Kinetic En.   Total Energy  Conserved En.    Temperature
   -1.77523e+04    2.71023e+03   -1.50421e+04   -1.28848e+06    3.17705e+02
 Pressure (bar)
   -2.42271e+01

           Step           Time
       46150000    92300.00000

   Energies (kJ/mol)
           Bond       G96Angle  Improper Dih.        LJ (SR)   Coulomb (SR)
    6.81838e+01    3.60426e+01    7.52693e+00   -1.79466e+04   -1.36698e+02
      Potential    Kinetic En.   Total Energy  Conserved En.    Temperature
   -1.79716e+04    2.67286e+03   -1.52987e+04   -1.29005e+06    3.13324e+02
 Pressure (bar)
    3.59960e+01

           Step           Time
       46200000    92400.00000

   Energies (kJ/mol)
           Bond       G96Angle  Improper Dih.        LJ (SR)   Coulomb (SR)
    6.88026e+01    5.51246e+01    9.50687e+00   -1.78221e+04   -1.34439e+02
      Potential    Kinetic En.   Total Energy  Conserved En.    Temperature
   -1.78231e+04    2.70964e+03   -1.51134e+04   -1.29148e+06    3.17636e+02
 Pressure (bar)
   -2.19101e+01

           Step           Time
       46250000    92500.00000

   Energies (kJ/mol)
           Bond       G96Angle  Improper Dih.        LJ (SR)   Coulomb (SR)
    9.73420e+01    4.59693e+01    7.78662e+00   -1.80160e+04   -1.61399e+02
      Potential    Kinetic En.   Total Energy  Conserved En.    Temperature
   -1.80263e+04    2.60572e+03   -1.54205e+04   -1.29311e+06    3.05455e+02
 Pressure (bar)
   -8.20109e+01

           Step           Time
       46300000    92600.00000

   Energies (kJ/mol)
           Bond       G96Angle  Improper Dih.        LJ (SR)   Coulomb (SR)
    7.66798e+01    3.58148e+01    8.04543e+00   -1.78677e+04   -1.43202e+02
      Potential    Kinetic En.   Total Energy  Conserved En.    Temperature
   -1.78904e+04    2.47559e+03   -1.54148e+04   -1.29467e+06    2.90199e+02
 Pressure (bar)
   -9.81692e+01

           Step           Time
       46350000    92700.00000

   Energies (kJ/mol)
           Bond       G96Angle  Improper Dih.        LJ (SR)   Coulomb (SR)
    8.43922e+01    3.78908e+01    1.25265e+01   -1.78232e+04   -1.40825e+02
      Potential    Kinetic En.   Total Energy  Conserved En.    Temperature
   -1.78292e+04    2.54462e+03   -1.52846e+04   -1.29630e+06    2.98292e+02
 Pressure (bar)
   -9.85921e+01

           Step           Time
       46400000    92800.00000

   Energies (kJ/mol)
           Bond       G96Angle  Improper Dih.        LJ (SR)   Coulomb (SR)
    7.37796e+01    2.61906e+01    1.57907e+01   -1.76315e+04   -1.56995e+02
      Potential    Kinetic En.   Total Energy  Conserved En.    Temperature
   -1.76728e+04    2.50324e+03   -1.51695e+04   -1.29774e+06    2.93441e+02
 Pressure (bar)
    1.88912e+02

           Step           Time
       46450000    92900.00000

   Energies (kJ/mol)
           Bond       G96Angle  Improper Dih.        LJ (SR)   Coulomb (SR)
    6.70670e+01    3.16741e+01    1.92241e+01   -1.77552e+04   -1.41832e+02
      Potential    Kinetic En.   Total Energy  Conserved En.    Temperature
   -1.77790e+04    2.71513e+03   -1.50639e+04   -1.29940e+06    3.18280e+02
 Pressure (bar)
    2.53933e+01

           Step           Time
       46500000    93000.00000

   Energies (kJ/mol)
           Bond       G96Angle  Improper Dih.        LJ (SR)   Coulomb (SR)
    5.88471e+01    2.11826e+01    1.68030e+01   -1.78395e+04   -1.20578e+02
      Potential    Kinetic En.   Total Energy  Conserved En.    Temperature
   -1.78632e+04    2.61600e+03   -1.52472e+04   -1.30099e+06    3.06659e+02
 Pressure (bar)
   -4.59274e+01

           Step           Time
       46550000    93100.00000

   Energies (kJ/mol)
           Bond       G96Angle  Improper Dih.        LJ (SR)   Coulomb (SR)
    5.64785e+01    2.39999e+01    2.28812e+01   -1.73854e+04   -1.15725e+02
      Potential    Kinetic En.   Total Energy  Conserved En.    Temperature
   -1.73978e+04    2.56929e+03   -1.48285e+04   -1.30254e+06    3.01184e+02
 Pressure (bar)
    3.04198e+00

           Step           Time
       46600000    93200.00000

   Energies (kJ/mol)
           Bond       G96Angle  Improper Dih.        LJ (SR)   Coulomb (SR)
    6.44276e+01    2.73131e+01    1.95548e+01   -1.77520e+04   -1.21226e+02
      Potential    Kinetic En.   Total Energy  Conserved En.    Temperature
   -1.77620e+04    2.63737e+03   -1.51246e+04   -1.30397e+06    3.09164e+02
 Pressure (bar)
   -3.82674e+01

           Step           Time
       46650000    93300.00000

   Energies (kJ/mol)
           Bond       G96Angle  Improper Dih.        LJ (SR)   Coulomb (SR)
    5.97856e+01    2.47804e+01    9.01962e+00   -1.78950e+04   -1.13804e+02
      Potential    Kinetic En.   Total Energy  Conserved En.    Temperature
   -1.79153e+04    2.48994e+03   -1.54253e+04   -1.30555e+06    2.91882e+02
 Pressure (bar)
   -1.13711e+02

           Step           Time
       46700000    93400.00000

   Energies (kJ/mol)
           Bond       G96Angle  Improper Dih.        LJ (SR)   Coulomb (SR)
    6.30370e+01    3.44094e+01    1.28602e+01   -1.76361e+04   -1.33307e+02
      Potential    Kinetic En.   Total Energy  Conserved En.    Temperature
   -1.76591e+04    2.69602e+03   -1.49631e+04   -1.30711e+06    3.16040e+02
 Pressure (bar)
   -3.65114e+02

           Step           Time
       46750000    93500.00000

   Energies (kJ/mol)
           Bond       G96Angle  Improper Dih.        LJ (SR)   Coulomb (SR)
    5.55015e+01    2.42164e+01    8.94833e+00   -1.77712e+04   -1.24760e+02
      Potential    Kinetic En.   Total Energy  Conserved En.    Temperature
   -1.78073e+04    2.50738e+03   -1.52999e+04   -1.30868e+06    2.93926e+02
 Pressure (bar)
   -5.30416e+01

           Step           Time
       46800000    93600.00000

   Energies (kJ/mol)
           Bond       G96Angle  Improper Dih.        LJ (SR)   Coulomb (SR)
    5.97465e+01    2.27662e+01    2.34525e+01   -1.78391e+04   -1.51619e+02
      Potential    Kinetic En.   Total Energy  Conserved En.    Temperature
   -1.78847e+04    2.62426e+03   -1.52605e+04   -1.31020e+06    3.07628e+02
 Pressure (bar)
   -5.00271e+01

           Step           Time
       46850000    93700.00000

   Energies (kJ/mol)
           Bond       G96Angle  Improper Dih.        LJ (SR)   Coulomb (SR)
    5.57746e+01    3.07305e+01    1.44553e+01   -1.79279e+04   -1.44983e+02
      Potential    Kinetic En.   Total Energy  Conserved En.    Temperature
   -1.79720e+04    2.46013e+03   -1.55118e+04   -1.31158e+06    2.88388e+02
 Pressure (bar)
   -1.65543e+02

           Step           Time
       46900000    93800.00000

   Energies (kJ/mol)
           Bond       G96Angle  Improper Dih.        LJ (SR)   Coulomb (SR)
    6.20624e+01    4.01999e+01    1.47303e+01   -1.75870e+04   -1.38247e+02
      Potential    Kinetic En.   Total Energy  Conserved En.    Temperature
   -1.76083e+04    2.67424e+03   -1.49340e+04   -1.31316e+06    3.13486e+02
 Pressure (bar)
    1.39816e+02

           Step           Time
       46950000    93900.00000

   Energies (kJ/mol)
           Bond       G96Angle  Improper Dih.        LJ (SR)   Coulomb (SR)
    5.48383e+01    3.07008e+01    2.03790e+01   -1.75617e+04   -1.43071e+02
      Potential    Kinetic En.   Total Energy  Conserved En.    Temperature
   -1.75988e+04    2.57065e+03   -1.50282e+04   -1.31471e+06    3.01343e+02
 Pressure (bar)
   -4.34374e+01

           Step           Time
       47000000    94000.00000

   Energies (kJ/mol)
           Bond       G96Angle  Improper Dih.        LJ (SR)   Coulomb (SR)
    3.95461e+01    1.92780e+01    1.53088e+01   -1.77772e+04   -1.44265e+02
      Potential    Kinetic En.   Total Energy  Conserved En.    Temperature
   -1.78474e+04    2.51259e+03   -1.53348e+04   -1.31588e+06    2.94537e+02
 Pressure (bar)
   -2.45013e+01

           Step           Time
       47050000    94100.00000

   Energies (kJ/mol)
           Bond       G96Angle  Improper Dih.        LJ (SR)   Coulomb (SR)
    6.57496e+01    3.31116e+01    8.98197e+00   -1.75575e+04   -1.64393e+02
      Potential    Kinetic En.   Total Energy  Conserved En.    Temperature
   -1.76140e+04    2.66225e+03   -1.49518e+04   -1.31745e+06    3.12081e+02
 Pressure (bar)
   -1.02225e+02

           Step           Time
       47100000    94200.00000

   Energies (kJ/mol)
           Bond       G96Angle  Improper Dih.        LJ (SR)   Coulomb (SR)
    7.52655e+01    2.94065e+01    3.32807e+00   -1.80075e+04   -1.27648e+02
      Potential    Kinetic En.   Total Energy  Conserved En.    Temperature
   -1.80271e+04    2.55177e+03   -1.54754e+04   -1.31889e+06    2.99130e+02
 Pressure (bar)
   -3.71806e+01

           Step           Time
       47150000    94300.00000

   Energies (kJ/mol)
           Bond       G96Angle  Improper Dih.        LJ (SR)   Coulomb (SR)
    4.14468e+01    2.26629e+01    1.70146e+01   -1.75541e+04   -1.56494e+02
      Potential    Kinetic En.   Total Energy  Conserved En.    Temperature
   -1.76295e+04    2.60488e+03   -1.50246e+04   -1.32044e+06    3.05356e+02
 Pressure (bar)
   -3.63499e+01

           Step           Time
       47200000    94400.00000

   Energies (kJ/mol)
           Bond       G96Angle  Improper Dih.        LJ (SR)   Coulomb (SR)
    7.31243e+01    3.10339e+01    1.30591e+01   -1.76931e+04   -1.36485e+02
      Potential    Kinetic En.   Total Energy  Conserved En.    Temperature
   -1.77123e+04    2.65405e+03   -1.50583e+04   -1.32201e+06    3.11120e+02
 Pressure (bar)
   -2.82675e+02

           Step           Time
       47250000    94500.00000

   Energies (kJ/mol)
           Bond       G96Angle  Improper Dih.        LJ (SR)   Coulomb (SR)
    6.96428e+01    3.38041e+01    8.87053e+00   -1.78087e+04   -1.61320e+02
      Potential    Kinetic En.   Total Energy  Conserved En.    Temperature
   -1.78577e+04    2.50105e+03   -1.53567e+04   -1.32343e+06    2.93184e+02
 Pressure (bar)
   -4.17413e+00

           Step           Time
       47300000    94600.00000

   Energies (kJ/mol)
           Bond       G96Angle  Improper Dih.        LJ (SR)   Coulomb (SR)
    4.21355e+01    2.36018e+01    5.20491e+00   -1.75474e+04   -1.57494e+02
      Potential    Kinetic En.   Total Energy  Conserved En.    Temperature
   -1.76340e+04    2.68890e+03   -1.49451e+04   -1.32495e+06    3.15205e+02
 Pressure (bar)
    1.71747e+02

           Step           Time
       47350000    94700.00000

   Energies (kJ/mol)
           Bond       G96Angle  Improper Dih.        LJ (SR)   Coulomb (SR)
    6.85334e+01    3.57047e+01    1.64488e+01   -1.75245e+04   -1.46279e+02
      Potential    Kinetic En.   Total Energy  Conserved En.    Temperature
   -1.75501e+04    2.63604e+03   -1.49141e+04   -1.32648e+06    3.09008e+02
 Pressure (bar)
   -7.62131e+01

           Step           Time
       47400000    94800.00000

   Energies (kJ/mol)
           Bond       G96Angle  Improper Dih.        LJ (SR)   Coulomb (SR)
    5.80415e+01    3.55877e+01    9.06151e+00   -1.77574e+04   -1.46450e+02
      Potential    Kinetic En.   Total Energy  Conserved En.    Temperature
   -1.78011e+04    2.59938e+03   -1.52018e+04   -1.32801e+06    3.04711e+02
 Pressure (bar)
    1.84094e+02

           Step           Time
       47450000    94900.00000

   Energies (kJ/mol)
           Bond       G96Angle  Improper Dih.        LJ (SR)   Coulomb (SR)
    3.51104e+01    1.12141e+01    1.52090e+01   -1.77156e+04   -1.31949e+02
      Potential    Kinetic En.   Total Energy  Conserved En.    Temperature
   -1.77861e+04    2.68717e+03   -1.50989e+04   -1.32951e+06    3.15002e+02
 Pressure (bar)
    9.11278e+01

           Step           Time
       47500000    95000.00000

   Energies (kJ/mol)
           Bond       G96Angle  Improper Dih.        LJ (SR)   Coulomb (SR)
    6.80314e+01    4.36134e+01    1.03142e+01   -1.78172e+04   -1.40872e+02
      Potential    Kinetic En.   Total Energy  Conserved En.    Temperature
   -1.78362e+04    2.67694e+03   -1.51592e+04   -1.33117e+06    3.13804e+02
 Pressure (bar)
   -5.69727e+01

           Step           Time
       47550000    95100.00000

   Energies (kJ/mol)
           Bond       G96Angle  Improper Dih.        LJ (SR)   Coulomb (SR)
    2.85655e+01    2.96050e+01    1.19005e+01   -1.73881e+04   -1.42121e+02
      Potential    Kinetic En.   Total Energy  Conserved En.    Temperature
   -1.74601e+04    2.63325e+03   -1.48269e+04   -1.33267e+06    3.08681e+02
 Pressure (bar)
   -1.01127e+02

           Step           Time
       47600000    95200.00000

   Energies (kJ/mol)
           Bond       G96Angle  Improper Dih.        LJ (SR)   Coulomb (SR)
    4.11366e+01    3.24445e+01    1.15749e+01   -1.78532e+04   -1.35564e+02
      Potential    Kinetic En.   Total Energy  Conserved En.    Temperature
   -1.79036e+04    2.49351e+03   -1.54100e+04   -1.33418e+06    2.92300e+02
 Pressure (bar)
   -1.47403e+02

           Step           Time
       47650000    95300.00000

   Energies (kJ/mol)
           Bond       G96Angle  Improper Dih.        LJ (SR)   Coulomb (SR)
    5.98480e+01    2.68797e+01    9.30158e+00   -1.75264e+04   -1.24942e+02
      Potential    Kinetic En.   Total Energy  Conserved En.    Temperature
   -1.75553e+04    2.57458e+03   -1.49807e+04   -1.33583e+06    3.01804e+02
 Pressure (bar)
   -8.45084e+00

           Step           Time
       47700000    95400.00000

   Energies (kJ/mol)
           Bond       G96Angle  Improper Dih.        LJ (SR)   Coulomb (SR)
    4.37002e+01    4.05245e+01    1.96171e+01   -1.78387e+04   -1.49672e+02
      Potential    Kinetic En.   Total Energy  Conserved En.    Temperature
   -1.78846e+04    2.45317e+03   -1.54314e+04   -1.33741e+06    2.87572e+02
 Pressure (bar)
   -2.09309e+02

           Step           Time
       47750000    95500.00000

   Energies (kJ/mol)
           Bond       G96Angle  Improper Dih.        LJ (SR)   Coulomb (SR)
    5.22836e+01    2.34708e+01    7.62231e+00   -1.77674e+04   -1.09005e+02
      Potential    Kinetic En.   Total Energy  Conserved En.    Temperature
   -1.77930e+04    2.66968e+03   -1.51234e+04   -1.33889e+06    3.12951e+02
 Pressure (bar)
    1.64430e+01

           Step           Time
       47800000    95600.00000

   Energies (kJ/mol)
           Bond       G96Angle  Improper Dih.        LJ (SR)   Coulomb (SR)
    4.53829e+01    2.53978e+01    1.76648e+01   -1.78301e+04   -1.31850e+02
      Potential    Kinetic En.   Total Energy  Conserved En.    Temperature
   -1.78735e+04    2.65652e+03   -1.52170e+04   -1.34050e+06    3.11409e+02
 Pressure (bar)
   -1.45174e+02

           Step           Time
       47850000    95700.00000

   Energies (kJ/mol)
           Bond       G96Angle  Improper Dih.        LJ (SR)   Coulomb (SR)
    6.02238e+01    3.94926e+01    1.49040e+01   -1.78661e+04   -1.07801e+02
      Potential    Kinetic En.   Total Energy  Conserved En.    Temperature
   -1.78593e+04    2.79319e+03   -1.50661e+04   -1.34207e+06    3.27431e+02
 Pressure (bar)
    1.47556e+02

           Step           Time
       47900000    95800.00000

   Energies (kJ/mol)
           Bond       G96Angle  Improper Dih.        LJ (SR)   Coulomb (SR)
    5.59579e+01    4.29629e+01    5.25075e+00   -1.78154e+04   -1.18595e+02
      Potential    Kinetic En.   Total Energy  Conserved En.    Temperature
   -1.78298e+04    2.64008e+03   -1.51897e+04   -1.34352e+06    3.09482e+02
 Pressure (bar)
   -1.19564e+02

           Step           Time
       47950000    95900.00000

   Energies (kJ/mol)
           Bond       G96Angle  Improper Dih.        LJ (SR)   Coulomb (SR)
    6.12298e+01    4.06444e+01    8.16894e+00   -1.79057e+04   -1.09485e+02
      Potential    Kinetic En.   Total Energy  Conserved En.    Temperature
   -1.79052e+04    2.71283e+03   -1.51923e+04   -1.34518e+06    3.18010e+02
 Pressure (bar)
    8.33307e+01

           Step           Time
       48000000    96000.00000

   Energies (kJ/mol)
           Bond       G96Angle  Improper Dih.        LJ (SR)   Coulomb (SR)
    4.22248e+01    4.48009e+01    1.63169e+01   -1.75756e+04   -1.19467e+02
      Potential    Kinetic En.   Total Energy  Conserved En.    Temperature
   -1.75917e+04    2.72196e+03   -1.48697e+04   -1.34668e+06    3.19081e+02
 Pressure (bar)
    2.73071e+01

           Step           Time
       48050000    96100.00000

   Energies (kJ/mol)
           Bond       G96Angle  Improper Dih.        LJ (SR)   Coulomb (SR)
    6.96884e+01    2.86273e+01    1.05423e+01   -1.75163e+04   -1.19332e+02
      Potential    Kinetic En.   Total Energy  Conserved En.    Temperature
   -1.75268e+04    2.62543e+03   -1.49014e+04   -1.34821e+06    3.07764e+02
 Pressure (bar)
   -1.55838e+02

           Step           Time
       48100000    96200.00000

   Energies (kJ/mol)
           Bond       G96Angle  Improper Dih.        LJ (SR)   Coulomb (SR)
    7.31414e+01    2.99919e+01    1.36752e+01   -1.78196e+04   -1.33115e+02
      Potential    Kinetic En.   Total Energy  Conserved En.    Temperature
   -1.78359e+04    2.76532e+03   -1.50706e+04   -1.34965e+06    3.24163e+02
 Pressure (bar)
    1.88725e+02

           Step           Time
       48150000    96300.00000

   Energies (kJ/mol)
           Bond       G96Angle  Improper Dih.        LJ (SR)   Coulomb (SR)
    7.03020e+01    3.59232e+01    1.08989e+01   -1.78708e+04   -1.28353e+02
      Potential    Kinetic En.   Total Energy  Conserved En.    Temperature
   -1.78820e+04    2.65526e+03   -1.52268e+04   -1.35121e+06    3.11261e+02
 Pressure (bar)
    1.32011e+02

           Step           Time
       48200000    96400.00000

   Energies (kJ/mol)
           Bond       G96Angle  Improper Dih.        LJ (SR)   Coulomb (SR)
    4.44647e+01    2.15981e+01    9.61135e+00   -1.76466e+04   -1.16096e+02
      Potential    Kinetic En.   Total Energy  Conserved En.    Temperature
   -1.76870e+04    2.69409e+03   -1.49929e+04   -1.35278e+06    3.15813e+02
 Pressure (bar)
   -9.19004e+01

           Step           Time
       48250000    96500.00000

   Energies (kJ/mol)
           Bond       G96Angle  Improper Dih.        LJ (SR)   Coulomb (SR)
    4.60273e+01    2.08559e+01    5.33155e+00   -1.75310e+04   -1.43581e+02
      Potential    Kinetic En.   Total Energy  Conserved En.    Temperature
   -1.76024e+04    2.64422e+03   -1.49581e+04   -1.35436e+06    3.09967e+02
 Pressure (bar)
    8.29498e+01

           Step           Time
       48300000    96600.00000

   Energies (kJ/mol)
           Bond       G96Angle  Improper Dih.        LJ (SR)   Coulomb (SR)
    5.13572e+01    3.39989e+01    1.40298e+01   -1.78203e+04   -1.42779e+02
      Potential    Kinetic En.   Total Energy  Conserved En.    Temperature
   -1.78636e+04    2.73344e+03   -1.51302e+04   -1.35589e+06    3.20426e+02
 Pressure (bar)
    2.93398e+02

           Step           Time
       48350000    96700.00000

   Energies (kJ/mol)
           Bond       G96Angle  Improper Dih.        LJ (SR)   Coulomb (SR)
    6.14014e+01    3.32641e+01    7.72985e+00   -1.78112e+04   -1.44019e+02
      Potential    Kinetic En.   Total Energy  Conserved En.    Temperature
   -1.78529e+04    2.51034e+03   -1.53425e+04   -1.35746e+06    2.94274e+02
 Pressure (bar)
    1.09726e+02

           Step           Time
       48400000    96800.00000

   Energies (kJ/mol)
           Bond       G96Angle  Improper Dih.        LJ (SR)   Coulomb (SR)
    6.21090e+01    1.94500e+01    1.21400e+01   -1.77007e+04   -1.41504e+02
      Potential    Kinetic En.   Total Energy  Conserved En.    Temperature
   -1.77485e+04    2.50701e+03   -1.52415e+04   -1.35894e+06    2.93884e+02
 Pressure (bar)
    1.14264e+02

           Step           Time
       48450000    96900.00000

   Energies (kJ/mol)
           Bond       G96Angle  Improper Dih.        LJ (SR)   Coulomb (SR)
    8.12308e+01    2.79282e+01    2.86767e+01   -1.75816e+04   -1.30343e+02
      Potential    Kinetic En.   Total Energy  Conserved En.    Temperature
   -1.75742e+04    2.70623e+03   -1.48679e+04   -1.36051e+06    3.17237e+02
 Pressure (bar)
    1.98317e+02

           Step           Time
       48500000    97000.00000

   Energies (kJ/mol)
           Bond       G96Angle  Improper Dih.        LJ (SR)   Coulomb (SR)
    4.99650e+01    4.01728e+01    5.70068e+00   -1.77020e+04   -1.07789e+02
      Potential    Kinetic En.   Total Energy  Conserved En.    Temperature
   -1.77139e+04    2.67590e+03   -1.50380e+04   -1.36220e+06    3.13681e+02
 Pressure (bar)
   -1.70728e+02

           Step           Time
       48550000    97100.00000

   Energies (kJ/mol)
           Bond       G96Angle  Improper Dih.        LJ (SR)   Coulomb (SR)
    5.56516e+01    3.22767e+01    2.14642e+01   -1.77419e+04   -1.30723e+02
      Potential    Kinetic En.   Total Energy  Conserved En.    Temperature
   -1.77632e+04    2.54813e+03   -1.52151e+04   -1.36373e+06    2.98703e+02
 Pressure (bar)
    1.30704e+02

           Step           Time
       48600000    97200.00000

   Energies (kJ/mol)
           Bond       G96Angle  Improper Dih.        LJ (SR)   Coulomb (SR)
    4.98227e+01    4.00905e+01    1.26865e+01   -1.76028e+04   -1.15739e+02
      Potential    Kinetic En.   Total Energy  Conserved En.    Temperature
   -1.76159e+04    2.68873e+03   -1.49272e+04   -1.36530e+06    3.15185e+02
 Pressure (bar)
   -3.21401e+00

           Step           Time
       48650000    97300.00000

   Energies (kJ/mol)
           Bond       G96Angle  Improper Dih.        LJ (SR)   Coulomb (SR)
    6.50612e+01    3.63656e+01    1.79507e+01   -1.80261e+04   -1.25065e+02
      Potential    Kinetic En.   Total Energy  Conserved En.    Temperature
   -1.80318e+04    2.63572e+03   -1.53960e+04   -1.36685e+06    3.08971e+02
 Pressure (bar)
    3.67836e+01

           Step           Time
       48700000    97400.00000

   Energies (kJ/mol)
           Bond       G96Angle  Improper Dih.        LJ (SR)   Coulomb (SR)
    7.94296e+01    3.26363e+01    2.01078e+01   -1.77054e+04   -1.45237e+02
      Potential    Kinetic En.   Total Energy  Conserved En.    Temperature
   -1.77184e+04    2.51107e+03   -1.52073e+04   -1.36831e+06    2.94359e+02
 Pressure (bar)
    2.26575e+02

           Step           Time
       48750000    97500.00000

   Energies (kJ/mol)
           Bond       G96Angle  Improper Dih.        LJ (SR)   Coulomb (SR)
    4.08193e+01    2.94200e+01    1.67514e+01   -1.74511e+04   -1.39182e+02
      Potential    Kinetic En.   Total Energy  Conserved En.    Temperature
   -1.75033e+04    2.59177e+03   -1.49115e+04   -1.36994e+06    3.03819e+02
 Pressure (bar)
    3.77715e+01

           Step           Time
       48800000    97600.00000

   Energies (kJ/mol)
           Bond       G96Angle  Improper Dih.        LJ (SR)   Coulomb (SR)
    4.83340e+01    2.50031e+01    1.44592e+01   -1.77359e+04   -1.46482e+02
      Potential    Kinetic En.   Total Energy  Conserved En.    Temperature
   -1.77946e+04    2.52619e+03   -1.52684e+04   -1.37145e+06    2.96131e+02
 Pressure (bar)
   -1.80445e+02

           Step           Time
       48850000    97700.00000

   Energies (kJ/mol)
           Bond       G96Angle  Improper Dih.        LJ (SR)   Coulomb (SR)
    4.45576e+01    3.68349e+01    2.06602e+01   -1.77954e+04   -1.32554e+02
      Potential    Kinetic En.   Total Energy  Conserved En.    Temperature
   -1.78259e+04    2.65088e+03   -1.51750e+04   -1.37275e+06    3.10749e+02
 Pressure (bar)
   -9.24212e+01

           Step           Time
       48900000    97800.00000

   Energies (kJ/mol)
           Bond       G96Angle  Improper Dih.        LJ (SR)   Coulomb (SR)
    6.90953e+01    4.01395e+01    1.37285e+01   -1.77211e+04   -1.53473e+02
      Potential    Kinetic En.   Total Energy  Conserved En.    Temperature
   -1.77516e+04    2.49763e+03   -1.52540e+04   -1.37443e+06    2.92783e+02
 Pressure (bar)
   -7.13408e+01

           Step           Time
       48950000    97900.00000

   Energies (kJ/mol)
           Bond       G96Angle  Improper Dih.        LJ (SR)   Coulomb (SR)
    7.70632e+01    2.82577e+01    1.14923e+01   -1.77299e+04   -1.35046e+02
      Potential    Kinetic En.   Total Energy  Conserved En.    Temperature
   -1.77481e+04    2.66352e+03   -1.50846e+04   -1.37598e+06    3.12230e+02
 Pressure (bar)
    7.93083e+01

           Step           Time
       49000000    98000.00000

   Energies (kJ/mol)
           Bond       G96Angle  Improper Dih.        LJ (SR)   Coulomb (SR)
    4.64223e+01    2.92702e+01    1.45798e+01   -1.77944e+04   -1.28285e+02
      Potential    Kinetic En.   Total Energy  Conserved En.    Temperature
   -1.78325e+04    2.76796e+03   -1.50645e+04   -1.37743e+06    3.24473e+02
 Pressure (bar)
    5.83951e+01

           Step           Time
       49050000    98100.00000

   Energies (kJ/mol)
           Bond       G96Angle  Improper Dih.        LJ (SR)   Coulomb (SR)
    4.95135e+01    3.36431e+01    1.90205e+01   -1.78826e+04   -1.27320e+02
      Potential    Kinetic En.   Total Energy  Conserved En.    Temperature
   -1.79078e+04    2.56239e+03   -1.53454e+04   -1.37878e+06    3.00375e+02
 Pressure (bar)
   -9.53865e+01

           Step           Time
       49100000    98200.00000

   Energies (kJ/mol)
           Bond       G96Angle  Improper Dih.        LJ (SR)   Coulomb (SR)
    3.90169e+01    3.17527e+01    1.43399e+01   -1.76514e+04   -1.42262e+02
      Potential    Kinetic En.   Total Energy  Conserved En.    Temperature
   -1.77086e+04    2.53459e+03   -1.51740e+04   -1.38037e+06    2.97116e+02
 Pressure (bar)
    6.30955e+01

           Step           Time
       49150000    98300.00000

   Energies (kJ/mol)
           Bond       G96Angle  Improper Dih.        LJ (SR)   Coulomb (SR)
    5.78570e+01    3.61806e+01    2.46218e+01   -1.77238e+04   -1.58816e+02
      Potential    Kinetic En.   Total Energy  Conserved En.    Temperature
   -1.77640e+04    2.70455e+03   -1.50594e+04   -1.38183e+06    3.17039e+02
 Pressure (bar)
    1.04933e+02

           Step           Time
       49200000    98400.00000

   Energies (kJ/mol)
           Bond       G96Angle  Improper Dih.        LJ (SR)   Coulomb (SR)
    6.10780e+01    4.62987e+01    7.33006e+00   -1.75756e+04   -1.27692e+02
      Potential    Kinetic En.   Total Energy  Conserved En.    Temperature
   -1.75886e+04    2.61086e+03   -1.49778e+04   -1.38338e+06    3.06056e+02
 Pressure (bar)
   -1.01942e+02

           Step           Time
       49250000    98500.00000

   Energies (kJ/mol)
           Bond       G96Angle  Improper Dih.        LJ (SR)   Coulomb (SR)
    6.45560e+01    3.24355e+01    8.89202e+00   -1.79868e+04   -1.39417e+02
      Potential    Kinetic En.   Total Energy  Conserved En.    Temperature
   -1.80204e+04    2.68243e+03   -1.53379e+04   -1.38476e+06    3.14446e+02
 Pressure (bar)
   -4.70355e+01

           Step           Time
       49300000    98600.00000

   Energies (kJ/mol)
           Bond       G96Angle  Improper Dih.        LJ (SR)   Coulomb (SR)
    7.06692e+01    3.07696e+01    7.29636e+00   -1.78902e+04   -1.48192e+02
      Potential    Kinetic En.   Total Energy  Conserved En.    Temperature
   -1.79297e+04    2.49637e+03   -1.54333e+04   -1.38627e+06    2.92636e+02
 Pressure (bar)
   -9.00747e+01

           Step           Time
       49350000    98700.00000

   Energies (kJ/mol)
           Bond       G96Angle  Improper Dih.        LJ (SR)   Coulomb (SR)
    6.74065e+01    3.50523e+01    1.62459e+01   -1.76497e+04   -1.38425e+02
      Potential    Kinetic En.   Total Energy  Conserved En.    Temperature
   -1.76695e+04    2.68436e+03   -1.49851e+04   -1.38780e+06    3.14672e+02
 Pressure (bar)
    1.02116e+02

           Step           Time
       49400000    98800.00000

   Energies (kJ/mol)
           Bond       G96Angle  Improper Dih.        LJ (SR)   Coulomb (SR)
    5.67566e+01    3.64472e+01    5.35520e+00   -1.79039e+04   -1.30377e+02
      Potential    Kinetic En.   Total Energy  Conserved En.    Temperature
   -1.79358e+04    2.63808e+03   -1.52977e+04   -1.38937e+06    3.09248e+02
 Pressure (bar)
   -3.13129e+02

           Step           Time
       49450000    98900.00000

   Energies (kJ/mol)
           Bond       G96Angle  Improper Dih.        LJ (SR)   Coulomb (SR)
    3.83868e+01    3.31706e+01    1.25840e+01   -1.75922e+04   -1.54335e+02
      Potential    Kinetic En.   Total Energy  Conserved En.    Temperature
   -1.76624e+04    2.66035e+03   -1.50021e+04   -1.39091e+06    3.11858e+02
 Pressure (bar)
    1.81080e+02

           Step           Time
       49500000    99000.00000

   Energies (kJ/mol)
           Bond       G96Angle  Improper Dih.        LJ (SR)   Coulomb (SR)
    4.87468e+01    2.39070e+01    1.95588e+01   -1.76777e+04   -1.59471e+02
      Potential    Kinetic En.   Total Energy  Conserved En.    Temperature
   -1.77449e+04    2.54452e+03   -1.52004e+04   -1.39241e+06    2.98280e+02
 Pressure (bar)
    9.17996e+01

           Step           Time
       49550000    99100.00000

   Energies (kJ/mol)
           Bond       G96Angle  Improper Dih.        LJ (SR)   Coulomb (SR)
    7.25620e+01    2.46243e+01    2.28571e+01   -1.76499e+04   -1.57052e+02
      Potential    Kinetic En.   Total Energy  Conserved En.    Temperature
   -1.76869e+04    2.50851e+03   -1.51783e+04   -1.39401e+06    2.94059e+02
 Pressure (bar)
   -2.10249e+01

           Step           Time
       49600000    99200.00000

   Energies (kJ/mol)
           Bond       G96Angle  Improper Dih.        LJ (SR)   Coulomb (SR)
    5.52622e+01    3.97021e+01    1.75373e+01   -1.77547e+04   -1.72307e+02
      Potential    Kinetic En.   Total Energy  Conserved En.    Temperature
   -1.78145e+04    2.73670e+03   -1.50778e+04   -1.39551e+06    3.20809e+02
 Pressure (bar)
   -1.86853e+02

           Step           Time
       49650000    99300.00000

   Energies (kJ/mol)
           Bond       G96Angle  Improper Dih.        LJ (SR)   Coulomb (SR)
    4.32905e+01    1.86160e+01    1.70887e+01   -1.77114e+04   -1.63373e+02
      Potential    Kinetic En.   Total Energy  Conserved En.    Temperature
   -1.77958e+04    2.59896e+03   -1.51969e+04   -1.39716e+06    3.04662e+02
 Pressure (bar)
    1.45179e+02

           Step           Time
       49700000    99400.00000

   Energies (kJ/mol)
           Bond       G96Angle  Improper Dih.        LJ (SR)   Coulomb (SR)
    5.70159e+01    2.27060e+01    1.94164e+01   -1.78659e+04   -1.46183e+02
      Potential    Kinetic En.   Total Energy  Conserved En.    Temperature
   -1.79130e+04    2.78616e+03   -1.51268e+04   -1.39862e+06    3.26606e+02
 Pressure (bar)
    2.76963e+02

           Step           Time
       49750000    99500.00000

   Energies (kJ/mol)
           Bond       G96Angle  Improper Dih.        LJ (SR)   Coulomb (SR)
    4.46959e+01    2.50427e+01    7.75246e+00   -1.79303e+04   -1.38337e+02
      Potential    Kinetic En.   Total Energy  Conserved En.    Temperature
   -1.79911e+04    2.71778e+03   -1.52733e+04   -1.40018e+06    3.18591e+02
 Pressure (bar)
    2.10149e-01

           Step           Time
       49800000    99600.00000

   Energies (kJ/mol)
           Bond       G96Angle  Improper Dih.        LJ (SR)   Coulomb (SR)
    7.51009e+01    3.95491e+01    6.63872e+00   -1.78006e+04   -1.38861e+02
      Potential    Kinetic En.   Total Energy  Conserved En.    Temperature
   -1.78181e+04    2.57418e+03   -1.52440e+04   -1.40184e+06    3.01757e+02
 Pressure (bar)
   -4.35189e+01

           Step           Time
       49850000    99700.00000

   Energies (kJ/mol)
           Bond       G96Angle  Improper Dih.        LJ (SR)   Coulomb (SR)
    5.53374e+01    2.98302e+01    2.03429e+01   -1.77472e+04   -1.43148e+02
      Potential    Kinetic En.   Total Energy  Conserved En.    Temperature
   -1.77848e+04    2.66094e+03   -1.51239e+04   -1.40331e+06    3.11927e+02
 Pressure (bar)
   -1.23245e+02

           Step           Time
       49900000    99800.00000

   Energies (kJ/mol)
           Bond       G96Angle  Improper Dih.        LJ (SR)   Coulomb (SR)
    4.96632e+01    3.83527e+01    1.21978e+01   -1.77523e+04   -1.43248e+02
      Potential    Kinetic En.   Total Energy  Conserved En.    Temperature
   -1.77953e+04    2.69455e+03   -1.51008e+04   -1.40484e+06    3.15867e+02
 Pressure (bar)
   -3.92834e+01

           Step           Time
       49950000    99900.00000

   Energies (kJ/mol)
           Bond       G96Angle  Improper Dih.        LJ (SR)   Coulomb (SR)
    7.06834e+01    4.65871e+01    8.26800e+00   -1.78361e+04   -1.19660e+02
      Potential    Kinetic En.   Total Energy  Conserved En.    Temperature
   -1.78303e+04    2.63168e+03   -1.51986e+04   -1.40634e+06    3.08498e+02
 Pressure (bar)
   -4.76985e+01

           Step           Time
       50000000   100000.00000

Writing checkpoint, step 50000000 at Wed Apr  1 18:15:05 2026


   Energies (kJ/mol)
           Bond       G96Angle  Improper Dih.        LJ (SR)   Coulomb (SR)
    5.83373e+01    3.75183e+01    8.99473e+00   -1.77960e+04   -1.33197e+02
      Potential    Kinetic En.   Total Energy  Conserved En.    Temperature
   -1.78243e+04    2.55654e+03   -1.52678e+04   -1.40788e+06    2.99689e+02
 Pressure (bar)
   -1.00378e+02


Energy conservation over simulation part #3 of length 96964.6 ps, time 3035.4 to 100000 ps
  Conserved energy drift: -2.03e-02 kJ/mol/ps per atom


	<======  ###############  ==>
	<====  A V E R A G E S  ====>
	<==  ###############  ======>

	Statistics over 50000001 steps using 500001 frames

   Energies (kJ/mol)
           Bond       G96Angle  Improper Dih.        LJ (SR)   Coulomb (SR)
    5.49527e+01    3.45578e+01    1.37363e+01   -1.77372e+04   -1.32293e+02
      Potential    Kinetic En.   Total Energy  Conserved En.    Temperature
   -1.77662e+04    2.62796e+03   -1.51383e+04   -6.96941e+05    3.08062e+02
 Pressure (bar)
    2.25064e+00

          Box-X          Box-Y          Box-Z
    3.65066e+00    3.65066e+00    6.47153e+00

   Total Virial (kJ/mol)
    8.71855e+02    7.07179e-01   -4.58748e-01
    7.07180e-01    8.71468e+02    1.94207e-01
   -4.58749e-01    1.94209e-01    8.72582e+02

   Pressure (bar)
    2.26752e+00   -3.10168e-01    1.99867e-01
   -3.10169e-01    2.47381e+00   -1.03275e-01
    1.99868e-01   -1.03275e-01    2.01060e+00

 T-glycoprotein   T-Water_ions
    3.03827e+02    3.08249e+02


	M E G A - F L O P S   A C C O U N T I N G

 NB=Group-cutoff nonbonded kernels    NxN=N-by-N cluster Verlet kernels
 RF=Reaction-Field  VdW=Van der Waals  QSTab=quadratic-spline table
 W3=SPC/TIP3p  W4=TIP4p (single or pairs)
 V&F=Potential and force  V=Potential only  F=Force only

 Computing:                               M-Number         M-Flops  % Flops
-----------------------------------------------------------------------------
 Pair Search distance check           82256.735248      740310.617     0.2
 NxN RF Elec. + LJ [F]             10464726.467584   397659605.768    98.2
 NxN RF Elec. + LJ [V&F]             105703.730176     5708001.430     1.4
 Shift-X                               1662.946320        9977.678     0.0
 Bonds                                 1793.848097      105837.038     0.0
 Angles                                2472.601431      415397.040     0.1
 Impropers                              581.788572      121012.023     0.0
 Virial                                 354.406344        6379.314     0.0
 Stop-CM                                332.589264        3325.893     0.0
 P-Coupling                             332.589264        1995.536     0.0
 Calc-Ekin                              665.178528       17959.820     0.0
-----------------------------------------------------------------------------
 Total                                               404789802.157   100.0
-----------------------------------------------------------------------------


      R E A L   C Y C L E   A N D   T I M E   A C C O U N T I N G

On 1 MPI rank, each using 90 OpenMP threads

 Activity:              Num   Num      Call    Wall time         Giga-Cycles
                        Ranks Threads  Count      (s)         total sum    %
--------------------------------------------------------------------------------
 Neighbor search           1   90    2424120     537.309     130564.992   7.8
 Launch PP GPU ops.        1   90   94540642    1161.041     282130.615  16.8
 Force                     1   90   48482381    4285.109    1041273.151  62.1
 Wait Bonded GPU           1   90     484824       2.086        506.778   0.0
 Wait GPU NB local         1   90   48482381      14.627       3554.255   0.2
 Wait GPU state copy       1   90   52845795     102.645      24942.428   1.5
 NB X/F buffer ops.        1   90     484824      17.437       4237.050   0.3
 Write traj.               1   90        977     430.448     104598.097   6.2
 Rest                                            353.277      85845.620   5.1
--------------------------------------------------------------------------------
 Total                                          6903.977    1677652.987 100.0
--------------------------------------------------------------------------------

               Core t (s)   Wall t (s)        (%)
       Time:   621357.435     6903.977     9000.0
                         1h55:03
                 (ns/day)    (hour/ns)
Performance:     1213.468        0.020
Finished mdrun on rank 0 Wed Apr  1 18:15:05 2026

