                      :-) GROMACS - gmx mdrun, 2023.4 (-:

Copyright 1991-2023 The GROMACS Authors.
GROMACS is free software; you can redistribute it and/or modify it
under the terms of the GNU Lesser General Public License
as published by the Free Software Foundation; either version 2.1
of the License, or (at your option) any later version.

                         Current GROMACS contributors:
       Mark Abraham           Andrey Alekseenko           Cathrine Bergh      
      Christian Blau            Eliane Briand             Mahesh Doijade      
    Stefan Fleischmann           Vytas Gapsys              Gaurav Garg        
      Sergey Gorelov         Gilles Gouaillardet            Alan Gray         
     M. Eric Irrgang         Farzaneh Jalalypour            Joe Jordan        
    Christoph Junghans        Prashanth Kanduri          Sebastian Keller     
     Carsten Kutzner           Justin A. Lemkul          Magnus Lundborg      
       Pascal Merz              Vedran Miletic            Dmitry Morozov      
       Szilard Pall             Roland Schulz             Michael Shirts      
     Alexey Shvetsov            Balint Soproni         David van der Spoel    
      Philip Turner             Carsten Uphoff           Alessandra Villa     
 Sebastian Wingbermuehle        Artem Zhmurov       

                         Previous GROMACS contributors:
        Emile Apol             Rossen Apostolov           James Barnett       
  Herman J.C. Berendsen          Par Bjelkmar           Viacheslav Bolnykh    
        Kevin Boyd            Aldert van Buuren          Carlo Camilloni      
     Rudi van Drunen            Anton Feenstra           Oliver Fleetwood     
     Gerrit Groenhof            Bert de Groot             Anca Hamuraru       
    Vincent Hindriksen          Victor Holanda           Aleksei Iupinov      
   Dimitrios Karkoulis           Peter Kasson             Sebastian Kehl      
        Jiri Kraus               Per Larsson              Viveca Lindahl      
      Erik Marklund           Pieter Meulenhoff           Teemu Murtola       
       Sander Pronk             Alfons Sijbers            Peter Tieleman      
       Jon Vincent             Teemu Virolainen         Christian Wennberg    
       Maarten Wolf       

                  Coordinated by the GROMACS project leaders:
                    Paul Bauer, Berk Hess, and Erik Lindahl

GROMACS:      gmx mdrun, version 2023.4
Executable:   /home/anacleto/programs/GROMACS/bin/gmx
Data prefix:  /home/anacleto/programs/GROMACS
Working dir:  /grain/anacleto/projects/project_1_virion_simulation/CG_simulations/glycoprotein/ASN_FA2/6_CG_MD_simulation/results_parametrization/validation_mdrun
Process ID:   280958
Command line:
  gmx mdrun -deffnm nvt -v -pin on -ntmpi 1 -ntomp 12

GROMACS version:    2023.4
Precision:          mixed
Memory model:       64 bit
MPI library:        thread_mpi
OpenMP support:     enabled (GMX_OPENMP_MAX_THREADS = 128)
GPU support:        CUDA
NB cluster size:    8
SIMD instructions:  AVX_512
CPU FFT library:    fftw-3.3.8-sse2-avx-avx2-avx2_128-avx512
GPU FFT library:    cuFFT
Multi-GPU FFT:      none
RDTSCP usage:       enabled
TNG support:        enabled
Hwloc support:      disabled
Tracing support:    disabled
C compiler:         /usr/bin/cc GNU 13.3.0
C compiler flags:   -fexcess-precision=fast -funroll-all-loops -mavx512f -mfma -mavx512vl -mavx512dq -mavx512bw -Wno-missing-field-initializers -O3 -DNDEBUG
C++ compiler:       /usr/bin/c++ GNU 13.3.0
C++ compiler flags: -fexcess-precision=fast -funroll-all-loops -mavx512f -mfma -mavx512vl -mavx512dq -mavx512bw -Wno-missing-field-initializers -Wno-cast-function-type-strict SHELL:-fopenmp -O3 -DNDEBUG
BLAS library:       External - detected on the system
LAPACK library:     External - detected on the system
CUDA compiler:      /usr/local/cuda/bin/nvcc nvcc: NVIDIA (R) Cuda compiler driver;Copyright (c) 2005-2025 NVIDIA Corporation;Built on Wed_Apr__9_19:24:57_PDT_2025;Cuda compilation tools, release 12.9, V12.9.41;Build cuda_12.9.r12.9/compiler.35813241_0
CUDA compiler flags:-std=c++17;--generate-code=arch=compute_86,code=sm_86;--generate-code=arch=compute_86,code=compute_86;-use_fast_math;-Xptxas;-warn-double-usage;-Xptxas;-Werror;-D_FORCE_INLINES;-fexcess-precision=fast -funroll-all-loops -mavx512f -mfma -mavx512vl -mavx512dq -mavx512bw -Wno-missing-field-initializers -Wno-cast-function-type-strict SHELL:-fopenmp -O3 -DNDEBUG
CUDA driver:        13.0
CUDA runtime:       12.90


Running on 1 node with total 6 cores, 12 processing units, 1 compatible GPU
Hardware detected on host md26:
  CPU info:
    Vendor: Intel
    Brand:  Intel(R) Xeon(R) W-2235 CPU @ 3.80GHz
    Family: 6   Model: 85   Stepping: 7
    Features: aes apic avx avx2 avx512f avx512cd avx512bw avx512vl avx512secondFMA clfsh cmov cx8 cx16 f16c fma htt intel lahf mmx msr nonstop_tsc pcid pclmuldq pdcm pdpe1gb popcnt pse rdrnd rdtscp sse2 sse3 sse4.1 sse4.2 ssse3 tdt x2apic
    Number of AVX-512 FMA units: 2
  Hardware topology: Basic
    Packages, cores, and logical processors:
    [indices refer to OS logical processors]
      Package  0: [   0   6] [   1   7] [   2   8] [   3   9] [   4  10] [   5  11]
    CPU limit set by OS: -1   Recommended max number of threads: 12
  GPU info:
    Number of GPUs detected: 1
    #0: NVIDIA NVIDIA GeForce RTX 3080, compute cap.: 8.6, ECC:  no, stat: compatible


++++ PLEASE READ AND CITE THE FOLLOWING REFERENCE ++++
M. J. Abraham, T. Murtola, R. Schulz, S. Páll, J. C. Smith, B. Hess, E.
Lindahl
GROMACS: High performance molecular simulations through multi-level
parallelism from laptops to supercomputers
SoftwareX 1 (2015) pp. 19-25
-------- -------- --- Thank You --- -------- --------


++++ PLEASE READ AND CITE THE FOLLOWING REFERENCE ++++
S. Páll, M. J. Abraham, C. Kutzner, B. Hess, E. Lindahl
Tackling Exascale Software Challenges in Molecular Dynamics Simulations with
GROMACS
In S. Markidis & E. Laure (Eds.), Solving Software Challenges for Exascale 8759 (2015) pp. 3-27
-------- -------- --- Thank You --- -------- --------


++++ PLEASE READ AND CITE THE FOLLOWING REFERENCE ++++
S. Pronk, S. Páll, R. Schulz, P. Larsson, P. Bjelkmar, R. Apostolov, M. R.
Shirts, J. C. Smith, P. M. Kasson, D. van der Spoel, B. Hess, and E. Lindahl
GROMACS 4.5: a high-throughput and highly parallel open source molecular
simulation toolkit
Bioinformatics 29 (2013) pp. 845-54
-------- -------- --- Thank You --- -------- --------


++++ PLEASE READ AND CITE THE FOLLOWING REFERENCE ++++
B. Hess and C. Kutzner and D. van der Spoel and E. Lindahl
GROMACS 4: Algorithms for highly efficient, load-balanced, and scalable
molecular simulation
J. Chem. Theory Comput. 4 (2008) pp. 435-447
-------- -------- --- Thank You --- -------- --------


++++ PLEASE READ AND CITE THE FOLLOWING REFERENCE ++++
D. van der Spoel, E. Lindahl, B. Hess, G. Groenhof, A. E. Mark and H. J. C.
Berendsen
GROMACS: Fast, Flexible and Free
J. Comp. Chem. 26 (2005) pp. 1701-1719
-------- -------- --- Thank You --- -------- --------


++++ PLEASE READ AND CITE THE FOLLOWING REFERENCE ++++
E. Lindahl and B. Hess and D. van der Spoel
GROMACS 3.0: A package for molecular simulation and trajectory analysis
J. Mol. Mod. 7 (2001) pp. 306-317
-------- -------- --- Thank You --- -------- --------


++++ PLEASE READ AND CITE THE FOLLOWING REFERENCE ++++
H. J. C. Berendsen, D. van der Spoel and R. van Drunen
GROMACS: A message-passing parallel molecular dynamics implementation
Comp. Phys. Comm. 91 (1995) pp. 43-56
-------- -------- --- Thank You --- -------- --------


++++ PLEASE CITE THE DOI FOR THIS VERSION OF GROMACS ++++
https://doi.org/10.5281/zenodo.10559950
-------- -------- --- Thank You --- -------- --------


The number of OpenMP threads was set by environment variable OMP_NUM_THREADS to 12 (and the command-line setting agreed with that)

Input Parameters:
   integrator                     = md
   tinit                          = 0
   dt                             = 0.002
   nsteps                         = 500000
   init-step                      = 0
   simulation-part                = 1
   mts                            = false
   comm-mode                      = Linear
   nstcomm                        = 100
   bd-fric                        = 0
   ld-seed                        = 27066111
   emtol                          = 10
   emstep                         = 0.01
   niter                          = 20
   fcstep                         = 0
   nstcgsteep                     = 1000
   nbfgscorr                      = 10
   rtpi                           = 0.05
   nstxout                        = 100
   nstvout                        = 100
   nstfout                        = 100
   nstlog                         = 1000
   nstcalcenergy                  = 100
   nstenergy                      = 1000
   nstxout-compressed             = 1000
   compressed-x-precision         = 100
   cutoff-scheme                  = Verlet
   nstlist                        = 20
   pbc                            = xyz
   periodic-molecules             = false
   verlet-buffer-tolerance        = -1
   rlist                          = 1.35
   coulombtype                    = Reaction-Field
   coulomb-modifier               = Potential-shift
   rcoulomb-switch                = 0
   rcoulomb                       = 1.1
   epsilon-r                      = 15
   epsilon-rf                     = inf
   vdw-type                       = Cut-off
   vdw-modifier                   = Potential-shift
   rvdw-switch                    = 0
   rvdw                           = 1.1
   DispCorr                       = No
   table-extension                = 1
   fourierspacing                 = 0.12
   fourier-nx                     = 0
   fourier-ny                     = 0
   fourier-nz                     = 0
   pme-order                      = 4
   ewald-rtol                     = 1e-05
   ewald-rtol-lj                  = 0.001
   lj-pme-comb-rule               = Geometric
   ewald-geometry                 = 3d
   epsilon-surface                = 0
   ensemble-temperature-setting   = constant
   ensemble-temperature           = 310
   tcoupl                         = V-rescale
   nsttcouple                     = 100
   nh-chain-length                = 0
   print-nose-hoover-chain-variables = false
   pcoupl                         = Berendsen
   pcoupltype                     = Isotropic
   nstpcouple                     = 100
   tau-p                          = 5
   compressibility (3x3):
      compressibility[    0]={ 4.00000e-05,  0.00000e+00,  0.00000e+00}
      compressibility[    1]={ 0.00000e+00,  4.00000e-05,  0.00000e+00}
      compressibility[    2]={ 0.00000e+00,  0.00000e+00,  4.00000e-05}
   ref-p (3x3):
      ref-p[    0]={ 1.00000e+00,  0.00000e+00,  0.00000e+00}
      ref-p[    1]={ 0.00000e+00,  1.00000e+00,  0.00000e+00}
      ref-p[    2]={ 0.00000e+00,  0.00000e+00,  1.00000e+00}
   refcoord-scaling               = COM
   posres-com (3):
      posres-com[0]= 5.28783e-01
      posres-com[1]= 5.12305e-01
      posres-com[2]= 4.70111e-01
   posres-comB (3):
      posres-comB[0]= 5.28783e-01
      posres-comB[1]= 5.12305e-01
      posres-comB[2]= 4.70111e-01
   QMMM                           = false
qm-opts:
   ngQM                           = 0
   constraint-algorithm           = Lincs
   continuation                   = false
   Shake-SOR                      = false
   shake-tol                      = 0.0001
   lincs-order                    = 4
   lincs-iter                     = 1
   lincs-warnangle                = 30
   nwall                          = 0
   wall-type                      = 9-3
   wall-r-linpot                  = -1
   wall-atomtype[0]               = -1
   wall-atomtype[1]               = -1
   wall-density[0]                = 0
   wall-density[1]                = 0
   wall-ewald-zfac                = 3
   pull                           = false
   awh                            = false
   rotation                       = false
   interactiveMD                  = false
   disre                          = No
   disre-weighting                = Conservative
   disre-mixed                    = false
   dr-fc                          = 1000
   dr-tau                         = 0
   nstdisreout                    = 100
   orire-fc                       = 0
   orire-tau                      = 0
   nstorireout                    = 100
   free-energy                    = no
   cos-acceleration               = 0
   deform (3x3):
      deform[    0]={ 0.00000e+00,  0.00000e+00,  0.00000e+00}
      deform[    1]={ 0.00000e+00,  0.00000e+00,  0.00000e+00}
      deform[    2]={ 0.00000e+00,  0.00000e+00,  0.00000e+00}
   simulated-tempering            = false
   swapcoords                     = no
   userint1                       = 0
   userint2                       = 0
   userint3                       = 0
   userint4                       = 0
   userreal1                      = 0
   userreal2                      = 0
   userreal3                      = 0
   userreal4                      = 0
   applied-forces:
     electric-field:
       x:
         E0                       = 0
         omega                    = 0
         t0                       = 0
         sigma                    = 0
       y:
         E0                       = 0
         omega                    = 0
         t0                       = 0
         sigma                    = 0
       z:
         E0                       = 0
         omega                    = 0
         t0                       = 0
         sigma                    = 0
     density-guided-simulation:
       active                     = false
       group                      = protein
       similarity-measure         = inner-product
       atom-spreading-weight      = unity
       force-constant             = 1e+09
       gaussian-transform-spreading-width = 0.2
       gaussian-transform-spreading-range-in-multiples-of-width = 4
       reference-density-filename = reference.mrc
       nst                        = 1
       normalize-densities        = true
       adaptive-force-scaling     = false
       adaptive-force-scaling-time-constant = 4
       shift-vector               = 
       transformation-matrix      = 
     qmmm-cp2k:
       active                     = false
       qmgroup                    = System
       qmmethod                   = PBE
       qmfilenames                = 
       qmcharge                   = 0
       qmmultiplicity             = 1
grpopts:
   nrdf:          87        1965
   ref-t:         310         310
   tau-t:           1           1
annealing:          No          No
annealing-npoints:           0           0
   acc:	           0           0           0
   nfreeze:           N           N           N
   energygrp-flags[  0]: 0

Can not increase nstlist because verlet-buffer-tolerance is not set or used
When checking whether update groups are usable:
  Domain decomposition is not active, so there is no need for update groups
  No constraints or virtual sites are in use, so it is best not to use update groups
1 GPU selected for this run.
Mapping of GPU IDs to the 1 GPU task in the 1 rank on this node:
  PP:0
PP tasks will do (non-perturbed) short-ranged interactions on the GPU
PP task will update and constrain coordinates on the GPU
Using 1 MPI thread
Using 12 OpenMP threads 

System total charge: 0.450
Reaction-Field:
epsRF = 0, rc = 1.1, krf = 0.375657, crf = 1.36364, epsfac = 9.26236
The electrostatics potential has its minimum at r = 1.1
Potential shift: LJ r^-12: -3.186e-01 r^-6: -5.645e-01


Using GPU 8x8 nonbonded short-range kernels

Using a 8x8 pair-list setup:
  updated every 20 steps, buffer 0.250 nm, rlist 1.350 nm

The non-bonded pair calculation algorithm tolerates a few missing pair interactions close to the cut-off. This can lead to a systematic overestimation of the pressure due to missing LJ interactions. The error in the average pressure due to missing LJ interactions is at most 0.00 bar.

Using full Lennard-Jones parameter combination matrix
Removing pbc first time

Pinning threads with an auto-selected logical cpu stride of 1

++++ PLEASE READ AND CITE THE FOLLOWING REFERENCE ++++
G. Bussi, D. Donadio and M. Parrinello
Canonical sampling through velocity rescaling
J. Chem. Phys. 126 (2007) pp. 014101
-------- -------- --- Thank You --- -------- --------

There are: 686 Atoms

Updating coordinates on the GPU.
Center of mass motion removal mode is Linear
We have the following groups for center of mass motion removal:
  0:  glycoprotein
  1:  Water_ions
Initial temperature: 309.498 K

Started mdrun on rank 0 Sun Mar 22 23:44:45 2026

           Step           Time
              0        0.00000

   Energies (kJ/mol)
           Bond       G96Angle  Improper Dih.        LJ (SR)   Coulomb (SR)
    7.41837e+00    1.29450e+01    5.08055e+00   -1.98065e+04   -1.12451e+02
 Position Rest.      Potential    Kinetic En.   Total Energy  Conserved En.
    0.00000e+00   -1.98935e+04    2.64035e+03   -1.72532e+04   -1.72198e+04
    Temperature Pressure (bar)
    3.09514e+02   -1.91223e+03

           Step           Time
           1000        2.00000

   Energies (kJ/mol)
           Bond       G96Angle  Improper Dih.        LJ (SR)   Coulomb (SR)
    4.78178e+01    2.10054e+01    1.21022e+01   -1.79316e+04   -1.05365e+02
 Position Rest.      Potential    Kinetic En.   Total Energy  Conserved En.
    6.83394e+01   -1.78877e+04    2.30587e+03   -1.55819e+04   -1.72624e+04
    Temperature Pressure (bar)
    2.70305e+02   -2.04163e+02

           Step           Time
           2000        4.00000

   Energies (kJ/mol)
           Bond       G96Angle  Improper Dih.        LJ (SR)   Coulomb (SR)
    4.39946e+01    2.92492e+01    1.72629e+01   -1.77004e+04   -1.05671e+02
 Position Rest.      Potential    Kinetic En.   Total Energy  Conserved En.
    8.06714e+01   -1.76349e+04    2.71779e+03   -1.49171e+04   -1.73007e+04
    Temperature Pressure (bar)
    3.18592e+02   -4.43447e+01

           Step           Time
           3000        6.00000

   Energies (kJ/mol)
           Bond       G96Angle  Improper Dih.        LJ (SR)   Coulomb (SR)
    4.17652e+01    2.14796e+01    4.95645e+00   -1.77047e+04   -1.02043e+02
 Position Rest.      Potential    Kinetic En.   Total Energy  Conserved En.
    5.41882e+01   -1.76843e+04    2.49468e+03   -1.51897e+04   -1.73192e+04
    Temperature Pressure (bar)
    2.92437e+02   -4.58923e+01

           Step           Time
           4000        8.00000

   Energies (kJ/mol)
           Bond       G96Angle  Improper Dih.        LJ (SR)   Coulomb (SR)
    5.30944e+01    2.96921e+01    2.52562e+00   -1.77690e+04   -9.79778e+01
 Position Rest.      Potential    Kinetic En.   Total Energy  Conserved En.
    6.49086e+01   -1.77168e+04    2.57937e+03   -1.51374e+04   -1.73463e+04
    Temperature Pressure (bar)
    3.02365e+02   -1.33109e+02

           Step           Time
           5000       10.00000

   Energies (kJ/mol)
           Bond       G96Angle  Improper Dih.        LJ (SR)   Coulomb (SR)
    2.76476e+01    2.24829e+01    5.00813e+00   -1.77377e+04   -1.00550e+02
 Position Rest.      Potential    Kinetic En.   Total Energy  Conserved En.
    4.22343e+01   -1.77409e+04    2.55163e+03   -1.51892e+04   -1.73756e+04
    Temperature Pressure (bar)
    2.99114e+02    2.84842e+01

           Step           Time
           6000       12.00000

   Energies (kJ/mol)
           Bond       G96Angle  Improper Dih.        LJ (SR)   Coulomb (SR)
    2.89019e+01    1.83806e+01    7.07087e+00   -1.78194e+04   -1.05374e+02
 Position Rest.      Potential    Kinetic En.   Total Energy  Conserved En.
    6.06172e+01   -1.78098e+04    2.55164e+03   -1.52582e+04   -1.73964e+04
    Temperature Pressure (bar)
    2.99115e+02   -1.06517e+02

           Step           Time
           7000       14.00000

   Energies (kJ/mol)
           Bond       G96Angle  Improper Dih.        LJ (SR)   Coulomb (SR)
    4.60401e+01    2.02028e+01    1.40774e+01   -1.77016e+04   -1.05162e+02
 Position Rest.      Potential    Kinetic En.   Total Energy  Conserved En.
    6.77710e+01   -1.76587e+04    2.56113e+03   -1.50975e+04   -1.74305e+04
    Temperature Pressure (bar)
    3.00227e+02    2.99101e+01

           Step           Time
           8000       16.00000

   Energies (kJ/mol)
           Bond       G96Angle  Improper Dih.        LJ (SR)   Coulomb (SR)
    4.46505e+01    2.00948e+01    4.72491e+00   -1.77346e+04   -9.96051e+01
 Position Rest.      Potential    Kinetic En.   Total Energy  Conserved En.
    4.35223e+01   -1.77212e+04    2.65000e+03   -1.50712e+04   -1.74555e+04
    Temperature Pressure (bar)
    3.10645e+02   -8.29966e+00

           Step           Time
           9000       18.00000

   Energies (kJ/mol)
           Bond       G96Angle  Improper Dih.        LJ (SR)   Coulomb (SR)
    3.92692e+01    3.14296e+01    1.04389e+01   -1.76837e+04   -1.03860e+02
 Position Rest.      Potential    Kinetic En.   Total Energy  Conserved En.
    6.67891e+01   -1.76397e+04    2.48638e+03   -1.51533e+04   -1.74933e+04
    Temperature Pressure (bar)
    2.91464e+02    3.44654e+01

           Step           Time
          10000       20.00000

   Energies (kJ/mol)
           Bond       G96Angle  Improper Dih.        LJ (SR)   Coulomb (SR)
    3.81640e+01    2.76499e+01    7.12966e+00   -1.77289e+04   -9.41151e+01
 Position Rest.      Potential    Kinetic En.   Total Energy  Conserved En.
    6.84090e+01   -1.76816e+04    2.66427e+03   -1.50174e+04   -1.74925e+04
    Temperature Pressure (bar)
    3.12318e+02    4.77357e+00

           Step           Time
          11000       22.00000

   Energies (kJ/mol)
           Bond       G96Angle  Improper Dih.        LJ (SR)   Coulomb (SR)
    4.30596e+01    3.53438e+01    6.00279e+00   -1.75912e+04   -1.01346e+02
 Position Rest.      Potential    Kinetic En.   Total Energy  Conserved En.
    6.19629e+01   -1.75462e+04    2.62857e+03   -1.49176e+04   -1.75192e+04
    Temperature Pressure (bar)
    3.08133e+02    6.75307e+01

           Step           Time
          12000       24.00000

   Energies (kJ/mol)
           Bond       G96Angle  Improper Dih.        LJ (SR)   Coulomb (SR)
    3.65705e+01    2.35057e+01    9.06554e+00   -1.75072e+04   -1.05611e+02
 Position Rest.      Potential    Kinetic En.   Total Energy  Conserved En.
    6.60336e+01   -1.74776e+04    2.81145e+03   -1.46662e+04   -1.75503e+04
    Temperature Pressure (bar)
    3.29571e+02    1.20023e+02

           Step           Time
          13000       26.00000

   Energies (kJ/mol)
           Bond       G96Angle  Improper Dih.        LJ (SR)   Coulomb (SR)
    5.55378e+01    3.19719e+01    1.31109e+01   -1.74743e+04   -1.04561e+02
 Position Rest.      Potential    Kinetic En.   Total Energy  Conserved En.
    6.24245e+01   -1.74158e+04    2.66401e+03   -1.47518e+04   -1.75686e+04
    Temperature Pressure (bar)
    3.12287e+02    4.55766e+01

           Step           Time
          14000       28.00000

   Energies (kJ/mol)
           Bond       G96Angle  Improper Dih.        LJ (SR)   Coulomb (SR)
    5.35114e+01    2.16904e+01    8.68141e+00   -1.75320e+04   -1.02952e+02
 Position Rest.      Potential    Kinetic En.   Total Energy  Conserved En.
    5.66641e+01   -1.74944e+04    2.54791e+03   -1.49465e+04   -1.75931e+04
    Temperature Pressure (bar)
    2.98677e+02   -2.22191e+01

           Step           Time
          15000       30.00000

   Energies (kJ/mol)
           Bond       G96Angle  Improper Dih.        LJ (SR)   Coulomb (SR)
    3.30594e+01    2.20169e+01    3.77143e+00   -1.76759e+04   -1.05650e+02
 Position Rest.      Potential    Kinetic En.   Total Energy  Conserved En.
    4.94255e+01   -1.76733e+04    2.65657e+03   -1.50167e+04   -1.76172e+04
    Temperature Pressure (bar)
    3.11415e+02   -1.11630e+02

           Step           Time
          16000       32.00000

   Energies (kJ/mol)
           Bond       G96Angle  Improper Dih.        LJ (SR)   Coulomb (SR)
    3.00677e+01    1.95228e+01    8.78738e+00   -1.77348e+04   -9.45916e+01
 Position Rest.      Potential    Kinetic En.   Total Energy  Conserved En.
    3.70566e+01   -1.77340e+04    2.61314e+03   -1.51208e+04   -1.76469e+04
    Temperature Pressure (bar)
    3.06324e+02   -1.24135e+02

           Step           Time
          17000       34.00000

   Energies (kJ/mol)
           Bond       G96Angle  Improper Dih.        LJ (SR)   Coulomb (SR)
    3.48730e+01    2.46690e+01    1.03731e+01   -1.78062e+04   -1.01578e+02
 Position Rest.      Potential    Kinetic En.   Total Energy  Conserved En.
    4.11580e+01   -1.77967e+04    2.63825e+03   -1.51585e+04   -1.76668e+04
    Temperature Pressure (bar)
    3.09267e+02   -1.04984e+02

           Step           Time
          18000       36.00000

   Energies (kJ/mol)
           Bond       G96Angle  Improper Dih.        LJ (SR)   Coulomb (SR)
    3.72812e+01    2.17290e+01    9.06618e+00   -1.77426e+04   -1.02124e+02
 Position Rest.      Potential    Kinetic En.   Total Energy  Conserved En.
    5.39156e+01   -1.77228e+04    2.54108e+03   -1.51817e+04   -1.76932e+04
    Temperature Pressure (bar)
    2.97877e+02   -1.78871e+01

           Step           Time
          19000       38.00000

   Energies (kJ/mol)
           Bond       G96Angle  Improper Dih.        LJ (SR)   Coulomb (SR)
    4.77173e+01    2.94059e+01    7.76626e+00   -1.77163e+04   -1.06823e+02
 Position Rest.      Potential    Kinetic En.   Total Energy  Conserved En.
    5.57692e+01   -1.76824e+04    2.56240e+03   -1.51200e+04   -1.77185e+04
    Temperature Pressure (bar)
    3.00376e+02    6.56134e+01

           Step           Time
          20000       40.00000

   Energies (kJ/mol)
           Bond       G96Angle  Improper Dih.        LJ (SR)   Coulomb (SR)
    5.91061e+01    2.86424e+01    6.84325e+00   -1.76446e+04   -1.05673e+02
 Position Rest.      Potential    Kinetic En.   Total Energy  Conserved En.
    5.32622e+01   -1.76024e+04    2.61848e+03   -1.49839e+04   -1.77536e+04
    Temperature Pressure (bar)
    3.06950e+02    9.94350e+01

           Step           Time
          21000       42.00000

   Energies (kJ/mol)
           Bond       G96Angle  Improper Dih.        LJ (SR)   Coulomb (SR)
    3.62643e+01    1.81216e+01    4.82568e+00   -1.77823e+04   -1.09709e+02
 Position Rest.      Potential    Kinetic En.   Total Energy  Conserved En.
    4.94941e+01   -1.77833e+04    2.61712e+03   -1.51662e+04   -1.77667e+04
    Temperature Pressure (bar)
    3.06790e+02   -8.70949e+01

           Step           Time
          22000       44.00000

   Energies (kJ/mol)
           Bond       G96Angle  Improper Dih.        LJ (SR)   Coulomb (SR)
    3.81253e+01    2.63117e+01    8.32823e+00   -1.77250e+04   -1.13677e+02
 Position Rest.      Potential    Kinetic En.   Total Energy  Conserved En.
    5.79830e+01   -1.77079e+04    2.49740e+03   -1.52105e+04   -1.77909e+04
    Temperature Pressure (bar)
    2.92757e+02    1.52110e+01

           Step           Time
          23000       46.00000

   Energies (kJ/mol)
           Bond       G96Angle  Improper Dih.        LJ (SR)   Coulomb (SR)
    3.10694e+01    2.86037e+01    5.28837e+00   -1.77753e+04   -1.02428e+02
 Position Rest.      Potential    Kinetic En.   Total Energy  Conserved En.
    5.84951e+01   -1.77542e+04    2.60919e+03   -1.51451e+04   -1.78179e+04
    Temperature Pressure (bar)
    3.05861e+02    3.64907e+01

           Step           Time
          24000       48.00000

   Energies (kJ/mol)
           Bond       G96Angle  Improper Dih.        LJ (SR)   Coulomb (SR)
    3.09095e+01    2.69310e+01    1.03728e+01   -1.75949e+04   -1.11542e+02
 Position Rest.      Potential    Kinetic En.   Total Energy  Conserved En.
    4.96522e+01   -1.75886e+04    2.41791e+03   -1.51706e+04   -1.78566e+04
    Temperature Pressure (bar)
    2.83438e+02    6.84798e+01

           Step           Time
          25000       50.00000

   Energies (kJ/mol)
           Bond       G96Angle  Improper Dih.        LJ (SR)   Coulomb (SR)
    4.33313e+01    2.61016e+01    9.74831e+00   -1.76975e+04   -1.13407e+02
 Position Rest.      Potential    Kinetic En.   Total Energy  Conserved En.
    6.21952e+01   -1.76695e+04    2.52684e+03   -1.51427e+04   -1.78768e+04
    Temperature Pressure (bar)
    2.96208e+02    3.41808e+00

           Step           Time
          26000       52.00000

   Energies (kJ/mol)
           Bond       G96Angle  Improper Dih.        LJ (SR)   Coulomb (SR)
    4.54923e+01    2.19658e+01    1.42173e+01   -1.78225e+04   -1.13644e+02
 Position Rest.      Potential    Kinetic En.   Total Energy  Conserved En.
    5.93819e+01   -1.77951e+04    2.43575e+03   -1.53594e+04   -1.79113e+04
    Temperature Pressure (bar)
    2.85529e+02   -9.79639e+01

           Step           Time
          27000       54.00000

   Energies (kJ/mol)
           Bond       G96Angle  Improper Dih.        LJ (SR)   Coulomb (SR)
    3.53364e+01    2.17494e+01    1.33241e+01   -1.78978e+04   -1.17980e+02
 Position Rest.      Potential    Kinetic En.   Total Energy  Conserved En.
    4.80482e+01   -1.78973e+04    2.50603e+03   -1.53913e+04   -1.79387e+04
    Temperature Pressure (bar)
    2.93768e+02   -1.63374e+02

           Step           Time
          28000       56.00000

   Energies (kJ/mol)
           Bond       G96Angle  Improper Dih.        LJ (SR)   Coulomb (SR)
    2.02469e+01    2.37517e+01    6.46649e+00   -1.77114e+04   -1.16051e+02
 Position Rest.      Potential    Kinetic En.   Total Energy  Conserved En.
    6.42333e+01   -1.77128e+04    2.42404e+03   -1.52888e+04   -1.79545e+04
    Temperature Pressure (bar)
    2.84157e+02    1.88866e+02

           Step           Time
          29000       58.00000

   Energies (kJ/mol)
           Bond       G96Angle  Improper Dih.        LJ (SR)   Coulomb (SR)
    3.67618e+01    2.54165e+01    2.93413e+00   -1.78943e+04   -1.16190e+02
 Position Rest.      Potential    Kinetic En.   Total Energy  Conserved En.
    6.59415e+01   -1.78794e+04    2.64050e+03   -1.52389e+04   -1.79979e+04
    Temperature Pressure (bar)
    3.09531e+02   -2.25777e+02

           Step           Time
          30000       60.00000

   Energies (kJ/mol)
           Bond       G96Angle  Improper Dih.        LJ (SR)   Coulomb (SR)
    4.15628e+01    1.98089e+01    6.53977e+00   -1.79114e+04   -1.16191e+02
 Position Rest.      Potential    Kinetic En.   Total Energy  Conserved En.
    5.78841e+01   -1.79018e+04    2.70910e+03   -1.51927e+04   -1.80146e+04
    Temperature Pressure (bar)
    3.17573e+02   -1.96211e+02

           Step           Time
          31000       62.00000

   Energies (kJ/mol)
           Bond       G96Angle  Improper Dih.        LJ (SR)   Coulomb (SR)
    2.83800e+01    2.63128e+01    1.21769e+01   -1.79293e+04   -1.23500e+02
 Position Rest.      Potential    Kinetic En.   Total Energy  Conserved En.
    4.94492e+01   -1.79365e+04    2.64439e+03   -1.52921e+04   -1.80446e+04
    Temperature Pressure (bar)
    3.09987e+02   -1.02964e+02

           Step           Time
          32000       64.00000

   Energies (kJ/mol)
           Bond       G96Angle  Improper Dih.        LJ (SR)   Coulomb (SR)
    5.39724e+01    1.86457e+01    1.43274e+01   -1.77228e+04   -1.20518e+02
 Position Rest.      Potential    Kinetic En.   Total Energy  Conserved En.
    5.55049e+01   -1.77009e+04    2.59825e+03   -1.51027e+04   -1.80668e+04
    Temperature Pressure (bar)
    3.04579e+02    6.34108e+01

           Step           Time
          33000       66.00000

   Energies (kJ/mol)
           Bond       G96Angle  Improper Dih.        LJ (SR)   Coulomb (SR)
    2.63965e+01    2.98120e+01    5.56491e+00   -1.75705e+04   -1.27944e+02
 Position Rest.      Potential    Kinetic En.   Total Energy  Conserved En.
    6.95859e+01   -1.75671e+04    2.48455e+03   -1.50825e+04   -1.80939e+04
    Temperature Pressure (bar)
    2.91250e+02    1.74000e+02

           Step           Time
          34000       68.00000

   Energies (kJ/mol)
           Bond       G96Angle  Improper Dih.        LJ (SR)   Coulomb (SR)
    5.69677e+01    2.67404e+01    1.33198e+01   -1.76193e+04   -1.27204e+02
 Position Rest.      Potential    Kinetic En.   Total Energy  Conserved En.
    7.44580e+01   -1.75750e+04    2.61212e+03   -1.49629e+04   -1.81159e+04
    Temperature Pressure (bar)
    3.06205e+02    1.83879e+02

           Step           Time
          35000       70.00000

   Energies (kJ/mol)
           Bond       G96Angle  Improper Dih.        LJ (SR)   Coulomb (SR)
    5.28385e+01    2.27539e+01    7.45596e+00   -1.77137e+04   -1.29685e+02
 Position Rest.      Potential    Kinetic En.   Total Energy  Conserved En.
    4.18430e+01   -1.77185e+04    2.64179e+03   -1.50767e+04   -1.81389e+04
    Temperature Pressure (bar)
    3.09683e+02   -8.73854e+00

           Step           Time
          36000       72.00000

   Energies (kJ/mol)
           Bond       G96Angle  Improper Dih.        LJ (SR)   Coulomb (SR)
    3.03770e+01    1.61493e+01    6.82908e+00   -1.76218e+04   -1.23433e+02
 Position Rest.      Potential    Kinetic En.   Total Energy  Conserved En.
    5.65507e+01   -1.76353e+04    2.35834e+03   -1.52770e+04   -1.81693e+04
    Temperature Pressure (bar)
    2.76455e+02    1.65222e+02

           Step           Time
          37000       74.00000

   Energies (kJ/mol)
           Bond       G96Angle  Improper Dih.        LJ (SR)   Coulomb (SR)
    3.58929e+01    3.37941e+01    8.15094e+00   -1.78313e+04   -1.30060e+02
 Position Rest.      Potential    Kinetic En.   Total Energy  Conserved En.
    6.73094e+01   -1.78162e+04    2.55036e+03   -1.52659e+04   -1.81934e+04
    Temperature Pressure (bar)
    2.98964e+02   -1.38835e+02

           Step           Time
          38000       76.00000

   Energies (kJ/mol)
           Bond       G96Angle  Improper Dih.        LJ (SR)   Coulomb (SR)
    2.58987e+01    2.75114e+01    5.45062e+00   -1.77711e+04   -1.19935e+02
 Position Rest.      Potential    Kinetic En.   Total Energy  Conserved En.
    5.20428e+01   -1.77801e+04    2.57501e+03   -1.52051e+04   -1.82148e+04
    Temperature Pressure (bar)
    3.01854e+02    4.99720e+01

           Step           Time
          39000       78.00000

   Energies (kJ/mol)
           Bond       G96Angle  Improper Dih.        LJ (SR)   Coulomb (SR)
    2.72651e+01    2.01030e+01    6.79228e+00   -1.78917e+04   -1.18359e+02
 Position Rest.      Potential    Kinetic En.   Total Energy  Conserved En.
    6.40537e+01   -1.78919e+04    2.65883e+03   -1.52330e+04   -1.82441e+04
    Temperature Pressure (bar)
    3.11680e+02   -1.93404e+02

           Step           Time
          40000       80.00000

   Energies (kJ/mol)
           Bond       G96Angle  Improper Dih.        LJ (SR)   Coulomb (SR)
    3.80792e+01    2.52828e+01    9.40292e+00   -1.78735e+04   -1.18607e+02
 Position Rest.      Potential    Kinetic En.   Total Energy  Conserved En.
    7.40632e+01   -1.78453e+04    2.66496e+03   -1.51804e+04   -1.82717e+04
    Temperature Pressure (bar)
    3.12398e+02   -1.78949e+02

           Step           Time
          41000       82.00000

   Energies (kJ/mol)
           Bond       G96Angle  Improper Dih.        LJ (SR)   Coulomb (SR)
    4.93416e+01    1.83353e+01    1.94352e+01   -1.77582e+04   -1.21683e+02
 Position Rest.      Potential    Kinetic En.   Total Energy  Conserved En.
    7.25925e+01   -1.77202e+04    2.58902e+03   -1.51312e+04   -1.83101e+04
    Temperature Pressure (bar)
    3.03496e+02    1.38940e+02

           Step           Time
          42000       84.00000

   Energies (kJ/mol)
           Bond       G96Angle  Improper Dih.        LJ (SR)   Coulomb (SR)
    4.70105e+01    2.72619e+01    6.33818e+00   -1.76924e+04   -1.25096e+02
 Position Rest.      Potential    Kinetic En.   Total Energy  Conserved En.
    5.32783e+01   -1.76836e+04    2.56786e+03   -1.51157e+04   -1.83441e+04
    Temperature Pressure (bar)
    3.01016e+02    1.14023e+02

           Step           Time
          43000       86.00000

   Energies (kJ/mol)
           Bond       G96Angle  Improper Dih.        LJ (SR)   Coulomb (SR)
    3.66757e+01    2.69494e+01    6.91496e+00   -1.77213e+04   -1.13750e+02
 Position Rest.      Potential    Kinetic En.   Total Energy  Conserved En.
    4.44733e+01   -1.77200e+04    2.75613e+03   -1.49639e+04   -1.83684e+04
    Temperature Pressure (bar)
    3.23086e+02    1.02637e+02

           Step           Time
          44000       88.00000

   Energies (kJ/mol)
           Bond       G96Angle  Improper Dih.        LJ (SR)   Coulomb (SR)
    4.81329e+01    3.71038e+01    7.93182e+00   -1.77842e+04   -1.25496e+02
 Position Rest.      Potential    Kinetic En.   Total Energy  Conserved En.
    5.70133e+01   -1.77595e+04    2.55379e+03   -1.52057e+04   -1.84008e+04
    Temperature Pressure (bar)
    2.99367e+02   -9.41615e+01

           Step           Time
          45000       90.00000

   Energies (kJ/mol)
           Bond       G96Angle  Improper Dih.        LJ (SR)   Coulomb (SR)
    3.08858e+01    2.22442e+01    1.07427e+01   -1.77176e+04   -1.19741e+02
 Position Rest.      Potential    Kinetic En.   Total Energy  Conserved En.
    5.41605e+01   -1.77193e+04    2.65737e+03   -1.50619e+04   -1.84319e+04
    Temperature Pressure (bar)
    3.11509e+02    3.05443e+01

           Step           Time
          46000       92.00000

   Energies (kJ/mol)
           Bond       G96Angle  Improper Dih.        LJ (SR)   Coulomb (SR)
    4.74304e+01    2.92691e+01    4.07827e+00   -1.75224e+04   -1.17963e+02
 Position Rest.      Potential    Kinetic En.   Total Energy  Conserved En.
    7.14366e+01   -1.74881e+04    2.55677e+03   -1.49314e+04   -1.84547e+04
    Temperature Pressure (bar)
    2.99716e+02    1.89705e+02

           Step           Time
          47000       94.00000

   Energies (kJ/mol)
           Bond       G96Angle  Improper Dih.        LJ (SR)   Coulomb (SR)
    4.77195e+01    2.22319e+01    6.98851e+00   -1.77216e+04   -1.11882e+02
 Position Rest.      Potential    Kinetic En.   Total Energy  Conserved En.
    6.76782e+01   -1.76889e+04    2.76890e+03   -1.49200e+04   -1.84909e+04
    Temperature Pressure (bar)
    3.24583e+02   -1.21843e+02

           Step           Time
          48000       96.00000

   Energies (kJ/mol)
           Bond       G96Angle  Improper Dih.        LJ (SR)   Coulomb (SR)
    3.80175e+01    3.72962e+01    1.10960e+01   -1.76141e+04   -1.11774e+02
 Position Rest.      Potential    Kinetic En.   Total Energy  Conserved En.
    5.73322e+01   -1.75822e+04    2.76880e+03   -1.48134e+04   -1.85226e+04
    Temperature Pressure (bar)
    3.24572e+02    1.82860e+02

           Step           Time
          49000       98.00000

   Energies (kJ/mol)
           Bond       G96Angle  Improper Dih.        LJ (SR)   Coulomb (SR)
    3.55683e+01    1.66647e+01    4.87360e+00   -1.78013e+04   -1.08751e+02
 Position Rest.      Potential    Kinetic En.   Total Energy  Conserved En.
    3.91504e+01   -1.78138e+04    2.68723e+03   -1.51265e+04   -1.85399e+04
    Temperature Pressure (bar)
    3.15009e+02   -1.26359e+02

           Step           Time
          50000      100.00000

   Energies (kJ/mol)
           Bond       G96Angle  Improper Dih.        LJ (SR)   Coulomb (SR)
    4.10299e+01    2.70210e+01    5.24214e+00   -1.76827e+04   -1.05796e+02
 Position Rest.      Potential    Kinetic En.   Total Energy  Conserved En.
    7.59160e+01   -1.76393e+04    2.53940e+03   -1.50999e+04   -1.85687e+04
    Temperature Pressure (bar)
    2.97680e+02    1.76230e+01

           Step           Time
          51000      102.00000

   Energies (kJ/mol)
           Bond       G96Angle  Improper Dih.        LJ (SR)   Coulomb (SR)
    5.30506e+01    3.23397e+01    9.32780e+00   -1.76002e+04   -1.11708e+02
 Position Rest.      Potential    Kinetic En.   Total Energy  Conserved En.
    6.26215e+01   -1.75545e+04    2.64308e+03   -1.49114e+04   -1.86018e+04
    Temperature Pressure (bar)
    3.09834e+02    1.04748e+02

           Step           Time
          52000      104.00000

   Energies (kJ/mol)
           Bond       G96Angle  Improper Dih.        LJ (SR)   Coulomb (SR)
    3.81172e+01    1.77838e+01    6.27124e+00   -1.76990e+04   -1.10975e+02
 Position Rest.      Potential    Kinetic En.   Total Energy  Conserved En.
    4.96472e+01   -1.76982e+04    2.61786e+03   -1.50803e+04   -1.86238e+04
    Temperature Pressure (bar)
    3.06877e+02   -1.12749e+02

           Step           Time
          53000      106.00000

   Energies (kJ/mol)
           Bond       G96Angle  Improper Dih.        LJ (SR)   Coulomb (SR)
    2.41902e+01    2.61652e+01    9.82780e+00   -1.77150e+04   -1.09147e+02
 Position Rest.      Potential    Kinetic En.   Total Energy  Conserved En.
    4.79210e+01   -1.77161e+04    2.61473e+03   -1.51013e+04   -1.86456e+04
    Temperature Pressure (bar)
    3.06511e+02   -5.65516e+01

           Step           Time
          54000      108.00000

   Energies (kJ/mol)
           Bond       G96Angle  Improper Dih.        LJ (SR)   Coulomb (SR)
    3.56174e+01    2.57540e+01    4.16224e+00   -1.76694e+04   -1.13081e+02
 Position Rest.      Potential    Kinetic En.   Total Energy  Conserved En.
    5.52733e+01   -1.76616e+04    2.65455e+03   -1.50071e+04   -1.86693e+04
    Temperature Pressure (bar)
    3.11179e+02   -1.40840e+01

           Step           Time
          55000      110.00000

   Energies (kJ/mol)
           Bond       G96Angle  Improper Dih.        LJ (SR)   Coulomb (SR)
    4.10821e+01    2.13840e+01    8.96113e+00   -1.76281e+04   -1.17220e+02
 Position Rest.      Potential    Kinetic En.   Total Energy  Conserved En.
    6.48653e+01   -1.76091e+04    2.53056e+03   -1.50785e+04   -1.86937e+04
    Temperature Pressure (bar)
    2.96643e+02   -5.05865e+01

           Step           Time
          56000      112.00000

   Energies (kJ/mol)
           Bond       G96Angle  Improper Dih.        LJ (SR)   Coulomb (SR)
    2.59473e+01    2.84703e+01    3.28160e+00   -1.75999e+04   -1.23419e+02
 Position Rest.      Potential    Kinetic En.   Total Energy  Conserved En.
    4.76134e+01   -1.76180e+04    2.65419e+03   -1.49638e+04   -1.87190e+04
    Temperature Pressure (bar)
    3.11137e+02    1.77889e+01

           Step           Time
          57000      114.00000

   Energies (kJ/mol)
           Bond       G96Angle  Improper Dih.        LJ (SR)   Coulomb (SR)
    6.34703e+01    2.16946e+01    1.28768e+01   -1.76230e+04   -1.24639e+02
 Position Rest.      Potential    Kinetic En.   Total Energy  Conserved En.
    5.89958e+01   -1.75906e+04    2.48127e+03   -1.51093e+04   -1.86770e+04
    Temperature Pressure (bar)
    2.90865e+02   -1.67066e+01

           Step           Time
          58000      116.00000

   Energies (kJ/mol)
           Bond       G96Angle  Improper Dih.        LJ (SR)   Coulomb (SR)
    3.56482e+01    1.68019e+01    1.35709e+01   -1.76416e+04   -1.23107e+02
 Position Rest.      Potential    Kinetic En.   Total Energy  Conserved En.
    6.09245e+01   -1.76378e+04    2.63346e+03   -1.50043e+04   -1.86944e+04
    Temperature Pressure (bar)
    3.08706e+02    6.73107e+01

           Step           Time
          59000      118.00000

   Energies (kJ/mol)
           Bond       G96Angle  Improper Dih.        LJ (SR)   Coulomb (SR)
    4.20929e+01    2.47072e+01    7.58271e+00   -1.77703e+04   -1.15331e+02
 Position Rest.      Potential    Kinetic En.   Total Energy  Conserved En.
    5.00420e+01   -1.77612e+04    2.69218e+03   -1.50691e+04   -1.87174e+04
    Temperature Pressure (bar)
    3.15589e+02   -1.20832e+02

           Step           Time
          60000      120.00000

   Energies (kJ/mol)
           Bond       G96Angle  Improper Dih.        LJ (SR)   Coulomb (SR)
    3.97763e+01    2.57375e+01    7.45890e+00   -1.76307e+04   -1.20139e+02
 Position Rest.      Potential    Kinetic En.   Total Energy  Conserved En.
    5.15171e+01   -1.76264e+04    2.61692e+03   -1.50095e+04   -1.87500e+04
    Temperature Pressure (bar)
    3.06767e+02    9.51061e+01

           Step           Time
          61000      122.00000

   Energies (kJ/mol)
           Bond       G96Angle  Improper Dih.        LJ (SR)   Coulomb (SR)
    3.91899e+01    2.09939e+01    5.23324e+00   -1.77117e+04   -1.16863e+02
 Position Rest.      Potential    Kinetic En.   Total Energy  Conserved En.
    4.18057e+01   -1.77214e+04    2.61696e+03   -1.51044e+04   -1.87782e+04
    Temperature Pressure (bar)
    3.06771e+02   -3.67326e+01

           Step           Time
          62000      124.00000

   Energies (kJ/mol)
           Bond       G96Angle  Improper Dih.        LJ (SR)   Coulomb (SR)
    4.72425e+01    2.34339e+01    1.01737e+01   -1.78134e+04   -1.08296e+02
 Position Rest.      Potential    Kinetic En.   Total Energy  Conserved En.
    6.43518e+01   -1.77765e+04    2.57460e+03   -1.52019e+04   -1.88049e+04
    Temperature Pressure (bar)
    3.01806e+02   -1.20767e+02

           Step           Time
          63000      126.00000

   Energies (kJ/mol)
           Bond       G96Angle  Improper Dih.        LJ (SR)   Coulomb (SR)
    3.63721e+01    2.36097e+01    7.84153e+00   -1.77219e+04   -1.09489e+02
 Position Rest.      Potential    Kinetic En.   Total Energy  Conserved En.
    4.53775e+01   -1.77182e+04    2.62588e+03   -1.50923e+04   -1.88344e+04
    Temperature Pressure (bar)
    3.07818e+02    1.24747e+02

           Step           Time
          64000      128.00000

   Energies (kJ/mol)
           Bond       G96Angle  Improper Dih.        LJ (SR)   Coulomb (SR)
    4.04414e+01    1.67993e+01    8.55229e+00   -1.76908e+04   -1.18252e+02
 Position Rest.      Potential    Kinetic En.   Total Energy  Conserved En.
    5.20373e+01   -1.76912e+04    2.48151e+03   -1.52097e+04   -1.88743e+04
    Temperature Pressure (bar)
    2.90894e+02    6.41877e+01

           Step           Time
          65000      130.00000

   Energies (kJ/mol)
           Bond       G96Angle  Improper Dih.        LJ (SR)   Coulomb (SR)
    3.27149e+01    2.65988e+01    7.55358e+00   -1.78264e+04   -1.12037e+02
 Position Rest.      Potential    Kinetic En.   Total Energy  Conserved En.
    5.81950e+01   -1.78134e+04    2.60997e+03   -1.52034e+04   -1.89257e+04
    Temperature Pressure (bar)
    3.05953e+02   -9.95448e+01

           Step           Time
          66000      132.00000

   Energies (kJ/mol)
           Bond       G96Angle  Improper Dih.        LJ (SR)   Coulomb (SR)
    2.88293e+01    1.90856e+01    1.75712e+01   -1.77110e+04   -1.05015e+02
 Position Rest.      Potential    Kinetic En.   Total Energy  Conserved En.
    4.48031e+01   -1.77058e+04    2.60223e+03   -1.51035e+04   -1.89457e+04
    Temperature Pressure (bar)
    3.05045e+02   -9.84917e+01

           Step           Time
          67000      134.00000

   Energies (kJ/mol)
           Bond       G96Angle  Improper Dih.        LJ (SR)   Coulomb (SR)
    2.41593e+01    2.03956e+01    1.42304e+01   -1.77963e+04   -1.06847e+02
 Position Rest.      Potential    Kinetic En.   Total Energy  Conserved En.
    7.02844e+01   -1.77741e+04    2.69938e+03   -1.50747e+04   -1.89804e+04
    Temperature Pressure (bar)
    3.16434e+02   -5.75463e+01

           Step           Time
          68000      136.00000

   Energies (kJ/mol)
           Bond       G96Angle  Improper Dih.        LJ (SR)   Coulomb (SR)
    4.13342e+01    2.56711e+01    1.02484e+01   -1.76910e+04   -1.07440e+02
 Position Rest.      Potential    Kinetic En.   Total Energy  Conserved En.
    6.82448e+01   -1.76529e+04    2.56915e+03   -1.50838e+04   -1.90017e+04
    Temperature Pressure (bar)
    3.01167e+02    9.47209e+00

           Step           Time
          69000      138.00000

   Energies (kJ/mol)
           Bond       G96Angle  Improper Dih.        LJ (SR)   Coulomb (SR)
    4.75653e+01    2.24137e+01    7.91661e+00   -1.77264e+04   -1.05022e+02
 Position Rest.      Potential    Kinetic En.   Total Energy  Conserved En.
    7.40216e+01   -1.76795e+04    2.60067e+03   -1.50789e+04   -1.90298e+04
    Temperature Pressure (bar)
    3.04863e+02    4.46344e+00

           Step           Time
          70000      140.00000

   Energies (kJ/mol)
           Bond       G96Angle  Improper Dih.        LJ (SR)   Coulomb (SR)
    5.52872e+01    2.57335e+01    7.49150e+00   -1.76322e+04   -1.05653e+02
 Position Rest.      Potential    Kinetic En.   Total Energy  Conserved En.
    6.70559e+01   -1.75823e+04    2.67371e+03   -1.49086e+04   -1.90558e+04
    Temperature Pressure (bar)
    3.13424e+02    1.22950e+02

           Step           Time
          71000      142.00000

   Energies (kJ/mol)
           Bond       G96Angle  Improper Dih.        LJ (SR)   Coulomb (SR)
    3.16992e+01    2.06512e+01    9.53131e+00   -1.77028e+04   -1.00337e+02
 Position Rest.      Potential    Kinetic En.   Total Energy  Conserved En.
    4.66827e+01   -1.76945e+04    2.66672e+03   -1.50278e+04   -1.90810e+04
    Temperature Pressure (bar)
    3.12605e+02   -3.78849e+01

           Step           Time
          72000      144.00000

   Energies (kJ/mol)
           Bond       G96Angle  Improper Dih.        LJ (SR)   Coulomb (SR)
    4.21636e+01    2.25213e+01    1.21683e+01   -1.77531e+04   -1.03760e+02
 Position Rest.      Potential    Kinetic En.   Total Energy  Conserved En.
    4.81958e+01   -1.77318e+04    2.45503e+03   -1.52768e+04   -1.90379e+04
    Temperature Pressure (bar)
    2.87790e+02   -6.24641e+01

           Step           Time
          73000      146.00000

   Energies (kJ/mol)
           Bond       G96Angle  Improper Dih.        LJ (SR)   Coulomb (SR)
    4.97195e+01    2.45195e+01    6.79284e+00   -1.76819e+04   -9.95170e+01
 Position Rest.      Potential    Kinetic En.   Total Energy  Conserved En.
    5.59495e+01   -1.76445e+04    2.67870e+03   -1.49658e+04   -1.90712e+04
    Temperature Pressure (bar)
    3.14010e+02   -1.70378e+01

           Step           Time
          74000      148.00000

   Energies (kJ/mol)
           Bond       G96Angle  Improper Dih.        LJ (SR)   Coulomb (SR)
    2.63387e+01    2.15304e+01    7.25821e+00   -1.77319e+04   -1.04198e+02
 Position Rest.      Potential    Kinetic En.   Total Energy  Conserved En.
    5.81772e+01   -1.77228e+04    2.49914e+03   -1.52237e+04   -1.91168e+04
    Temperature Pressure (bar)
    2.92960e+02   -6.67478e+01

           Step           Time
          75000      150.00000

   Energies (kJ/mol)
           Bond       G96Angle  Improper Dih.        LJ (SR)   Coulomb (SR)
    3.28103e+01    2.26274e+01    1.05202e+01   -1.76881e+04   -1.07969e+02
 Position Rest.      Potential    Kinetic En.   Total Energy  Conserved En.
    6.14755e+01   -1.76687e+04    2.64703e+03   -1.50216e+04   -1.91602e+04
    Temperature Pressure (bar)
    3.10297e+02    1.23822e+02

           Step           Time
          76000      152.00000

   Energies (kJ/mol)
           Bond       G96Angle  Improper Dih.        LJ (SR)   Coulomb (SR)
    3.12164e+01    2.72552e+01    1.26347e+01   -1.76392e+04   -1.08178e+02
 Position Rest.      Potential    Kinetic En.   Total Energy  Conserved En.
    7.82631e+01   -1.75980e+04    2.57677e+03   -1.50212e+04   -1.91813e+04
    Temperature Pressure (bar)
    3.02061e+02    1.31190e+02

           Step           Time
          77000      154.00000

   Energies (kJ/mol)
           Bond       G96Angle  Improper Dih.        LJ (SR)   Coulomb (SR)
    3.09906e+01    1.71311e+01    9.24495e+00   -1.75932e+04   -1.06013e+02
 Position Rest.      Potential    Kinetic En.   Total Energy  Conserved En.
    6.17766e+01   -1.75800e+04    2.59061e+03   -1.49894e+04   -1.92043e+04
    Temperature Pressure (bar)
    3.03683e+02    2.28323e+01

           Step           Time
          78000      156.00000

   Energies (kJ/mol)
           Bond       G96Angle  Improper Dih.        LJ (SR)   Coulomb (SR)
    3.58204e+01    2.63707e+01    8.30734e+00   -1.75390e+04   -1.04542e+02
 Position Rest.      Potential    Kinetic En.   Total Energy  Conserved En.
    6.86141e+01   -1.75044e+04    2.71595e+03   -1.47885e+04   -1.92379e+04
    Temperature Pressure (bar)
    3.18376e+02    1.24379e+02

           Step           Time
          79000      158.00000

   Energies (kJ/mol)
           Bond       G96Angle  Improper Dih.        LJ (SR)   Coulomb (SR)
    3.71880e+01    2.54997e+01    6.51351e+00   -1.76889e+04   -1.03783e+02
 Position Rest.      Potential    Kinetic En.   Total Energy  Conserved En.
    5.93061e+01   -1.76642e+04    2.53370e+03   -1.51305e+04   -1.92788e+04
    Temperature Pressure (bar)
    2.97011e+02   -9.53585e+01

           Step           Time
          80000      160.00000

   Energies (kJ/mol)
           Bond       G96Angle  Improper Dih.        LJ (SR)   Coulomb (SR)
    4.34283e+01    3.15970e+01    9.44439e+00   -1.76279e+04   -1.07512e+02
 Position Rest.      Potential    Kinetic En.   Total Energy  Conserved En.
    7.24760e+01   -1.75785e+04    2.67945e+03   -1.48991e+04   -1.93049e+04
    Temperature Pressure (bar)
    3.14098e+02    9.42677e+00

           Step           Time
          81000      162.00000

   Energies (kJ/mol)
           Bond       G96Angle  Improper Dih.        LJ (SR)   Coulomb (SR)
    5.23893e+01    2.88067e+01    1.32027e+01   -1.76508e+04   -1.13244e+02
 Position Rest.      Potential    Kinetic En.   Total Energy  Conserved En.
    7.79234e+01   -1.75917e+04    2.46456e+03   -1.51272e+04   -1.93328e+04
    Temperature Pressure (bar)
    2.88906e+02    2.53938e+01

           Step           Time
          82000      164.00000

   Energies (kJ/mol)
           Bond       G96Angle  Improper Dih.        LJ (SR)   Coulomb (SR)
    3.84959e+01    2.51850e+01    1.56463e+01   -1.76141e+04   -1.12675e+02
 Position Rest.      Potential    Kinetic En.   Total Energy  Conserved En.
    7.34668e+01   -1.75739e+04    2.46742e+03   -1.51065e+04   -1.93622e+04
    Temperature Pressure (bar)
    2.89242e+02    6.19237e+00

           Step           Time
          83000      166.00000

   Energies (kJ/mol)
           Bond       G96Angle  Improper Dih.        LJ (SR)   Coulomb (SR)
    3.59972e+01    2.30323e+01    5.39447e+00   -1.77833e+04   -1.13566e+02
 Position Rest.      Potential    Kinetic En.   Total Energy  Conserved En.
    5.34482e+01   -1.77790e+04    2.76832e+03   -1.50107e+04   -1.93815e+04
    Temperature Pressure (bar)
    3.24515e+02   -1.35321e+02

           Step           Time
          84000      168.00000

   Energies (kJ/mol)
           Bond       G96Angle  Improper Dih.        LJ (SR)   Coulomb (SR)
    3.86086e+01    2.11120e+01    6.53305e+00   -1.77568e+04   -1.18077e+02
 Position Rest.      Potential    Kinetic En.   Total Energy  Conserved En.
    6.53515e+01   -1.77433e+04    2.78062e+03   -1.49627e+04   -1.94038e+04
    Temperature Pressure (bar)
    3.25957e+02   -8.42524e+01

           Step           Time
          85000      170.00000

   Energies (kJ/mol)
           Bond       G96Angle  Improper Dih.        LJ (SR)   Coulomb (SR)
    3.33076e+01    2.88463e+01    3.42529e+00   -1.76455e+04   -1.11235e+02
 Position Rest.      Potential    Kinetic En.   Total Energy  Conserved En.
    5.54692e+01   -1.76357e+04    2.59180e+03   -1.50439e+04   -1.94298e+04
    Temperature Pressure (bar)
    3.03823e+02    5.44466e+01

           Step           Time
          86000      172.00000

   Energies (kJ/mol)
           Bond       G96Angle  Improper Dih.        LJ (SR)   Coulomb (SR)
    3.06061e+01    2.89387e+01    9.61605e+00   -1.77327e+04   -1.15283e+02
 Position Rest.      Potential    Kinetic En.   Total Energy  Conserved En.
    7.92461e+01   -1.76995e+04    2.39111e+03   -1.53084e+04   -1.94553e+04
    Temperature Pressure (bar)
    2.80296e+02   -3.19670e+00

           Step           Time
          87000      174.00000

   Energies (kJ/mol)
           Bond       G96Angle  Improper Dih.        LJ (SR)   Coulomb (SR)
    4.79606e+01    1.95558e+01    6.28554e+00   -1.78251e+04   -1.13643e+02
 Position Rest.      Potential    Kinetic En.   Total Energy  Conserved En.
    4.78736e+01   -1.78171e+04    2.67223e+03   -1.51449e+04   -1.94693e+04
    Temperature Pressure (bar)
    3.13250e+02   -5.77530e+01

           Step           Time
          88000      176.00000

   Energies (kJ/mol)
           Bond       G96Angle  Improper Dih.        LJ (SR)   Coulomb (SR)
    3.05530e+01    1.56849e+01    9.70980e+00   -1.78256e+04   -1.13389e+02
 Position Rest.      Potential    Kinetic En.   Total Energy  Conserved En.
    7.29208e+01   -1.78102e+04    2.53854e+03   -1.52716e+04   -1.95025e+04
    Temperature Pressure (bar)
    2.97579e+02   -1.03408e+02

           Step           Time
          89000      178.00000

   Energies (kJ/mol)
           Bond       G96Angle  Improper Dih.        LJ (SR)   Coulomb (SR)
    2.59628e+01    2.19160e+01    6.21723e+00   -1.76583e+04   -1.04321e+02
 Position Rest.      Potential    Kinetic En.   Total Energy  Conserved En.
    5.96919e+01   -1.76488e+04    2.66064e+03   -1.49882e+04   -1.95210e+04
    Temperature Pressure (bar)
    3.11892e+02    9.34771e+01

           Step           Time
          90000      180.00000

   Energies (kJ/mol)
           Bond       G96Angle  Improper Dih.        LJ (SR)   Coulomb (SR)
    2.36248e+01    1.60184e+01    5.69158e+00   -1.76366e+04   -1.16913e+02
 Position Rest.      Potential    Kinetic En.   Total Energy  Conserved En.
    5.59467e+01   -1.76522e+04    2.57029e+03   -1.50819e+04   -1.95505e+04
    Temperature Pressure (bar)
    3.01301e+02    7.13955e+01

           Step           Time
          91000      182.00000

   Energies (kJ/mol)
           Bond       G96Angle  Improper Dih.        LJ (SR)   Coulomb (SR)
    4.61281e+01    2.27487e+01    5.29963e+00   -1.76364e+04   -1.18898e+02
 Position Rest.      Potential    Kinetic En.   Total Energy  Conserved En.
    6.22952e+01   -1.76188e+04    2.61308e+03   -1.50057e+04   -1.95938e+04
    Temperature Pressure (bar)
    3.06318e+02    3.29107e+01

           Step           Time
          92000      184.00000

   Energies (kJ/mol)
           Bond       G96Angle  Improper Dih.        LJ (SR)   Coulomb (SR)
    4.38292e+01    2.18655e+01    9.32381e+00   -1.77347e+04   -1.32175e+02
 Position Rest.      Potential    Kinetic En.   Total Energy  Conserved En.
    4.71429e+01   -1.77447e+04    2.54102e+03   -1.52037e+04   -1.96088e+04
    Temperature Pressure (bar)
    2.97870e+02   -2.53423e+01

           Step           Time
          93000      186.00000

   Energies (kJ/mol)
           Bond       G96Angle  Improper Dih.        LJ (SR)   Coulomb (SR)
    4.72654e+01    1.95709e+01    9.49396e+00   -1.77865e+04   -1.33668e+02
 Position Rest.      Potential    Kinetic En.   Total Energy  Conserved En.
    4.70854e+01   -1.77967e+04    2.60264e+03   -1.51941e+04   -1.96449e+04
    Temperature Pressure (bar)
    3.05094e+02   -1.05861e+02

           Step           Time
          94000      188.00000

   Energies (kJ/mol)
           Bond       G96Angle  Improper Dih.        LJ (SR)   Coulomb (SR)
    2.78092e+01    2.42850e+01    1.01390e+01   -1.77389e+04   -1.36361e+02
 Position Rest.      Potential    Kinetic En.   Total Energy  Conserved En.
    6.96717e+01   -1.77434e+04    2.60499e+03   -1.51384e+04   -1.96716e+04
    Temperature Pressure (bar)
    3.05369e+02   -4.73446e+01

           Step           Time
          95000      190.00000

   Energies (kJ/mol)
           Bond       G96Angle  Improper Dih.        LJ (SR)   Coulomb (SR)
    3.98251e+01    1.77721e+01    1.38161e+01   -1.77327e+04   -1.37029e+02
 Position Rest.      Potential    Kinetic En.   Total Energy  Conserved En.
    4.58630e+01   -1.77525e+04    2.56597e+03   -1.51865e+04   -1.97009e+04
    Temperature Pressure (bar)
    3.00794e+02   -5.90441e+01

           Step           Time
          96000      192.00000

   Energies (kJ/mol)
           Bond       G96Angle  Improper Dih.        LJ (SR)   Coulomb (SR)
    3.65421e+01    3.26771e+01    8.10965e+00   -1.76555e+04   -1.30221e+02
 Position Rest.      Potential    Kinetic En.   Total Energy  Conserved En.
    5.67141e+01   -1.76517e+04    2.51866e+03   -1.51330e+04   -1.97208e+04
    Temperature Pressure (bar)
    2.95249e+02   -3.16539e+01

           Step           Time
          97000      194.00000

   Energies (kJ/mol)
           Bond       G96Angle  Improper Dih.        LJ (SR)   Coulomb (SR)
    6.15006e+01    3.35841e+01    5.11629e+00   -1.76256e+04   -1.32915e+02
 Position Rest.      Potential    Kinetic En.   Total Energy  Conserved En.
    7.84268e+01   -1.75799e+04    2.61699e+03   -1.49629e+04   -1.95483e+04
    Temperature Pressure (bar)
    3.06775e+02    1.61798e+01

           Step           Time
          98000      196.00000

   Energies (kJ/mol)
           Bond       G96Angle  Improper Dih.        LJ (SR)   Coulomb (SR)
    3.57889e+01    2.60745e+01    6.70613e+00   -1.76997e+04   -1.26915e+02
 Position Rest.      Potential    Kinetic En.   Total Energy  Conserved En.
    6.24286e+01   -1.76956e+04    2.71525e+03   -1.49804e+04   -1.95736e+04
    Temperature Pressure (bar)
    3.18293e+02    5.86241e+01

           Step           Time
          99000      198.00000

   Energies (kJ/mol)
           Bond       G96Angle  Improper Dih.        LJ (SR)   Coulomb (SR)
    3.55056e+01    2.93205e+01    6.15486e+00   -1.76360e+04   -1.20971e+02
 Position Rest.      Potential    Kinetic En.   Total Energy  Conserved En.
    5.46658e+01   -1.76313e+04    2.63493e+03   -1.49964e+04   -1.95979e+04
    Temperature Pressure (bar)
    3.08878e+02    2.23935e+01

           Step           Time
         100000      200.00000

   Energies (kJ/mol)
           Bond       G96Angle  Improper Dih.        LJ (SR)   Coulomb (SR)
    3.71659e+01    2.10012e+01    8.21784e+00   -1.77753e+04   -1.25906e+02
 Position Rest.      Potential    Kinetic En.   Total Energy  Conserved En.
    8.24637e+01   -1.77524e+04    2.47477e+03   -1.52776e+04   -1.96220e+04
    Temperature Pressure (bar)
    2.90103e+02    3.59288e+01

           Step           Time
         101000      202.00000

   Energies (kJ/mol)
           Bond       G96Angle  Improper Dih.        LJ (SR)   Coulomb (SR)
    2.21135e+01    2.45025e+01    8.20230e+00   -1.76253e+04   -1.31704e+02
 Position Rest.      Potential    Kinetic En.   Total Energy  Conserved En.
    3.73803e+01   -1.76648e+04    2.63646e+03   -1.50284e+04   -1.96416e+04
    Temperature Pressure (bar)
    3.09058e+02    1.63224e+02

           Step           Time
         102000      204.00000

   Energies (kJ/mol)
           Bond       G96Angle  Improper Dih.        LJ (SR)   Coulomb (SR)
    2.72249e+01    2.41388e+01    8.17370e+00   -1.76672e+04   -1.30400e+02
 Position Rest.      Potential    Kinetic En.   Total Energy  Conserved En.
    5.62563e+01   -1.76818e+04    2.70638e+03   -1.49754e+04   -1.96574e+04
    Temperature Pressure (bar)
    3.17254e+02   -3.88465e+00

           Step           Time
         103000      206.00000

   Energies (kJ/mol)
           Bond       G96Angle  Improper Dih.        LJ (SR)   Coulomb (SR)
    3.04552e+01    1.74334e+01    9.38511e+00   -1.77208e+04   -1.24891e+02
 Position Rest.      Potential    Kinetic En.   Total Energy  Conserved En.
    5.10421e+01   -1.77374e+04    2.64937e+03   -1.50880e+04   -1.96914e+04
    Temperature Pressure (bar)
    3.10571e+02   -6.38100e+01

           Step           Time
         104000      208.00000

   Energies (kJ/mol)
           Bond       G96Angle  Improper Dih.        LJ (SR)   Coulomb (SR)
    3.27929e+01    2.87061e+01    8.75767e+00   -1.77392e+04   -1.30472e+02
 Position Rest.      Potential    Kinetic En.   Total Energy  Conserved En.
    5.52228e+01   -1.77442e+04    2.67507e+03   -1.50692e+04   -1.97316e+04
    Temperature Pressure (bar)
    3.13584e+02   -4.88253e+01

           Step           Time
         105000      210.00000

   Energies (kJ/mol)
           Bond       G96Angle  Improper Dih.        LJ (SR)   Coulomb (SR)
    2.85181e+01    1.71410e+01    1.61537e+01   -1.76982e+04   -1.30378e+02
 Position Rest.      Potential    Kinetic En.   Total Energy  Conserved En.
    6.18103e+01   -1.77049e+04    2.46312e+03   -1.52418e+04   -1.97566e+04
    Temperature Pressure (bar)
    2.88738e+02    5.68267e+01

           Step           Time
         106000      212.00000

   Energies (kJ/mol)
           Bond       G96Angle  Improper Dih.        LJ (SR)   Coulomb (SR)
    3.80336e+01    1.98686e+01    7.97357e+00   -1.77199e+04   -1.30432e+02
 Position Rest.      Potential    Kinetic En.   Total Energy  Conserved En.
    6.57112e+01   -1.77188e+04    2.65512e+03   -1.50636e+04   -1.97860e+04
    Temperature Pressure (bar)
    3.11246e+02    1.12105e+02

           Step           Time
         107000      214.00000

   Energies (kJ/mol)
           Bond       G96Angle  Improper Dih.        LJ (SR)   Coulomb (SR)
    4.87985e+01    1.77362e+01    8.32220e+00   -1.78504e+04   -1.18523e+02
 Position Rest.      Potential    Kinetic En.   Total Energy  Conserved En.
    3.86736e+01   -1.78554e+04    2.69880e+03   -1.51566e+04   -1.98185e+04
    Temperature Pressure (bar)
    3.16366e+02   -3.28271e+01

           Step           Time
         108000      216.00000

   Energies (kJ/mol)
           Bond       G96Angle  Improper Dih.        LJ (SR)   Coulomb (SR)
    3.35538e+01    2.23910e+01    7.86641e+00   -1.77600e+04   -1.19562e+02
 Position Rest.      Potential    Kinetic En.   Total Energy  Conserved En.
    6.81115e+01   -1.77477e+04    2.58553e+03   -1.51621e+04   -1.98372e+04
    Temperature Pressure (bar)
    3.03087e+02    7.92837e+00

           Step           Time
         109000      218.00000

   Energies (kJ/mol)
           Bond       G96Angle  Improper Dih.        LJ (SR)   Coulomb (SR)
    5.91136e+01    1.80454e+01    6.81556e+00   -1.77582e+04   -1.20286e+02
 Position Rest.      Potential    Kinetic En.   Total Energy  Conserved En.
    5.97920e+01   -1.77347e+04    2.69453e+03   -1.50402e+04   -1.98734e+04
    Temperature Pressure (bar)
    3.15866e+02   -2.16607e+01

           Step           Time
         110000      220.00000

   Energies (kJ/mol)
           Bond       G96Angle  Improper Dih.        LJ (SR)   Coulomb (SR)
    3.30660e+01    2.21293e+01    1.34024e+01   -1.78778e+04   -1.29403e+02
 Position Rest.      Potential    Kinetic En.   Total Energy  Conserved En.
    7.03459e+01   -1.78683e+04    2.55111e+03   -1.53172e+04   -1.98984e+04
    Temperature Pressure (bar)
    2.99053e+02   -1.70131e+02

           Step           Time
         111000      222.00000

   Energies (kJ/mol)
           Bond       G96Angle  Improper Dih.        LJ (SR)   Coulomb (SR)
    3.10513e+01    2.33185e+01    1.20115e+01   -1.77804e+04   -1.26847e+02
 Position Rest.      Potential    Kinetic En.   Total Energy  Conserved En.
    6.69751e+01   -1.77739e+04    2.49627e+03   -1.52776e+04   -1.99275e+04
    Temperature Pressure (bar)
    2.92624e+02    1.01179e+02

           Step           Time
         112000      224.00000

   Energies (kJ/mol)
           Bond       G96Angle  Improper Dih.        LJ (SR)   Coulomb (SR)
    4.85493e+01    2.62521e+01    7.19126e+00   -1.76967e+04   -1.36515e+02
 Position Rest.      Potential    Kinetic En.   Total Energy  Conserved En.
    6.86834e+01   -1.76826e+04    2.72667e+03   -1.49559e+04   -1.99727e+04
    Temperature Pressure (bar)
    3.19633e+02    1.06105e+02

           Step           Time
         113000      226.00000

   Energies (kJ/mol)
           Bond       G96Angle  Improper Dih.        LJ (SR)   Coulomb (SR)
    4.82272e+01    2.99691e+01    6.43006e+00   -1.75817e+04   -1.38664e+02
 Position Rest.      Potential    Kinetic En.   Total Energy  Conserved En.
    8.49577e+01   -1.75508e+04    2.72288e+03   -1.48279e+04   -1.99972e+04
    Temperature Pressure (bar)
    3.19189e+02    1.06809e+02

           Step           Time
         114000      228.00000

   Energies (kJ/mol)
           Bond       G96Angle  Improper Dih.        LJ (SR)   Coulomb (SR)
    4.06121e+01    3.24076e+01    1.13429e+01   -1.76008e+04   -1.39899e+02
 Position Rest.      Potential    Kinetic En.   Total Energy  Conserved En.
    6.61583e+01   -1.75901e+04    2.54178e+03   -1.50483e+04   -2.00383e+04
    Temperature Pressure (bar)
    2.97959e+02    1.04100e+02

           Step           Time
         115000      230.00000

   Energies (kJ/mol)
           Bond       G96Angle  Improper Dih.        LJ (SR)   Coulomb (SR)
    3.98396e+01    1.68729e+01    1.37596e+01   -1.76813e+04   -1.42242e+02
 Position Rest.      Potential    Kinetic En.   Total Energy  Conserved En.
    6.28797e+01   -1.76902e+04    2.65678e+03   -1.50334e+04   -2.00839e+04
    Temperature Pressure (bar)
    3.11440e+02   -1.98337e+01

           Step           Time
         116000      232.00000

   Energies (kJ/mol)
           Bond       G96Angle  Improper Dih.        LJ (SR)   Coulomb (SR)
    6.78749e+01    1.81974e+01    8.80635e+00   -1.76389e+04   -1.29584e+02
 Position Rest.      Potential    Kinetic En.   Total Energy  Conserved En.
    5.62671e+01   -1.76173e+04    2.55104e+03   -1.50663e+04   -2.01137e+04
    Temperature Pressure (bar)
    2.99044e+02    1.03118e+02

           Step           Time
         117000      234.00000

   Energies (kJ/mol)
           Bond       G96Angle  Improper Dih.        LJ (SR)   Coulomb (SR)
    3.49696e+01    2.48911e+01    6.65728e+00   -1.76620e+04   -1.17345e+02
 Position Rest.      Potential    Kinetic En.   Total Energy  Conserved En.
    4.78313e+01   -1.76650e+04    2.63979e+03   -1.50252e+04   -2.01485e+04
    Temperature Pressure (bar)
    3.09448e+02   -1.95452e+01

           Step           Time
         118000      236.00000

   Energies (kJ/mol)
           Bond       G96Angle  Improper Dih.        LJ (SR)   Coulomb (SR)
    3.59481e+01    2.56250e+01    8.77081e+00   -1.75693e+04   -1.30614e+02
 Position Rest.      Potential    Kinetic En.   Total Energy  Conserved En.
    5.76575e+01   -1.75719e+04    2.63862e+03   -1.49333e+04   -2.01747e+04
    Temperature Pressure (bar)
    3.09311e+02   -7.01290e+01

           Step           Time
         119000      238.00000

   Energies (kJ/mol)
           Bond       G96Angle  Improper Dih.        LJ (SR)   Coulomb (SR)
    3.60954e+01    2.02486e+01    8.75972e+00   -1.76382e+04   -1.30636e+02
 Position Rest.      Potential    Kinetic En.   Total Energy  Conserved En.
    6.17459e+01   -1.76420e+04    2.60683e+03   -1.50352e+04   -2.02063e+04
    Temperature Pressure (bar)
    3.05585e+02    5.48873e+00

           Step           Time
         120000      240.00000

   Energies (kJ/mol)
           Bond       G96Angle  Improper Dih.        LJ (SR)   Coulomb (SR)
    4.60043e+01    2.53151e+01    4.98174e+00   -1.75180e+04   -1.29911e+02
 Position Rest.      Potential    Kinetic En.   Total Energy  Conserved En.
    5.58081e+01   -1.75158e+04    2.67887e+03   -1.48370e+04   -2.02235e+04
    Temperature Pressure (bar)
    3.14029e+02    1.05171e+02

           Step           Time
         121000      242.00000

   Energies (kJ/mol)
           Bond       G96Angle  Improper Dih.        LJ (SR)   Coulomb (SR)
    3.38343e+01    2.66401e+01    7.94869e+00   -1.75214e+04   -1.28787e+02
 Position Rest.      Potential    Kinetic En.   Total Energy  Conserved En.
    3.73048e+01   -1.75444e+04    2.65410e+03   -1.48903e+04   -2.02495e+04
    Temperature Pressure (bar)
    3.11125e+02    4.39383e+01

           Step           Time
         122000      244.00000

   Energies (kJ/mol)
           Bond       G96Angle  Improper Dih.        LJ (SR)   Coulomb (SR)
    2.83073e+01    2.49777e+01    8.49191e+00   -1.75509e+04   -1.33446e+02
 Position Rest.      Potential    Kinetic En.   Total Energy  Conserved En.
    4.66485e+01   -1.75759e+04    2.69674e+03   -1.48792e+04   -2.02825e+04
    Temperature Pressure (bar)
    3.16124e+02    5.32331e+01

           Step           Time
         123000      246.00000

   Energies (kJ/mol)
           Bond       G96Angle  Improper Dih.        LJ (SR)   Coulomb (SR)
    5.24010e+01    2.47627e+01    9.56015e+00   -1.75640e+04   -1.23405e+02
 Position Rest.      Potential    Kinetic En.   Total Energy  Conserved En.
    4.54138e+01   -1.75552e+04    2.69031e+03   -1.48649e+04   -2.03007e+04
    Temperature Pressure (bar)
    3.15370e+02   -1.64954e+01

           Step           Time
         124000      248.00000

   Energies (kJ/mol)
           Bond       G96Angle  Improper Dih.        LJ (SR)   Coulomb (SR)
    4.03128e+01    2.94963e+01    2.82103e+00   -1.74844e+04   -1.33975e+02
 Position Rest.      Potential    Kinetic En.   Total Energy  Conserved En.
    7.28909e+01   -1.74729e+04    2.65485e+03   -1.48180e+04   -2.03384e+04
    Temperature Pressure (bar)
    3.11213e+02    1.16323e+02

           Step           Time
         125000      250.00000

   Energies (kJ/mol)
           Bond       G96Angle  Improper Dih.        LJ (SR)   Coulomb (SR)
    3.97736e+01    2.35239e+01    9.11097e+00   -1.75615e+04   -1.20860e+02
 Position Rest.      Potential    Kinetic En.   Total Energy  Conserved En.
    7.11431e+01   -1.75388e+04    2.47443e+03   -1.50644e+04   -2.03862e+04
    Temperature Pressure (bar)
    2.90064e+02   -9.33335e+00

           Step           Time
         126000      252.00000

   Energies (kJ/mol)
           Bond       G96Angle  Improper Dih.        LJ (SR)   Coulomb (SR)
    4.18289e+01    2.30372e+01    7.40363e+00   -1.76847e+04   -1.27163e+02
 Position Rest.      Potential    Kinetic En.   Total Energy  Conserved En.
    5.57236e+01   -1.76838e+04    2.57948e+03   -1.51043e+04   -2.04126e+04
    Temperature Pressure (bar)
    3.02378e+02   -1.61553e+02

           Step           Time
         127000      254.00000

   Energies (kJ/mol)
           Bond       G96Angle  Improper Dih.        LJ (SR)   Coulomb (SR)
    5.38703e+01    2.97169e+01    1.25727e+01   -1.76118e+04   -1.15372e+02
 Position Rest.      Potential    Kinetic En.   Total Energy  Conserved En.
    6.97571e+01   -1.75613e+04    2.65677e+03   -1.49045e+04   -2.04465e+04
    Temperature Pressure (bar)
    3.11438e+02    4.93243e+01

           Step           Time
         128000      256.00000

   Energies (kJ/mol)
           Bond       G96Angle  Improper Dih.        LJ (SR)   Coulomb (SR)
    5.39674e+01    1.92100e+01    1.37492e+01   -1.76968e+04   -1.18572e+02
 Position Rest.      Potential    Kinetic En.   Total Energy  Conserved En.
    6.30791e+01   -1.76654e+04    2.63350e+03   -1.50319e+04   -2.04716e+04
    Temperature Pressure (bar)
    3.08710e+02   -1.46556e+01

           Step           Time
         129000      258.00000

   Energies (kJ/mol)
           Bond       G96Angle  Improper Dih.        LJ (SR)   Coulomb (SR)
    4.66948e+01    2.01763e+01    1.24718e+01   -1.77435e+04   -1.30281e+02
 Position Rest.      Potential    Kinetic En.   Total Energy  Conserved En.
    6.91216e+01   -1.77253e+04    2.69497e+03   -1.50303e+04   -2.04916e+04
    Temperature Pressure (bar)
    3.15916e+02   -4.60545e+01

           Step           Time
         130000      260.00000

   Energies (kJ/mol)
           Bond       G96Angle  Improper Dih.        LJ (SR)   Coulomb (SR)
    3.41040e+01    2.92977e+01    1.32194e+01   -1.77660e+04   -1.17939e+02
 Position Rest.      Potential    Kinetic En.   Total Energy  Conserved En.
    5.26191e+01   -1.77547e+04    2.73730e+03   -1.50174e+04   -2.05129e+04
    Temperature Pressure (bar)
    3.20879e+02   -4.59008e+01

           Step           Time
         131000      262.00000

   Energies (kJ/mol)
           Bond       G96Angle  Improper Dih.        LJ (SR)   Coulomb (SR)
    5.44906e+01    3.91937e+01    2.97171e+01   -1.73594e+04   -1.14954e+02
 Position Rest.      Potential    Kinetic En.   Total Energy  Conserved En.
    6.76756e+01   -1.72832e+04    2.96376e+03   -1.43195e+04   -1.96693e+04
    Temperature Pressure (bar)
    3.47426e+02    3.13659e+02

           Step           Time
         132000      264.00000

   Energies (kJ/mol)
           Bond       G96Angle  Improper Dih.        LJ (SR)   Coulomb (SR)
    4.07216e+01    3.04937e+01    4.07647e+00   -1.75330e+04   -1.27020e+02
 Position Rest.      Potential    Kinetic En.   Total Energy  Conserved En.
    9.08845e+01   -1.74939e+04    2.78470e+03   -1.47092e+04   -1.97111e+04
    Temperature Pressure (bar)
    3.26435e+02    3.39726e+01

           Step           Time
         133000      266.00000

   Energies (kJ/mol)
           Bond       G96Angle  Improper Dih.        LJ (SR)   Coulomb (SR)
    2.95402e+01    2.83087e+01    1.15790e+01   -1.73864e+04   -1.26573e+02
 Position Rest.      Potential    Kinetic En.   Total Energy  Conserved En.
    5.49896e+01   -1.73885e+04    2.58150e+03   -1.48070e+04   -1.97487e+04
    Temperature Pressure (bar)
    3.02616e+02    1.61582e+02

           Step           Time
         134000      268.00000

   Energies (kJ/mol)
           Bond       G96Angle  Improper Dih.        LJ (SR)   Coulomb (SR)
    3.26033e+01    2.21321e+01    1.18723e+01   -1.74882e+04   -1.17957e+02
 Position Rest.      Potential    Kinetic En.   Total Energy  Conserved En.
    4.22660e+01   -1.74973e+04    2.64199e+03   -1.48553e+04   -1.97898e+04
    Temperature Pressure (bar)
    3.09706e+02   -4.29528e+01

           Step           Time
         135000      270.00000

   Energies (kJ/mol)
           Bond       G96Angle  Improper Dih.        LJ (SR)   Coulomb (SR)
    7.18537e+01    2.07194e+01    8.56054e+00   -1.74980e+04   -1.17041e+02
 Position Rest.      Potential    Kinetic En.   Total Energy  Conserved En.
    5.82729e+01   -1.74556e+04    2.67029e+03   -1.47853e+04   -1.98121e+04
    Temperature Pressure (bar)
    3.13023e+02   -1.05210e+02

           Step           Time
         136000      272.00000

   Energies (kJ/mol)
           Bond       G96Angle  Improper Dih.        LJ (SR)   Coulomb (SR)
    4.15095e+01    2.26953e+01    9.10921e+00   -1.73436e+04   -1.18386e+02
 Position Rest.      Potential    Kinetic En.   Total Energy  Conserved En.
    5.65317e+01   -1.73321e+04    2.46426e+03   -1.48679e+04   -1.98502e+04
    Temperature Pressure (bar)
    2.88871e+02    1.49535e+02

           Step           Time
         137000      274.00000

   Energies (kJ/mol)
           Bond       G96Angle  Improper Dih.        LJ (SR)   Coulomb (SR)
    3.06062e+01    3.48189e+01    4.84450e+00   -1.76337e+04   -1.15763e+02
 Position Rest.      Potential    Kinetic En.   Total Energy  Conserved En.
    6.04029e+01   -1.76188e+04    2.61805e+03   -1.50008e+04   -1.98835e+04
    Temperature Pressure (bar)
    3.06899e+02   -1.79250e+02

           Step           Time
         138000      276.00000

   Energies (kJ/mol)
           Bond       G96Angle  Improper Dih.        LJ (SR)   Coulomb (SR)
    3.89034e+01    2.50730e+01    1.04241e+01   -1.75554e+04   -1.10853e+02
 Position Rest.      Potential    Kinetic En.   Total Energy  Conserved En.
    5.09031e+01   -1.75410e+04    2.66248e+03   -1.48785e+04   -1.99123e+04
    Temperature Pressure (bar)
    3.12108e+02   -8.82905e+01

           Step           Time
         139000      278.00000

   Energies (kJ/mol)
           Bond       G96Angle  Improper Dih.        LJ (SR)   Coulomb (SR)
    5.36535e+01    3.12831e+01    8.35561e+00   -1.75615e+04   -1.13294e+02
 Position Rest.      Potential    Kinetic En.   Total Energy  Conserved En.
    7.42329e+01   -1.75073e+04    2.73519e+03   -1.47721e+04   -1.99338e+04
    Temperature Pressure (bar)
    3.20631e+02   -2.53198e+01

           Step           Time
         140000      280.00000

   Energies (kJ/mol)
           Bond       G96Angle  Improper Dih.        LJ (SR)   Coulomb (SR)
    4.15235e+01    2.09702e+01    9.68175e+00   -1.76031e+04   -1.05966e+02
 Position Rest.      Potential    Kinetic En.   Total Energy  Conserved En.
    4.82857e+01   -1.75886e+04    2.58385e+03   -1.50048e+04   -1.99480e+04
    Temperature Pressure (bar)
    3.02891e+02   -1.41041e+02

           Step           Time
         141000      282.00000

   Energies (kJ/mol)
           Bond       G96Angle  Improper Dih.        LJ (SR)   Coulomb (SR)
    2.73723e+01    1.65573e+01    3.95874e+00   -1.76278e+04   -1.02583e+02
 Position Rest.      Potential    Kinetic En.   Total Energy  Conserved En.
    4.59037e+01   -1.76366e+04    2.55427e+03   -1.50824e+04   -1.99808e+04
    Temperature Pressure (bar)
    2.99424e+02   -1.50230e+02

           Step           Time
         142000      284.00000

   Energies (kJ/mol)
           Bond       G96Angle  Improper Dih.        LJ (SR)   Coulomb (SR)
    5.72709e+01    3.20888e+01    7.20776e+00   -1.75861e+04   -1.02225e+02
 Position Rest.      Potential    Kinetic En.   Total Energy  Conserved En.
    7.63529e+01   -1.75155e+04    2.57505e+03   -1.49404e+04   -2.00075e+04
    Temperature Pressure (bar)
    3.01859e+02    1.83156e+01

           Step           Time
         143000      286.00000

   Energies (kJ/mol)
           Bond       G96Angle  Improper Dih.        LJ (SR)   Coulomb (SR)
    5.44740e+01    3.30693e+01    6.52729e+00   -1.75692e+04   -1.01587e+02
 Position Rest.      Potential    Kinetic En.   Total Energy  Conserved En.
    6.10671e+01   -1.75157e+04    2.63413e+03   -1.48816e+04   -2.00450e+04
    Temperature Pressure (bar)
    3.08785e+02    7.79375e+01

           Step           Time
         144000      288.00000

   Energies (kJ/mol)
           Bond       G96Angle  Improper Dih.        LJ (SR)   Coulomb (SR)
    3.18015e+01    2.78199e+01    1.78736e+01   -1.75797e+04   -1.07604e+02
 Position Rest.      Potential    Kinetic En.   Total Energy  Conserved En.
    5.59104e+01   -1.75539e+04    2.61723e+03   -1.49367e+04   -2.00718e+04
    Temperature Pressure (bar)
    3.06804e+02    3.46210e+01

           Step           Time
         145000      290.00000

   Energies (kJ/mol)
           Bond       G96Angle  Improper Dih.        LJ (SR)   Coulomb (SR)
    3.78705e+01    3.04030e+01    6.64327e+00   -1.75996e+04   -1.07560e+02
 Position Rest.      Potential    Kinetic En.   Total Energy  Conserved En.
    6.30184e+01   -1.75692e+04    2.71823e+03   -1.48510e+04   -1.98990e+04
    Temperature Pressure (bar)
    3.18643e+02    1.54606e+01

           Step           Time
         146000      292.00000

   Energies (kJ/mol)
           Bond       G96Angle  Improper Dih.        LJ (SR)   Coulomb (SR)
    3.48136e+01    2.03860e+01    6.62299e+00   -1.74162e+04   -1.08327e+02
 Position Rest.      Potential    Kinetic En.   Total Energy  Conserved En.
    7.74033e+01   -1.73853e+04    2.62548e+03   -1.47598e+04   -1.99278e+04
    Temperature Pressure (bar)
    3.07770e+02    1.98511e+01

           Step           Time
         147000      294.00000

   Energies (kJ/mol)
           Bond       G96Angle  Improper Dih.        LJ (SR)   Coulomb (SR)
    3.27080e+01    2.33065e+01    7.37695e+00   -1.76323e+04   -1.07577e+02
 Position Rest.      Potential    Kinetic En.   Total Energy  Conserved En.
    4.64551e+01   -1.76300e+04    2.60431e+03   -1.50257e+04   -1.99486e+04
    Temperature Pressure (bar)
    3.05289e+02   -1.62076e+02

           Step           Time
         148000      296.00000

   Energies (kJ/mol)
           Bond       G96Angle  Improper Dih.        LJ (SR)   Coulomb (SR)
    2.49369e+01    2.16985e+01    9.12971e+00   -1.76976e+04   -1.14975e+02
 Position Rest.      Potential    Kinetic En.   Total Energy  Conserved En.
    5.68880e+01   -1.76999e+04    2.54384e+03   -1.51561e+04   -1.99704e+04
    Temperature Pressure (bar)
    2.98200e+02   -2.58307e+02

           Step           Time
         149000      298.00000

   Energies (kJ/mol)
           Bond       G96Angle  Improper Dih.        LJ (SR)   Coulomb (SR)
    3.99348e+01    2.62798e+01    5.08984e+00   -1.76163e+04   -1.07098e+02
 Position Rest.      Potential    Kinetic En.   Total Energy  Conserved En.
    7.51311e+01   -1.75770e+04    2.60142e+03   -1.49755e+04   -2.00000e+04
    Temperature Pressure (bar)
    3.04950e+02    4.01367e+01

           Step           Time
         150000      300.00000

   Energies (kJ/mol)
           Bond       G96Angle  Improper Dih.        LJ (SR)   Coulomb (SR)
    3.90309e+01    2.31459e+01    7.09969e+00   -1.77729e+04   -1.08851e+02
 Position Rest.      Potential    Kinetic En.   Total Energy  Conserved En.
    5.87090e+01   -1.77538e+04    2.60558e+03   -1.51482e+04   -2.00254e+04
    Temperature Pressure (bar)
    3.05438e+02   -1.30023e+02

           Step           Time
         151000      302.00000

   Energies (kJ/mol)
           Bond       G96Angle  Improper Dih.        LJ (SR)   Coulomb (SR)
    5.23335e+01    2.50447e+01    6.80192e+00   -1.77931e+04   -1.06134e+02
 Position Rest.      Potential    Kinetic En.   Total Energy  Conserved En.
    5.73836e+01   -1.77577e+04    2.73063e+03   -1.50271e+04   -2.00506e+04
    Temperature Pressure (bar)
    3.20097e+02   -1.12274e+02

           Step           Time
         152000      304.00000

   Energies (kJ/mol)
           Bond       G96Angle  Improper Dih.        LJ (SR)   Coulomb (SR)
    3.32319e+01    2.70092e+01    6.18062e+00   -1.75796e+04   -1.07933e+02
 Position Rest.      Potential    Kinetic En.   Total Energy  Conserved En.
    5.09215e+01   -1.75702e+04    2.76513e+03   -1.48050e+04   -2.00707e+04
    Temperature Pressure (bar)
    3.24141e+02    1.07207e+02

           Step           Time
         153000      306.00000

   Energies (kJ/mol)
           Bond       G96Angle  Improper Dih.        LJ (SR)   Coulomb (SR)
    3.14517e+01    2.36183e+01    1.11278e+01   -1.75592e+04   -1.09734e+02
 Position Rest.      Potential    Kinetic En.   Total Energy  Conserved En.
    7.05422e+01   -1.75322e+04    2.63321e+03   -1.48990e+04   -2.01029e+04
    Temperature Pressure (bar)
    3.08677e+02    9.92836e+01

           Step           Time
         154000      308.00000

   Energies (kJ/mol)
           Bond       G96Angle  Improper Dih.        LJ (SR)   Coulomb (SR)
    2.99083e+01    1.64255e+01    8.68831e+00   -1.77178e+04   -1.13766e+02
 Position Rest.      Potential    Kinetic En.   Total Energy  Conserved En.
    9.07092e+01   -1.76859e+04    2.63012e+03   -1.50558e+04   -2.01188e+04
    Temperature Pressure (bar)
    3.08315e+02   -3.44536e+01

           Step           Time
         155000      310.00000

   Energies (kJ/mol)
           Bond       G96Angle  Improper Dih.        LJ (SR)   Coulomb (SR)
    4.19439e+01    1.64837e+01    1.16572e+01   -1.75839e+04   -1.17845e+02
 Position Rest.      Potential    Kinetic En.   Total Energy  Conserved En.
    5.29321e+01   -1.75787e+04    2.66223e+03   -1.49165e+04   -2.01442e+04
    Temperature Pressure (bar)
    3.12079e+02   -7.70511e+00

           Step           Time
         156000      312.00000

   Energies (kJ/mol)
           Bond       G96Angle  Improper Dih.        LJ (SR)   Coulomb (SR)
    3.04770e+01    2.18800e+01    1.09912e+01   -1.76027e+04   -1.15355e+02
 Position Rest.      Potential    Kinetic En.   Total Energy  Conserved En.
    5.62429e+01   -1.75985e+04    2.77548e+03   -1.48230e+04   -2.01779e+04
    Temperature Pressure (bar)
    3.25354e+02    3.51422e+00

           Step           Time
         157000      314.00000

   Energies (kJ/mol)
           Bond       G96Angle  Improper Dih.        LJ (SR)   Coulomb (SR)
    5.42337e+01    2.44578e+01    1.05762e+01   -1.76038e+04   -1.13505e+02
 Position Rest.      Potential    Kinetic En.   Total Energy  Conserved En.
    6.46958e+01   -1.75633e+04    2.74968e+03   -1.48137e+04   -2.02010e+04
    Temperature Pressure (bar)
    3.22330e+02   -2.32733e+01

           Step           Time
         158000      316.00000

   Energies (kJ/mol)
           Bond       G96Angle  Improper Dih.        LJ (SR)   Coulomb (SR)
    5.03367e+01    1.75115e+01    1.47704e+01   -1.75834e+04   -1.08095e+02
 Position Rest.      Potential    Kinetic En.   Total Energy  Conserved En.
    6.96777e+01   -1.75392e+04    2.66627e+03   -1.48729e+04   -2.02348e+04
    Temperature Pressure (bar)
    3.12552e+02    5.12084e+01

           Step           Time
         159000      318.00000

   Energies (kJ/mol)
           Bond       G96Angle  Improper Dih.        LJ (SR)   Coulomb (SR)
    4.09877e+01    2.29352e+01    7.05145e+00   -1.76037e+04   -1.09028e+02
 Position Rest.      Potential    Kinetic En.   Total Energy  Conserved En.
    5.72910e+01   -1.75845e+04    2.58249e+03   -1.50020e+04   -2.02571e+04
    Temperature Pressure (bar)
    3.02731e+02   -2.38062e+01

           Step           Time
         160000      320.00000

   Energies (kJ/mol)
           Bond       G96Angle  Improper Dih.        LJ (SR)   Coulomb (SR)
    5.42822e+01    2.82614e+01    1.04517e+01   -1.76799e+04   -1.03663e+02
 Position Rest.      Potential    Kinetic En.   Total Energy  Conserved En.
    6.12709e+01   -1.76293e+04    2.60510e+03   -1.50242e+04   -2.02978e+04
    Temperature Pressure (bar)
    3.05382e+02   -6.15540e+01

           Step           Time
         161000      322.00000

   Energies (kJ/mol)
           Bond       G96Angle  Improper Dih.        LJ (SR)   Coulomb (SR)
    2.60803e+01    2.88688e+01    8.63681e+00   -1.76580e+04   -1.00365e+02
 Position Rest.      Potential    Kinetic En.   Total Energy  Conserved En.
    5.14805e+01   -1.76433e+04    2.58977e+03   -1.50535e+04   -2.03125e+04
    Temperature Pressure (bar)
    3.03585e+02   -4.96234e+01

           Step           Time
         162000      324.00000

   Energies (kJ/mol)
           Bond       G96Angle  Improper Dih.        LJ (SR)   Coulomb (SR)
    2.87291e+01    2.21491e+01    9.67888e+00   -1.77841e+04   -9.81859e+01
 Position Rest.      Potential    Kinetic En.   Total Energy  Conserved En.
    5.29782e+01   -1.77687e+04    2.63301e+03   -1.51357e+04   -2.03417e+04
    Temperature Pressure (bar)
    3.08653e+02   -1.35501e+02

           Step           Time
         163000      326.00000

   Energies (kJ/mol)
           Bond       G96Angle  Improper Dih.        LJ (SR)   Coulomb (SR)
    4.00053e+01    1.18511e+01    7.77214e+00   -1.77199e+04   -9.42582e+01
 Position Rest.      Potential    Kinetic En.   Total Energy  Conserved En.
    3.49315e+01   -1.77195e+04    2.57824e+03   -1.51413e+04   -2.03771e+04
    Temperature Pressure (bar)
    3.02232e+02   -7.21256e+01

           Step           Time
         164000      328.00000

   Energies (kJ/mol)
           Bond       G96Angle  Improper Dih.        LJ (SR)   Coulomb (SR)
    4.60534e+01    2.55234e+01    1.62792e+01   -1.76589e+04   -9.74829e+01
 Position Rest.      Potential    Kinetic En.   Total Energy  Conserved En.
    8.25075e+01   -1.75861e+04    2.64564e+03   -1.49404e+04   -2.04045e+04
    Temperature Pressure (bar)
    3.10134e+02    3.08614e+01

           Step           Time
         165000      330.00000

   Energies (kJ/mol)
           Bond       G96Angle  Improper Dih.        LJ (SR)   Coulomb (SR)
    1.96155e+01    1.84898e+01    1.56022e+01   -1.75840e+04   -1.01862e+02
 Position Rest.      Potential    Kinetic En.   Total Energy  Conserved En.
    7.46006e+01   -1.75575e+04    2.77210e+03   -1.47854e+04   -2.04486e+04
    Temperature Pressure (bar)
    3.24958e+02    3.08904e+01

           Step           Time
         166000      332.00000

   Energies (kJ/mol)
           Bond       G96Angle  Improper Dih.        LJ (SR)   Coulomb (SR)
    2.83906e+01    1.71060e+01    7.15791e+00   -1.76414e+04   -9.86593e+01
 Position Rest.      Potential    Kinetic En.   Total Energy  Conserved En.
    6.19140e+01   -1.76255e+04    2.67698e+03   -1.49485e+04   -2.04768e+04
    Temperature Pressure (bar)
    3.13807e+02   -1.36202e+01

           Step           Time
         167000      334.00000

   Energies (kJ/mol)
           Bond       G96Angle  Improper Dih.        LJ (SR)   Coulomb (SR)
    3.57827e+01    2.01056e+01    6.39938e+00   -1.77162e+04   -9.67302e+01
 Position Rest.      Potential    Kinetic En.   Total Energy  Conserved En.
    6.01915e+01   -1.76904e+04    2.76147e+03   -1.49290e+04   -2.05072e+04
    Temperature Pressure (bar)
    3.23712e+02   -1.90721e+01

           Step           Time
         168000      336.00000

   Energies (kJ/mol)
           Bond       G96Angle  Improper Dih.        LJ (SR)   Coulomb (SR)
    4.78866e+01    2.91672e+01    9.38840e+00   -1.74702e+04   -1.02120e+02
 Position Rest.      Potential    Kinetic En.   Total Energy  Conserved En.
    6.68697e+01   -1.74190e+04    2.67416e+03   -1.47449e+04   -2.05472e+04
    Temperature Pressure (bar)
    3.13477e+02    2.56607e+02

           Step           Time
         169000      338.00000

   Energies (kJ/mol)
           Bond       G96Angle  Improper Dih.        LJ (SR)   Coulomb (SR)
    4.94199e+01    2.67813e+01    4.45234e+00   -1.75525e+04   -9.37120e+01
 Position Rest.      Potential    Kinetic En.   Total Energy  Conserved En.
    6.02584e+01   -1.75053e+04    2.73785e+03   -1.47674e+04   -2.05755e+04
    Temperature Pressure (bar)
    3.20944e+02    6.49550e+01

           Step           Time
         170000      340.00000

   Energies (kJ/mol)
           Bond       G96Angle  Improper Dih.        LJ (SR)   Coulomb (SR)
    3.46003e+01    2.72361e+01    1.23129e+01   -1.76408e+04   -9.71641e+01
 Position Rest.      Potential    Kinetic En.   Total Energy  Conserved En.
    6.96694e+01   -1.75941e+04    2.79698e+03   -1.47972e+04   -2.06198e+04
    Temperature Pressure (bar)
    3.27875e+02    1.85722e+01

           Step           Time
         171000      342.00000

   Energies (kJ/mol)
           Bond       G96Angle  Improper Dih.        LJ (SR)   Coulomb (SR)
    3.58528e+01    1.94693e+01    1.68221e+01   -1.77088e+04   -9.23668e+01
 Position Rest.      Potential    Kinetic En.   Total Energy  Conserved En.
    6.10981e+01   -1.76679e+04    2.76885e+03   -1.48991e+04   -2.06438e+04
    Temperature Pressure (bar)
    3.24577e+02    9.68142e-01

           Step           Time
         172000      344.00000

   Energies (kJ/mol)
           Bond       G96Angle  Improper Dih.        LJ (SR)   Coulomb (SR)
    2.61606e+01    2.51706e+01    8.88706e+00   -1.76876e+04   -9.09157e+01
 Position Rest.      Potential    Kinetic En.   Total Energy  Conserved En.
    4.59141e+01   -1.76724e+04    2.54523e+03   -1.51271e+04   -2.06718e+04
    Temperature Pressure (bar)
    2.98363e+02   -5.22212e+01

           Step           Time
         173000      346.00000

   Energies (kJ/mol)
           Bond       G96Angle  Improper Dih.        LJ (SR)   Coulomb (SR)
    3.68302e+01    3.72121e+01    1.32251e+01   -1.78734e+04   -8.72902e+01
 Position Rest.      Potential    Kinetic En.   Total Energy  Conserved En.
    8.41482e+01   -1.77892e+04    2.57716e+03   -1.52121e+04   -2.06864e+04
    Temperature Pressure (bar)
    3.02107e+02   -2.72112e+02

           Step           Time
         174000      348.00000

   Energies (kJ/mol)
           Bond       G96Angle  Improper Dih.        LJ (SR)   Coulomb (SR)
    3.86687e+01    2.72154e+01    1.20943e+01   -1.77198e+04   -8.92527e+01
 Position Rest.      Potential    Kinetic En.   Total Energy  Conserved En.
    7.12023e+01   -1.76599e+04    2.49732e+03   -1.51626e+04   -2.07067e+04
    Temperature Pressure (bar)
    2.92748e+02   -5.10149e+01

           Step           Time
         175000      350.00000

   Energies (kJ/mol)
           Bond       G96Angle  Improper Dih.        LJ (SR)   Coulomb (SR)
    3.91894e+01    1.97571e+01    7.60150e+00   -1.77046e+04   -8.93019e+01
 Position Rest.      Potential    Kinetic En.   Total Energy  Conserved En.
    6.31660e+01   -1.76642e+04    2.56000e+03   -1.51042e+04   -2.07574e+04
    Temperature Pressure (bar)
    3.00095e+02    8.78854e+01

           Step           Time
         176000      352.00000

   Energies (kJ/mol)
           Bond       G96Angle  Improper Dih.        LJ (SR)   Coulomb (SR)
    3.72357e+01    2.03101e+01    9.58980e+00   -1.78318e+04   -8.96357e+01
 Position Rest.      Potential    Kinetic En.   Total Energy  Conserved En.
    6.92312e+01   -1.77851e+04    2.51885e+03   -1.52663e+04   -2.07856e+04
    Temperature Pressure (bar)
    2.95271e+02   -1.84458e+02

           Step           Time
         177000      354.00000

   Energies (kJ/mol)
           Bond       G96Angle  Improper Dih.        LJ (SR)   Coulomb (SR)
    3.87520e+01    2.54828e+01    1.27159e+01   -1.78497e+04   -8.97432e+01
 Position Rest.      Potential    Kinetic En.   Total Energy  Conserved En.
    7.48933e+01   -1.77876e+04    2.58095e+03   -1.52066e+04   -2.08085e+04
    Temperature Pressure (bar)
    3.02550e+02   -7.04049e+01

           Step           Time
         178000      356.00000

   Energies (kJ/mol)
           Bond       G96Angle  Improper Dih.        LJ (SR)   Coulomb (SR)
    3.74608e+01    2.49773e+01    1.11081e+01   -1.78115e+04   -8.89407e+01
 Position Rest.      Potential    Kinetic En.   Total Energy  Conserved En.
    5.60476e+01   -1.77708e+04    2.42905e+03   -1.53418e+04   -2.08490e+04
    Temperature Pressure (bar)
    2.84744e+02   -5.06103e+01

           Step           Time
         179000      358.00000

   Energies (kJ/mol)
           Bond       G96Angle  Improper Dih.        LJ (SR)   Coulomb (SR)
    4.16619e+01    2.44655e+01    1.02514e+01   -1.79051e+04   -8.82992e+01
 Position Rest.      Potential    Kinetic En.   Total Energy  Conserved En.
    5.61665e+01   -1.78609e+04    2.53351e+03   -1.53274e+04   -2.08745e+04
    Temperature Pressure (bar)
    2.96989e+02   -9.72391e+01

           Step           Time
         180000      360.00000

   Energies (kJ/mol)
           Bond       G96Angle  Improper Dih.        LJ (SR)   Coulomb (SR)
    4.34093e+01    2.87071e+01    5.94890e+00   -1.78122e+04   -8.92582e+01
 Position Rest.      Potential    Kinetic En.   Total Energy  Conserved En.
    7.12561e+01   -1.77521e+04    2.57857e+03   -1.51735e+04   -2.08994e+04
    Temperature Pressure (bar)
    3.02272e+02   -4.77557e+01

           Step           Time
         181000      362.00000

   Energies (kJ/mol)
           Bond       G96Angle  Improper Dih.        LJ (SR)   Coulomb (SR)
    3.29708e+01    1.78496e+01    6.14800e+00   -1.76899e+04   -8.94809e+01
 Position Rest.      Potential    Kinetic En.   Total Energy  Conserved En.
    4.32066e+01   -1.76792e+04    2.58511e+03   -1.50941e+04   -2.09311e+04
    Temperature Pressure (bar)
    3.03038e+02    1.16904e+02

           Step           Time
         182000      364.00000

   Energies (kJ/mol)
           Bond       G96Angle  Improper Dih.        LJ (SR)   Coulomb (SR)
    4.09420e+01    2.01287e+01    4.74395e+00   -1.76798e+04   -9.06863e+01
 Position Rest.      Potential    Kinetic En.   Total Energy  Conserved En.
    5.20062e+01   -1.76527e+04    2.64896e+03   -1.50037e+04   -2.09636e+04
    Temperature Pressure (bar)
    3.10523e+02    1.01265e+02

           Step           Time
         183000      366.00000

   Energies (kJ/mol)
           Bond       G96Angle  Improper Dih.        LJ (SR)   Coulomb (SR)
    5.18382e+01    2.96165e+01    6.56215e+00   -1.78043e+04   -9.08708e+01
 Position Rest.      Potential    Kinetic En.   Total Energy  Conserved En.
    5.07576e+01   -1.77564e+04    2.66566e+03   -1.50908e+04   -2.09890e+04
    Temperature Pressure (bar)
    3.12481e+02   -4.40809e+01

           Step           Time
         184000      368.00000

   Energies (kJ/mol)
           Bond       G96Angle  Improper Dih.        LJ (SR)   Coulomb (SR)
    4.35861e+01    3.00718e+01    1.10072e+01   -1.77125e+04   -9.46078e+01
 Position Rest.      Potential    Kinetic En.   Total Energy  Conserved En.
    6.65590e+01   -1.76559e+04    2.80350e+03   -1.48524e+04   -2.10295e+04
    Temperature Pressure (bar)
    3.28639e+02    1.49446e+00

           Step           Time
         185000      370.00000

   Energies (kJ/mol)
           Bond       G96Angle  Improper Dih.        LJ (SR)   Coulomb (SR)
    5.48768e+01    2.55630e+01    9.08517e+00   -1.76042e+04   -9.72855e+01
 Position Rest.      Potential    Kinetic En.   Total Energy  Conserved En.
    7.00783e+01   -1.75419e+04    2.62043e+03   -1.49215e+04   -2.10519e+04
    Temperature Pressure (bar)
    3.07179e+02    1.39706e+02

           Step           Time
         186000      372.00000

   Energies (kJ/mol)
           Bond       G96Angle  Improper Dih.        LJ (SR)   Coulomb (SR)
    6.23892e+01    3.79888e+01    8.26189e+00   -1.75984e+04   -9.75346e+01
 Position Rest.      Potential    Kinetic En.   Total Energy  Conserved En.
    6.89687e+01   -1.75183e+04    2.75877e+03   -1.47595e+04   -2.10789e+04
    Temperature Pressure (bar)
    3.23396e+02    4.43646e+01

           Step           Time
         187000      374.00000

   Energies (kJ/mol)
           Bond       G96Angle  Improper Dih.        LJ (SR)   Coulomb (SR)
    3.86070e+01    3.61931e+01    6.24787e+00   -1.74497e+04   -9.73372e+01
 Position Rest.      Potential    Kinetic En.   Total Energy  Conserved En.
    5.93581e+01   -1.74066e+04    2.67858e+03   -1.47280e+04   -2.11180e+04
    Temperature Pressure (bar)
    3.13995e+02    2.01350e+02

           Step           Time
         188000      376.00000

   Energies (kJ/mol)
           Bond       G96Angle  Improper Dih.        LJ (SR)   Coulomb (SR)
    3.59166e+01    3.05693e+01    6.90009e+00   -1.75679e+04   -9.61122e+01
 Position Rest.      Potential    Kinetic En.   Total Energy  Conserved En.
    6.56708e+01   -1.75250e+04    2.65501e+03   -1.48700e+04   -2.11532e+04
    Temperature Pressure (bar)
    3.11232e+02   -3.42895e+01

           Step           Time
         189000      378.00000

   Energies (kJ/mol)
           Bond       G96Angle  Improper Dih.        LJ (SR)   Coulomb (SR)
    4.33847e+01    3.17128e+01    1.25571e+01   -1.75444e+04   -9.90091e+01
 Position Rest.      Potential    Kinetic En.   Total Energy  Conserved En.
    4.37827e+01   -1.75120e+04    2.58474e+03   -1.49272e+04   -2.11881e+04
    Temperature Pressure (bar)
    3.02995e+02    2.07128e+01

           Step           Time
         190000      380.00000

   Energies (kJ/mol)
           Bond       G96Angle  Improper Dih.        LJ (SR)   Coulomb (SR)
    4.12223e+01    2.69752e+01    5.08574e+00   -1.76815e+04   -1.02819e+02
 Position Rest.      Potential    Kinetic En.   Total Energy  Conserved En.
    7.17607e+01   -1.76393e+04    2.79755e+03   -1.48418e+04   -2.12076e+04
    Temperature Pressure (bar)
    3.27941e+02   -2.15357e+02

           Step           Time
         191000      382.00000

   Energies (kJ/mol)
           Bond       G96Angle  Improper Dih.        LJ (SR)   Coulomb (SR)
    5.79713e+01    2.39498e+01    6.71717e+00   -1.75551e+04   -1.06288e+02
 Position Rest.      Potential    Kinetic En.   Total Energy  Conserved En.
    6.78320e+01   -1.75049e+04    2.63889e+03   -1.48660e+04   -2.11785e+04
    Temperature Pressure (bar)
    3.09343e+02   -6.71907e+01

           Step           Time
         192000      384.00000

   Energies (kJ/mol)
           Bond       G96Angle  Improper Dih.        LJ (SR)   Coulomb (SR)
    4.76062e+01    3.11244e+01    3.28120e+00   -1.76714e+04   -1.03492e+02
 Position Rest.      Potential    Kinetic En.   Total Energy  Conserved En.
    4.74638e+01   -1.76454e+04    2.66933e+03   -1.49761e+04   -2.12052e+04
    Temperature Pressure (bar)
    3.12911e+02   -2.23844e+01

           Step           Time
         193000      386.00000

   Energies (kJ/mol)
           Bond       G96Angle  Improper Dih.        LJ (SR)   Coulomb (SR)
    2.92873e+01    2.29005e+01    6.92439e+00   -1.78089e+04   -9.59085e+01
 Position Rest.      Potential    Kinetic En.   Total Energy  Conserved En.
    5.85139e+01   -1.77871e+04    2.60701e+03   -1.51801e+04   -2.12292e+04
    Temperature Pressure (bar)
    3.05606e+02   -1.93313e+02

           Step           Time
         194000      388.00000

   Energies (kJ/mol)
           Bond       G96Angle  Improper Dih.        LJ (SR)   Coulomb (SR)
    4.10362e+01    2.41583e+01    6.03676e+00   -1.77081e+04   -1.02248e+02
 Position Rest.      Potential    Kinetic En.   Total Energy  Conserved En.
    5.23876e+01   -1.76867e+04    2.59525e+03   -1.50915e+04   -2.12562e+04
    Temperature Pressure (bar)
    3.04227e+02    1.67751e+01

           Step           Time
         195000      390.00000

   Energies (kJ/mol)
           Bond       G96Angle  Improper Dih.        LJ (SR)   Coulomb (SR)
    4.90344e+01    2.15696e+01    5.77735e+00   -1.75810e+04   -9.87491e+01
 Position Rest.      Potential    Kinetic En.   Total Energy  Conserved En.
    5.16944e+01   -1.75517e+04    2.57071e+03   -1.49810e+04   -2.12837e+04
    Temperature Pressure (bar)
    3.01350e+02    9.27490e+01

           Step           Time
         196000      392.00000

   Energies (kJ/mol)
           Bond       G96Angle  Improper Dih.        LJ (SR)   Coulomb (SR)
    4.45014e+01    3.06498e+01    9.65961e+00   -1.76591e+04   -9.95964e+01
 Position Rest.      Potential    Kinetic En.   Total Energy  Conserved En.
    5.84027e+01   -1.76155e+04    2.68974e+03   -1.49257e+04   -2.13024e+04
    Temperature Pressure (bar)
    3.15303e+02   -4.05634e+01

           Step           Time
         197000      394.00000

   Energies (kJ/mol)
           Bond       G96Angle  Improper Dih.        LJ (SR)   Coulomb (SR)
    3.99488e+01    2.06080e+01    7.49289e+00   -1.75767e+04   -1.04146e+02
 Position Rest.      Potential    Kinetic En.   Total Energy  Conserved En.
    5.44172e+01   -1.75584e+04    2.79106e+03   -1.47673e+04   -2.13274e+04
    Temperature Pressure (bar)
    3.27180e+02    7.63879e+01

           Step           Time
         198000      396.00000

   Energies (kJ/mol)
           Bond       G96Angle  Improper Dih.        LJ (SR)   Coulomb (SR)
    3.45100e+01    1.90549e+01    1.09118e+01   -1.76290e+04   -9.46777e+01
 Position Rest.      Potential    Kinetic En.   Total Energy  Conserved En.
    3.16027e+01   -1.76276e+04    2.59927e+03   -1.50284e+04   -2.13628e+04
    Temperature Pressure (bar)
    3.04699e+02   -5.76751e+01

           Step           Time
         199000      398.00000

   Energies (kJ/mol)
           Bond       G96Angle  Improper Dih.        LJ (SR)   Coulomb (SR)
    2.54091e+01    2.99345e+01    1.45573e+01   -1.75476e+04   -9.46430e+01
 Position Rest.      Potential    Kinetic En.   Total Energy  Conserved En.
    7.20773e+01   -1.75003e+04    2.49688e+03   -1.50034e+04   -2.13905e+04
    Temperature Pressure (bar)
    2.92696e+02    1.34575e+02

           Step           Time
         200000      400.00000

   Energies (kJ/mol)
           Bond       G96Angle  Improper Dih.        LJ (SR)   Coulomb (SR)
    3.26822e+01    2.37912e+01    5.92913e+00   -1.76239e+04   -9.48005e+01
 Position Rest.      Potential    Kinetic En.   Total Energy  Conserved En.
    5.67140e+01   -1.75996e+04    2.63949e+03   -1.49601e+04   -2.14186e+04
    Temperature Pressure (bar)
    3.09413e+02   -5.02242e+01

           Step           Time
         201000      402.00000

   Energies (kJ/mol)
           Bond       G96Angle  Improper Dih.        LJ (SR)   Coulomb (SR)
    3.60083e+01    2.24819e+01    1.62698e+01   -1.75791e+04   -9.12585e+01
 Position Rest.      Potential    Kinetic En.   Total Energy  Conserved En.
    5.80354e+01   -1.75375e+04    2.54200e+03   -1.49955e+04   -2.14536e+04
    Temperature Pressure (bar)
    2.97985e+02    7.16935e+01

           Step           Time
         202000      404.00000

   Energies (kJ/mol)
           Bond       G96Angle  Improper Dih.        LJ (SR)   Coulomb (SR)
    3.28438e+01    3.05318e+01    1.60287e+01   -1.75030e+04   -9.25927e+01
 Position Rest.      Potential    Kinetic En.   Total Energy  Conserved En.
    5.90809e+01   -1.74571e+04    2.63506e+03   -1.48220e+04   -2.14790e+04
    Temperature Pressure (bar)
    3.08894e+02    1.32060e+02

           Step           Time
         203000      406.00000

   Energies (kJ/mol)
           Bond       G96Angle  Improper Dih.        LJ (SR)   Coulomb (SR)
    3.70390e+01    1.66572e+01    9.01803e+00   -1.75514e+04   -9.41320e+01
 Position Rest.      Potential    Kinetic En.   Total Energy  Conserved En.
    7.12156e+01   -1.75116e+04    2.60411e+03   -1.49075e+04   -2.15172e+04
    Temperature Pressure (bar)
    3.05265e+02    9.00644e-01

           Step           Time
         204000      408.00000

   Energies (kJ/mol)
           Bond       G96Angle  Improper Dih.        LJ (SR)   Coulomb (SR)
    4.15405e+01    2.56043e+01    5.57459e+00   -1.76441e+04   -9.12122e+01
 Position Rest.      Potential    Kinetic En.   Total Energy  Conserved En.
    5.94846e+01   -1.76031e+04    2.71077e+03   -1.48923e+04   -2.15629e+04
    Temperature Pressure (bar)
    3.17768e+02   -2.16438e+01

           Step           Time
         205000      410.00000

   Energies (kJ/mol)
           Bond       G96Angle  Improper Dih.        LJ (SR)   Coulomb (SR)
    4.53354e+01    3.04945e+01    9.26194e+00   -1.76194e+04   -9.47588e+01
 Position Rest.      Potential    Kinetic En.   Total Energy  Conserved En.
    7.49125e+01   -1.75541e+04    2.73281e+03   -1.48213e+04   -2.16070e+04
    Temperature Pressure (bar)
    3.20352e+02   -2.71483e+01

           Step           Time
         206000      412.00000

   Energies (kJ/mol)
           Bond       G96Angle  Improper Dih.        LJ (SR)   Coulomb (SR)
    3.87836e+01    1.86490e+01    5.51686e+00   -1.76399e+04   -9.27548e+01
 Position Rest.      Potential    Kinetic En.   Total Energy  Conserved En.
    5.60288e+01   -1.76137e+04    2.83491e+03   -1.47788e+04   -2.16283e+04
    Temperature Pressure (bar)
    3.32321e+02    8.74163e+01

           Step           Time
         207000      414.00000

   Energies (kJ/mol)
           Bond       G96Angle  Improper Dih.        LJ (SR)   Coulomb (SR)
    5.62370e+01    3.54627e+01    7.10692e+00   -1.75027e+04   -9.23451e+01
 Position Rest.      Potential    Kinetic En.   Total Energy  Conserved En.
    6.74950e+01   -1.74288e+04    2.60653e+03   -1.48223e+04   -2.16567e+04
    Temperature Pressure (bar)
    3.05549e+02    5.85758e+01

           Step           Time
         208000      416.00000

   Energies (kJ/mol)
           Bond       G96Angle  Improper Dih.        LJ (SR)   Coulomb (SR)
    4.84355e+01    2.28722e+01    9.54044e+00   -1.75487e+04   -9.36776e+01
 Position Rest.      Potential    Kinetic En.   Total Energy  Conserved En.
    6.17709e+01   -1.74998e+04    2.55606e+03   -1.49437e+04   -2.16946e+04
    Temperature Pressure (bar)
    2.99633e+02    1.06510e+02

           Step           Time
         209000      418.00000

   Energies (kJ/mol)
           Bond       G96Angle  Improper Dih.        LJ (SR)   Coulomb (SR)
    3.50194e+01    3.03153e+01    1.05888e+01   -1.75270e+04   -9.50864e+01
 Position Rest.      Potential    Kinetic En.   Total Energy  Conserved En.
    5.18976e+01   -1.74942e+04    2.73633e+03   -1.47579e+04   -2.14893e+04
    Temperature Pressure (bar)
    3.20765e+02    4.73571e+01

           Step           Time
         210000      420.00000

   Energies (kJ/mol)
           Bond       G96Angle  Improper Dih.        LJ (SR)   Coulomb (SR)
    3.91671e+01    2.57734e+01    6.78559e+00   -1.76562e+04   -9.73289e+01
 Position Rest.      Potential    Kinetic En.   Total Energy  Conserved En.
    4.51035e+01   -1.76367e+04    2.73520e+03   -1.49015e+04   -2.15231e+04
    Temperature Pressure (bar)
    3.20633e+02   -9.13135e+01

           Step           Time
         211000      422.00000

   Energies (kJ/mol)
           Bond       G96Angle  Improper Dih.        LJ (SR)   Coulomb (SR)
    3.75992e+01    2.21635e+01    1.11213e+01   -1.75822e+04   -9.36786e+01
 Position Rest.      Potential    Kinetic En.   Total Energy  Conserved En.
    6.33682e+01   -1.75416e+04    2.54977e+03   -1.49918e+04   -2.15579e+04
    Temperature Pressure (bar)
    2.98896e+02    5.55405e+01

           Step           Time
         212000      424.00000

   Energies (kJ/mol)
           Bond       G96Angle  Improper Dih.        LJ (SR)   Coulomb (SR)
    2.63654e+01    1.59861e+01    8.33953e+00   -1.76606e+04   -9.25683e+01
 Position Rest.      Potential    Kinetic En.   Total Energy  Conserved En.
    6.98821e+01   -1.76326e+04    2.75085e+03   -1.48818e+04   -2.15880e+04
    Temperature Pressure (bar)
    3.22467e+02   -9.03717e+01

           Step           Time
         213000      426.00000

   Energies (kJ/mol)
           Bond       G96Angle  Improper Dih.        LJ (SR)   Coulomb (SR)
    2.82750e+01    2.03359e+01    8.48821e+00   -1.76396e+04   -9.80807e+01
 Position Rest.      Potential    Kinetic En.   Total Energy  Conserved En.
    5.13994e+01   -1.76291e+04    2.70719e+03   -1.49220e+04   -2.16131e+04
    Temperature Pressure (bar)
    3.17349e+02   -6.30065e+01

           Step           Time
         214000      428.00000

   Energies (kJ/mol)
           Bond       G96Angle  Improper Dih.        LJ (SR)   Coulomb (SR)
    2.70911e+01    2.02636e+01    5.28272e+00   -1.78247e+04   -1.11517e+02
 Position Rest.      Potential    Kinetic En.   Total Energy  Conserved En.
    3.88584e+01   -1.78447e+04    2.58097e+03   -1.52637e+04   -2.16403e+04
    Temperature Pressure (bar)
    3.02553e+02   -2.02495e+02

           Step           Time
         215000      430.00000

   Energies (kJ/mol)
           Bond       G96Angle  Improper Dih.        LJ (SR)   Coulomb (SR)
    2.62370e+01    1.85223e+01    1.31405e+01   -1.75878e+04   -1.00411e+02
 Position Rest.      Potential    Kinetic En.   Total Energy  Conserved En.
    5.15126e+01   -1.75788e+04    2.64329e+03   -1.49355e+04   -2.16788e+04
    Temperature Pressure (bar)
    3.09859e+02    2.70761e+01

           Step           Time
         216000      432.00000

   Energies (kJ/mol)
           Bond       G96Angle  Improper Dih.        LJ (SR)   Coulomb (SR)
    3.40249e+01    2.75454e+01    8.91980e+00   -1.76762e+04   -9.73420e+01
 Position Rest.      Potential    Kinetic En.   Total Energy  Conserved En.
    6.97107e+01   -1.76333e+04    2.60441e+03   -1.50289e+04   -2.17052e+04
    Temperature Pressure (bar)
    3.05301e+02   -9.03104e+00

           Step           Time
         217000      434.00000

   Energies (kJ/mol)
           Bond       G96Angle  Improper Dih.        LJ (SR)   Coulomb (SR)
    2.49822e+01    2.04676e+01    7.50290e+00   -1.76630e+04   -1.02750e+02
 Position Rest.      Potential    Kinetic En.   Total Energy  Conserved En.
    4.77831e+01   -1.76651e+04    2.60916e+03   -1.50559e+04   -2.17602e+04
    Temperature Pressure (bar)
    3.05858e+02    2.34384e+01

           Step           Time
         218000      436.00000

   Energies (kJ/mol)
           Bond       G96Angle  Improper Dih.        LJ (SR)   Coulomb (SR)
    4.68861e+01    2.71901e+01    1.43291e+01   -1.76814e+04   -1.00667e+02
 Position Rest.      Potential    Kinetic En.   Total Energy  Conserved En.
    7.66421e+01   -1.76170e+04    2.61777e+03   -1.49992e+04   -2.17768e+04
    Temperature Pressure (bar)
    3.06867e+02    1.37745e+01

           Step           Time
         219000      438.00000

   Energies (kJ/mol)
           Bond       G96Angle  Improper Dih.        LJ (SR)   Coulomb (SR)
    4.07787e+01    3.08269e+01    7.75602e+00   -1.76677e+04   -1.04616e+02
 Position Rest.      Potential    Kinetic En.   Total Energy  Conserved En.
    7.11027e+01   -1.76219e+04    2.63518e+03   -1.49867e+04   -2.18072e+04
    Temperature Pressure (bar)
    3.08908e+02    8.14522e+01

           Step           Time
         220000      440.00000

   Energies (kJ/mol)
           Bond       G96Angle  Improper Dih.        LJ (SR)   Coulomb (SR)
    8.17073e+01    3.51811e+01    7.13957e+00   -1.76116e+04   -1.08337e+02
 Position Rest.      Potential    Kinetic En.   Total Energy  Conserved En.
    6.47270e+01   -1.75312e+04    2.89036e+03   -1.46408e+04   -2.14366e+04
    Temperature Pressure (bar)
    3.38821e+02    1.25490e+02

           Step           Time
         221000      442.00000

   Energies (kJ/mol)
           Bond       G96Angle  Improper Dih.        LJ (SR)   Coulomb (SR)
    5.71178e+01    3.12286e+01    1.88631e+01   -1.76164e+04   -1.01808e+02
 Position Rest.      Potential    Kinetic En.   Total Energy  Conserved En.
    6.72730e+01   -1.75437e+04    2.67438e+03   -1.48694e+04   -2.14689e+04
    Temperature Pressure (bar)
    3.13503e+02    1.06634e+02

           Step           Time
         222000      444.00000

   Energies (kJ/mol)
           Bond       G96Angle  Improper Dih.        LJ (SR)   Coulomb (SR)
    4.48150e+01    2.67476e+01    5.63509e+00   -1.75470e+04   -1.06577e+02
 Position Rest.      Potential    Kinetic En.   Total Energy  Conserved En.
    6.41332e+01   -1.75123e+04    2.63257e+03   -1.48797e+04   -2.14840e+04
    Temperature Pressure (bar)
    3.08602e+02    7.88266e+01

           Step           Time
         223000      446.00000

   Energies (kJ/mol)
           Bond       G96Angle  Improper Dih.        LJ (SR)   Coulomb (SR)
    3.86967e+01    1.65492e+01    9.84494e+00   -1.75780e+04   -1.00122e+02
 Position Rest.      Potential    Kinetic En.   Total Energy  Conserved En.
    6.74809e+01   -1.75456e+04    2.62685e+03   -1.49187e+04   -2.15070e+04
    Temperature Pressure (bar)
    3.07931e+02    2.27239e+01

           Step           Time
         224000      448.00000

   Energies (kJ/mol)
           Bond       G96Angle  Improper Dih.        LJ (SR)   Coulomb (SR)
    2.52494e+01    1.73435e+01    7.57285e+00   -1.76952e+04   -1.02256e+02
 Position Rest.      Potential    Kinetic En.   Total Energy  Conserved En.
    3.96241e+01   -1.77076e+04    2.59439e+03   -1.51133e+04   -2.15204e+04
    Temperature Pressure (bar)
    3.04126e+02   -1.26034e+02

           Step           Time
         225000      450.00000

   Energies (kJ/mol)
           Bond       G96Angle  Improper Dih.        LJ (SR)   Coulomb (SR)
    2.43031e+01    2.23566e+01    1.36085e+01   -1.76530e+04   -1.09631e+02
 Position Rest.      Potential    Kinetic En.   Total Energy  Conserved En.
    5.70562e+01   -1.76453e+04    2.71004e+03   -1.49353e+04   -2.15501e+04
    Temperature Pressure (bar)
    3.17683e+02    1.30168e+01

           Step           Time
         226000      452.00000

   Energies (kJ/mol)
           Bond       G96Angle  Improper Dih.        LJ (SR)   Coulomb (SR)
    4.90214e+01    2.77767e+01    4.15512e+00   -1.76273e+04   -1.07745e+02
 Position Rest.      Potential    Kinetic En.   Total Energy  Conserved En.
    5.75595e+01   -1.75966e+04    2.65356e+03   -1.49430e+04   -2.15879e+04
    Temperature Pressure (bar)
    3.11062e+02    9.98241e+00

           Step           Time
         227000      454.00000

   Energies (kJ/mol)
           Bond       G96Angle  Improper Dih.        LJ (SR)   Coulomb (SR)
    2.39293e+01    2.42945e+01    1.53396e+01   -1.75917e+04   -1.06967e+02
 Position Rest.      Potential    Kinetic En.   Total Energy  Conserved En.
    5.86257e+01   -1.75764e+04    2.63373e+03   -1.49427e+04   -2.16236e+04
    Temperature Pressure (bar)
    3.08738e+02    3.09808e+01

           Step           Time
         228000      456.00000

   Energies (kJ/mol)
           Bond       G96Angle  Improper Dih.        LJ (SR)   Coulomb (SR)
    3.75584e+01    2.55119e+01    9.69065e+00   -1.77212e+04   -1.06141e+02
 Position Rest.      Potential    Kinetic En.   Total Energy  Conserved En.
    5.06636e+01   -1.77039e+04    2.63517e+03   -1.50688e+04   -2.16559e+04
    Temperature Pressure (bar)
    3.08906e+02   -8.10930e+01

           Step           Time
         229000      458.00000

   Energies (kJ/mol)
           Bond       G96Angle  Improper Dih.        LJ (SR)   Coulomb (SR)
    2.95199e+01    2.52961e+01    8.86808e+00   -1.77542e+04   -9.93494e+01
 Position Rest.      Potential    Kinetic En.   Total Energy  Conserved En.
    6.90946e+01   -1.77208e+04    2.60392e+03   -1.51168e+04   -2.16854e+04
    Temperature Pressure (bar)
    3.05244e+02   -1.04197e+02

           Step           Time
         230000      460.00000

   Energies (kJ/mol)
           Bond       G96Angle  Improper Dih.        LJ (SR)   Coulomb (SR)
    5.97909e+01    3.25866e+01    1.65357e+01   -1.73144e+04   -1.00089e+02
 Position Rest.      Potential    Kinetic En.   Total Energy  Conserved En.
    1.08443e+02   -1.71971e+04    2.80690e+03   -1.43902e+04   -2.08065e+04
    Temperature Pressure (bar)
    3.29037e+02    4.31786e+02

           Step           Time
         231000      462.00000

   Energies (kJ/mol)
           Bond       G96Angle  Improper Dih.        LJ (SR)   Coulomb (SR)
    4.54273e+01    2.57300e+01    5.51320e+00   -1.74907e+04   -1.09436e+02
 Position Rest.      Potential    Kinetic En.   Total Energy  Conserved En.
    7.21679e+01   -1.74513e+04    2.79891e+03   -1.46524e+04   -2.08521e+04
    Temperature Pressure (bar)
    3.28101e+02    1.71738e+02

           Step           Time
         232000      464.00000

   Energies (kJ/mol)
           Bond       G96Angle  Improper Dih.        LJ (SR)   Coulomb (SR)
    4.02138e+01    2.23533e+01    1.21363e+01   -1.75252e+04   -1.04303e+02
 Position Rest.      Potential    Kinetic En.   Total Energy  Conserved En.
    6.48458e+01   -1.74899e+04    2.60815e+03   -1.48818e+04   -2.08763e+04
    Temperature Pressure (bar)
    3.05739e+02    1.20440e+01

           Step           Time
         233000      466.00000

   Energies (kJ/mol)
           Bond       G96Angle  Improper Dih.        LJ (SR)   Coulomb (SR)
    5.09344e+01    2.04181e+01    1.41375e+01   -1.75662e+04   -1.16741e+02
 Position Rest.      Potential    Kinetic En.   Total Energy  Conserved En.
    5.31101e+01   -1.75444e+04    2.60429e+03   -1.49401e+04   -2.09095e+04
    Temperature Pressure (bar)
    3.05286e+02   -1.27365e+02

           Step           Time
         234000      468.00000

   Energies (kJ/mol)
           Bond       G96Angle  Improper Dih.        LJ (SR)   Coulomb (SR)
    3.52666e+01    2.33826e+01    7.80560e+00   -1.76888e+04   -1.19826e+02
 Position Rest.      Potential    Kinetic En.   Total Energy  Conserved En.
    4.48806e+01   -1.76973e+04    2.68767e+03   -1.50096e+04   -2.09326e+04
    Temperature Pressure (bar)
    3.15061e+02   -1.45518e+02

           Step           Time
         235000      470.00000

   Energies (kJ/mol)
           Bond       G96Angle  Improper Dih.        LJ (SR)   Coulomb (SR)
    3.80097e+01    2.11527e+01    9.97935e+00   -1.75218e+04   -1.24297e+02
 Position Rest.      Potential    Kinetic En.   Total Energy  Conserved En.
    5.50470e+01   -1.75219e+04    2.48105e+03   -1.50408e+04   -2.09696e+04
    Temperature Pressure (bar)
    2.90840e+02    2.93117e+01

           Step           Time
         236000      472.00000

   Energies (kJ/mol)
           Bond       G96Angle  Improper Dih.        LJ (SR)   Coulomb (SR)
    3.06664e+01    1.94916e+01    1.03853e+01   -1.75995e+04   -1.27197e+02
 Position Rest.      Potential    Kinetic En.   Total Energy  Conserved En.
    5.79383e+01   -1.76082e+04    2.55532e+03   -1.50529e+04   -2.10048e+04
    Temperature Pressure (bar)
    2.99546e+02    1.15461e+02

           Step           Time
         237000      474.00000

   Energies (kJ/mol)
           Bond       G96Angle  Improper Dih.        LJ (SR)   Coulomb (SR)
    3.01448e+01    2.61572e+01    1.46158e+01   -1.76112e+04   -1.21771e+02
 Position Rest.      Potential    Kinetic En.   Total Energy  Conserved En.
    5.02492e+01   -1.76118e+04    2.73915e+03   -1.48727e+04   -2.10378e+04
    Temperature Pressure (bar)
    3.21095e+02    1.46208e+01

           Step           Time
         238000      476.00000

   Energies (kJ/mol)
           Bond       G96Angle  Improper Dih.        LJ (SR)   Coulomb (SR)
    7.03840e+01    2.35794e+01    4.51784e+00   -1.76576e+04   -1.29444e+02
 Position Rest.      Potential    Kinetic En.   Total Energy  Conserved En.
    7.74649e+01   -1.76111e+04    2.74284e+03   -1.48683e+04   -2.10541e+04
    Temperature Pressure (bar)
    3.21529e+02   -3.38217e+01

           Step           Time
         239000      478.00000

   Energies (kJ/mol)
           Bond       G96Angle  Improper Dih.        LJ (SR)   Coulomb (SR)
    4.03273e+01    1.58300e+01    1.08305e+01   -1.77784e+04   -1.27851e+02
 Position Rest.      Potential    Kinetic En.   Total Energy  Conserved En.
    6.18052e+01   -1.77774e+04    2.53714e+03   -1.52403e+04   -2.10847e+04
    Temperature Pressure (bar)
    2.97415e+02   -1.73315e+02

           Step           Time
         240000      480.00000

   Energies (kJ/mol)
           Bond       G96Angle  Improper Dih.        LJ (SR)   Coulomb (SR)
    3.13132e+01    2.59663e+01    8.47250e+00   -1.77858e+04   -1.29089e+02
 Position Rest.      Potential    Kinetic En.   Total Energy  Conserved En.
    5.55570e+01   -1.77936e+04    2.55057e+03   -1.52430e+04   -2.11034e+04
    Temperature Pressure (bar)
    2.98989e+02   -1.02579e+02

           Step           Time
         241000      482.00000

   Energies (kJ/mol)
           Bond       G96Angle  Improper Dih.        LJ (SR)   Coulomb (SR)
    2.73350e+01    3.48046e+01    1.06429e+01   -1.77959e+04   -1.23875e+02
 Position Rest.      Potential    Kinetic En.   Total Energy  Conserved En.
    5.59896e+01   -1.77910e+04    2.67437e+03   -1.51166e+04   -2.11276e+04
    Temperature Pressure (bar)
    3.13501e+02   -8.95503e+01

           Step           Time
         242000      484.00000

   Energies (kJ/mol)
           Bond       G96Angle  Improper Dih.        LJ (SR)   Coulomb (SR)
    2.71858e+01    2.18802e+01    6.65425e+00   -1.76933e+04   -1.19008e+02
 Position Rest.      Potential    Kinetic En.   Total Energy  Conserved En.
    6.06093e+01   -1.76960e+04    2.65571e+03   -1.50403e+04   -2.11659e+04
    Temperature Pressure (bar)
    3.11314e+02   -1.22155e+01

           Step           Time
         243000      486.00000

   Energies (kJ/mol)
           Bond       G96Angle  Improper Dih.        LJ (SR)   Coulomb (SR)
    3.84249e+01    1.95792e+01    5.23699e+00   -1.75379e+04   -1.24385e+02
 Position Rest.      Potential    Kinetic En.   Total Energy  Conserved En.
    5.41701e+01   -1.75448e+04    2.60155e+03   -1.49433e+04   -2.11968e+04
    Temperature Pressure (bar)
    3.04966e+02    2.11576e+02

           Step           Time
         244000      488.00000

   Energies (kJ/mol)
           Bond       G96Angle  Improper Dih.        LJ (SR)   Coulomb (SR)
    3.53507e+01    2.11048e+01    9.49373e+00   -1.76125e+04   -1.11319e+02
 Position Rest.      Potential    Kinetic En.   Total Energy  Conserved En.
    6.76043e+01   -1.75903e+04    2.55896e+03   -1.50314e+04   -2.12316e+04
    Temperature Pressure (bar)
    2.99972e+02    1.20335e+02

           Step           Time
         245000      490.00000

   Energies (kJ/mol)
           Bond       G96Angle  Improper Dih.        LJ (SR)   Coulomb (SR)
    5.29331e+01    2.31625e+01    1.69454e+01   -1.77541e+04   -1.17332e+02
 Position Rest.      Potential    Kinetic En.   Total Energy  Conserved En.
    4.23166e+01   -1.77361e+04    2.72665e+03   -1.50094e+04   -2.12544e+04
    Temperature Pressure (bar)
    3.19630e+02   -8.07247e+01

           Step           Time
         246000      492.00000

   Energies (kJ/mol)
           Bond       G96Angle  Improper Dih.        LJ (SR)   Coulomb (SR)
    4.24403e+01    2.49706e+01    9.59639e+00   -1.76257e+04   -1.16802e+02
 Position Rest.      Potential    Kinetic En.   Total Energy  Conserved En.
    5.85175e+01   -1.76069e+04    2.47413e+03   -1.51328e+04   -2.12841e+04
    Temperature Pressure (bar)
    2.90028e+02    1.05194e+02

           Step           Time
         247000      494.00000

   Energies (kJ/mol)
           Bond       G96Angle  Improper Dih.        LJ (SR)   Coulomb (SR)
    4.39905e+01    1.76586e+01    1.21619e+01   -1.76700e+04   -1.29815e+02
 Position Rest.      Potential    Kinetic En.   Total Energy  Conserved En.
    5.54191e+01   -1.76706e+04    2.61141e+03   -1.50592e+04   -2.13048e+04
    Temperature Pressure (bar)
    3.06121e+02    5.07876e+01

           Step           Time
         248000      496.00000

   Energies (kJ/mol)
           Bond       G96Angle  Improper Dih.        LJ (SR)   Coulomb (SR)
    4.32548e+01    2.26166e+01    9.74996e+00   -1.75804e+04   -1.20562e+02
 Position Rest.      Potential    Kinetic En.   Total Energy  Conserved En.
    5.75197e+01   -1.75678e+04    2.62888e+03   -1.49389e+04   -2.13355e+04
    Temperature Pressure (bar)
    3.08169e+02    1.27414e+02

           Step           Time
         249000      498.00000

   Energies (kJ/mol)
           Bond       G96Angle  Improper Dih.        LJ (SR)   Coulomb (SR)
    4.02389e+01    2.73595e+01    7.87758e+00   -1.76803e+04   -1.15053e+02
 Position Rest.      Potential    Kinetic En.   Total Energy  Conserved En.
    5.70861e+01   -1.76628e+04    2.68377e+03   -1.49790e+04   -2.13511e+04
    Temperature Pressure (bar)
    3.14604e+02   -4.13875e+01

           Step           Time
         250000      500.00000

   Energies (kJ/mol)
           Bond       G96Angle  Improper Dih.        LJ (SR)   Coulomb (SR)
    3.71606e+01    2.92341e+01    1.58710e+01   -1.76320e+04   -1.19538e+02
 Position Rest.      Potential    Kinetic En.   Total Energy  Conserved En.
    6.60742e+01   -1.76032e+04    2.52177e+03   -1.50814e+04   -2.13799e+04
    Temperature Pressure (bar)
    2.95614e+02    6.05126e+01

           Step           Time
         251000      502.00000

   Energies (kJ/mol)
           Bond       G96Angle  Improper Dih.        LJ (SR)   Coulomb (SR)
    4.56366e+01    3.83352e+01    7.42777e+00   -1.75631e+04   -1.17664e+02
 Position Rest.      Potential    Kinetic En.   Total Energy  Conserved En.
    6.94682e+01   -1.75199e+04    2.57151e+03   -1.49484e+04   -2.14170e+04
    Temperature Pressure (bar)
    3.01444e+02    5.98454e+01

           Step           Time
         252000      504.00000

   Energies (kJ/mol)
           Bond       G96Angle  Improper Dih.        LJ (SR)   Coulomb (SR)
    3.42026e+01    3.23525e+01    1.36676e+01   -1.75985e+04   -1.20942e+02
 Position Rest.      Potential    Kinetic En.   Total Energy  Conserved En.
    6.01569e+01   -1.75790e+04    2.65625e+03   -1.49228e+04   -2.14511e+04
    Temperature Pressure (bar)
    3.11377e+02   -7.25037e+00

           Step           Time
         253000      506.00000

   Energies (kJ/mol)
           Bond       G96Angle  Improper Dih.        LJ (SR)   Coulomb (SR)
    6.06811e+01    3.33210e+01    1.83114e+01   -1.76356e+04   -1.30781e+02
 Position Rest.      Potential    Kinetic En.   Total Energy  Conserved En.
    5.76430e+01   -1.75964e+04    2.59392e+03   -1.50025e+04   -2.14754e+04
    Temperature Pressure (bar)
    3.04071e+02   -1.10671e+01

           Step           Time
         254000      508.00000

   Energies (kJ/mol)
           Bond       G96Angle  Improper Dih.        LJ (SR)   Coulomb (SR)
    3.57170e+01    2.39126e+01    9.94755e+00   -1.76279e+04   -1.14223e+02
 Position Rest.      Potential    Kinetic En.   Total Energy  Conserved En.
    5.42360e+01   -1.76183e+04    2.66977e+03   -1.49486e+04   -2.15104e+04
    Temperature Pressure (bar)
    3.12963e+02   -2.83080e+01

           Step           Time
         255000      510.00000

   Energies (kJ/mol)
           Bond       G96Angle  Improper Dih.        LJ (SR)   Coulomb (SR)
    3.61102e+01    4.28370e+01    1.45192e+01   -1.75734e+04   -1.19888e+02
 Position Rest.      Potential    Kinetic En.   Total Energy  Conserved En.
    6.14806e+01   -1.75383e+04    2.69251e+03   -1.48458e+04   -2.15427e+04
    Temperature Pressure (bar)
    3.15629e+02    2.48190e+01

           Step           Time
         256000      512.00000

   Energies (kJ/mol)
           Bond       G96Angle  Improper Dih.        LJ (SR)   Coulomb (SR)
    3.40976e+01    2.95382e+01    1.71809e+01   -1.77260e+04   -1.17170e+02
 Position Rest.      Potential    Kinetic En.   Total Energy  Conserved En.
    6.49934e+01   -1.76973e+04    2.77343e+03   -1.49239e+04   -2.15824e+04
    Temperature Pressure (bar)
    3.25114e+02   -1.27043e+02

           Step           Time
         257000      514.00000

   Energies (kJ/mol)
           Bond       G96Angle  Improper Dih.        LJ (SR)   Coulomb (SR)
    4.71923e+01    2.11337e+01    6.85399e+00   -1.77790e+04   -1.08540e+02
 Position Rest.      Potential    Kinetic En.   Total Energy  Conserved En.
    6.34925e+01   -1.77489e+04    2.63787e+03   -1.51110e+04   -2.16027e+04
    Temperature Pressure (bar)
    3.09223e+02   -2.44496e+02

           Step           Time
         258000      516.00000

   Energies (kJ/mol)
           Bond       G96Angle  Improper Dih.        LJ (SR)   Coulomb (SR)
    5.83132e+01    3.22177e+01    4.07321e+00   -1.76178e+04   -1.12102e+02
 Position Rest.      Potential    Kinetic En.   Total Energy  Conserved En.
    5.18802e+01   -1.75834e+04    2.66232e+03   -1.49211e+04   -2.16330e+04
    Temperature Pressure (bar)
    3.12090e+02    6.36035e+01

           Step           Time
         259000      518.00000

   Energies (kJ/mol)
           Bond       G96Angle  Improper Dih.        LJ (SR)   Coulomb (SR)
    3.25662e+01    2.19057e+01    1.39223e+01   -1.76622e+04   -1.14462e+02
 Position Rest.      Potential    Kinetic En.   Total Energy  Conserved En.
    5.86034e+01   -1.76496e+04    2.58760e+03   -1.50620e+04   -2.16551e+04
    Temperature Pressure (bar)
    3.03330e+02    4.21601e+01

           Step           Time
         260000      520.00000

   Energies (kJ/mol)
           Bond       G96Angle  Improper Dih.        LJ (SR)   Coulomb (SR)
    3.95165e+01    1.46039e+01    6.90633e+00   -1.75494e+04   -1.25122e+02
 Position Rest.      Potential    Kinetic En.   Total Energy  Conserved En.
    7.66125e+01   -1.75368e+04    2.52642e+03   -1.50104e+04   -2.16845e+04
    Temperature Pressure (bar)
    2.96158e+02    1.77706e+02

           Step           Time
         261000      522.00000

   Energies (kJ/mol)
           Bond       G96Angle  Improper Dih.        LJ (SR)   Coulomb (SR)
    3.72453e+01    2.04858e+01    4.39616e+00   -1.75731e+04   -1.29174e+02
 Position Rest.      Potential    Kinetic En.   Total Energy  Conserved En.
    6.61723e+01   -1.75740e+04    2.58218e+03   -1.49918e+04   -2.17121e+04
    Temperature Pressure (bar)
    3.02695e+02    7.10017e+01

           Step           Time
         262000      524.00000

   Energies (kJ/mol)
           Bond       G96Angle  Improper Dih.        LJ (SR)   Coulomb (SR)
    5.23942e+01    2.22539e+01    1.21770e+01   -1.76090e+04   -1.24731e+02
 Position Rest.      Potential    Kinetic En.   Total Energy  Conserved En.
    6.65306e+01   -1.75804e+04    2.53182e+03   -1.50486e+04   -2.17377e+04
    Temperature Pressure (bar)
    2.96791e+02    7.23781e+00

           Step           Time
         263000      526.00000

   Energies (kJ/mol)
           Bond       G96Angle  Improper Dih.        LJ (SR)   Coulomb (SR)
    5.17582e+01    3.56732e+01    1.55487e+01   -1.75924e+04   -1.24880e+02
 Position Rest.      Potential    Kinetic En.   Total Energy  Conserved En.
    6.93441e+01   -1.75450e+04    2.70797e+03   -1.48370e+04   -2.17156e+04
    Temperature Pressure (bar)
    3.17440e+02    9.34452e+01

           Step           Time
         264000      528.00000

   Energies (kJ/mol)
           Bond       G96Angle  Improper Dih.        LJ (SR)   Coulomb (SR)
    3.42282e+01    2.24797e+01    2.08469e+01   -1.76022e+04   -1.22277e+02
 Position Rest.      Potential    Kinetic En.   Total Energy  Conserved En.
    6.56775e+01   -1.75813e+04    2.78155e+03   -1.47997e+04   -2.17521e+04
    Temperature Pressure (bar)
    3.26066e+02    6.98423e+01

           Step           Time
         265000      530.00000

   Energies (kJ/mol)
           Bond       G96Angle  Improper Dih.        LJ (SR)   Coulomb (SR)
    5.26445e+01    1.95502e+01    6.56118e+00   -1.75078e+04   -1.19622e+02
 Position Rest.      Potential    Kinetic En.   Total Energy  Conserved En.
    8.70012e+01   -1.74616e+04    2.64448e+03   -1.48171e+04   -2.17770e+04
    Temperature Pressure (bar)
    3.09998e+02    1.23834e+02

           Step           Time
         266000      532.00000

   Energies (kJ/mol)
           Bond       G96Angle  Improper Dih.        LJ (SR)   Coulomb (SR)
    3.83074e+01    1.84886e+01    8.84062e+00   -1.75537e+04   -1.21672e+02
 Position Rest.      Potential    Kinetic En.   Total Energy  Conserved En.
    5.70534e+01   -1.75526e+04    2.51102e+03   -1.50416e+04   -2.18068e+04
    Temperature Pressure (bar)
    2.94353e+02   -1.68382e+01

           Step           Time
         267000      534.00000

   Energies (kJ/mol)
           Bond       G96Angle  Improper Dih.        LJ (SR)   Coulomb (SR)
    3.00688e+01    2.23743e+01    1.65278e+01   -1.76650e+04   -1.14118e+02
 Position Rest.      Potential    Kinetic En.   Total Energy  Conserved En.
    4.33450e+01   -1.76668e+04    2.45434e+03   -1.52125e+04   -2.18367e+04
    Temperature Pressure (bar)
    2.87709e+02   -8.05992e+01

           Step           Time
         268000      536.00000

   Energies (kJ/mol)
           Bond       G96Angle  Improper Dih.        LJ (SR)   Coulomb (SR)
    3.06337e+01    2.83980e+01    1.03188e+01   -1.76474e+04   -1.18751e+02
 Position Rest.      Potential    Kinetic En.   Total Energy  Conserved En.
    5.91908e+01   -1.76377e+04    2.58689e+03   -1.50508e+04   -2.18646e+04
    Temperature Pressure (bar)
    3.03247e+02   -1.67370e+02

           Step           Time
         269000      538.00000

   Energies (kJ/mol)
           Bond       G96Angle  Improper Dih.        LJ (SR)   Coulomb (SR)
    3.14429e+01    1.95928e+01    4.38130e+00   -1.76146e+04   -1.27442e+02
 Position Rest.      Potential    Kinetic En.   Total Energy  Conserved En.
    4.10215e+01   -1.76456e+04    2.69119e+03   -1.49544e+04   -2.18960e+04
    Temperature Pressure (bar)
    3.15473e+02    8.92505e+01

           Step           Time
         270000      540.00000

   Energies (kJ/mol)
           Bond       G96Angle  Improper Dih.        LJ (SR)   Coulomb (SR)
    2.23175e+01    2.53765e+01    1.28674e+01   -1.76073e+04   -1.21125e+02
 Position Rest.      Potential    Kinetic En.   Total Energy  Conserved En.
    5.55503e+01   -1.76123e+04    2.61689e+03   -1.49954e+04   -2.19230e+04
    Temperature Pressure (bar)
    3.06763e+02    5.73645e+01

           Step           Time
         271000      542.00000

   Energies (kJ/mol)
           Bond       G96Angle  Improper Dih.        LJ (SR)   Coulomb (SR)
    6.18562e+01    2.97847e+01    9.09136e+00   -1.76362e+04   -1.12474e+02
 Position Rest.      Potential    Kinetic En.   Total Energy  Conserved En.
    7.47011e+01   -1.75732e+04    2.78895e+03   -1.47843e+04   -2.19525e+04
    Temperature Pressure (bar)
    3.26933e+02    2.38532e+01

           Step           Time
         272000      544.00000

   Energies (kJ/mol)
           Bond       G96Angle  Improper Dih.        LJ (SR)   Coulomb (SR)
    4.52265e+01    2.40118e+01    6.45683e+00   -1.76949e+04   -1.23512e+02
 Position Rest.      Potential    Kinetic En.   Total Energy  Conserved En.
    6.93887e+01   -1.76734e+04    2.63226e+03   -1.50411e+04   -2.19799e+04
    Temperature Pressure (bar)
    3.08566e+02   -4.20200e+01

           Step           Time
         273000      546.00000

   Energies (kJ/mol)
           Bond       G96Angle  Improper Dih.        LJ (SR)   Coulomb (SR)
    4.01701e+01    2.50757e+01    4.73279e+00   -1.75128e+04   -1.23781e+02
 Position Rest.      Potential    Kinetic En.   Total Energy  Conserved En.
    5.06403e+01   -1.75159e+04    2.41455e+03   -1.51014e+04   -2.20043e+04
    Temperature Pressure (bar)
    2.83044e+02    6.40670e+01

           Step           Time
         274000      548.00000

   Energies (kJ/mol)
           Bond       G96Angle  Improper Dih.        LJ (SR)   Coulomb (SR)
    4.42684e+01    2.46820e+01    7.73345e+00   -1.77186e+04   -1.22875e+02
 Position Rest.      Potential    Kinetic En.   Total Energy  Conserved En.
    6.18351e+01   -1.77029e+04    2.47202e+03   -1.52309e+04   -2.20250e+04
    Temperature Pressure (bar)
    2.89781e+02   -7.56461e+01

           Step           Time
         275000      550.00000

   Energies (kJ/mol)
           Bond       G96Angle  Improper Dih.        LJ (SR)   Coulomb (SR)
    3.36931e+01    1.46352e+01    1.41442e+01   -1.77382e+04   -1.22385e+02
 Position Rest.      Potential    Kinetic En.   Total Energy  Conserved En.
    7.03200e+01   -1.77278e+04    2.69005e+03   -1.50378e+04   -2.20469e+04
    Temperature Pressure (bar)
    3.15340e+02   -1.23219e+02

           Step           Time
         276000      552.00000

   Energies (kJ/mol)
           Bond       G96Angle  Improper Dih.        LJ (SR)   Coulomb (SR)
    3.31907e+01    2.32685e+01    7.86969e+00   -1.75642e+04   -1.12948e+02
 Position Rest.      Potential    Kinetic En.   Total Energy  Conserved En.
    7.77707e+01   -1.75350e+04    2.64866e+03   -1.48864e+04   -2.20687e+04
    Temperature Pressure (bar)
    3.10488e+02    1.58594e+02

           Step           Time
         277000      554.00000

   Energies (kJ/mol)
           Bond       G96Angle  Improper Dih.        LJ (SR)   Coulomb (SR)
    5.92326e+01    2.14126e+01    1.31291e+01   -1.76545e+04   -1.26754e+02
 Position Rest.      Potential    Kinetic En.   Total Energy  Conserved En.
    6.89988e+01   -1.76185e+04    2.73012e+03   -1.48883e+04   -2.21005e+04
    Temperature Pressure (bar)
    3.20038e+02   -1.51597e+01

           Step           Time
         278000      556.00000

   Energies (kJ/mol)
           Bond       G96Angle  Improper Dih.        LJ (SR)   Coulomb (SR)
    4.29172e+01    3.23587e+01    1.18305e+01   -1.74675e+04   -1.12027e+02
 Position Rest.      Potential    Kinetic En.   Total Energy  Conserved En.
    8.35765e+01   -1.74089e+04    2.65070e+03   -1.47582e+04   -2.21251e+04
    Temperature Pressure (bar)
    3.10727e+02    2.24357e+02

           Step           Time
         279000      558.00000

   Energies (kJ/mol)
           Bond       G96Angle  Improper Dih.        LJ (SR)   Coulomb (SR)
    6.68097e+01    2.53104e+01    6.23962e+00   -1.75646e+04   -1.12232e+02
 Position Rest.      Potential    Kinetic En.   Total Energy  Conserved En.
    6.06247e+01   -1.75179e+04    2.65348e+03   -1.48644e+04   -2.21679e+04
    Temperature Pressure (bar)
    3.11053e+02    1.55474e+02

           Step           Time
         280000      560.00000

   Energies (kJ/mol)
           Bond       G96Angle  Improper Dih.        LJ (SR)   Coulomb (SR)
    4.38380e+01    1.47195e+01    6.77226e+00   -1.76786e+04   -1.11261e+02
 Position Rest.      Potential    Kinetic En.   Total Energy  Conserved En.
    5.56953e+01   -1.76688e+04    2.85982e+03   -1.48090e+04   -2.21834e+04
    Temperature Pressure (bar)
    3.35241e+02   -6.04284e+01

           Step           Time
         281000      562.00000

   Energies (kJ/mol)
           Bond       G96Angle  Improper Dih.        LJ (SR)   Coulomb (SR)
    4.20621e+01    2.09230e+01    1.04816e+01   -1.74750e+04   -1.07211e+02
 Position Rest.      Potential    Kinetic En.   Total Energy  Conserved En.
    6.03773e+01   -1.74483e+04    2.57440e+03   -1.48739e+04   -2.22240e+04
    Temperature Pressure (bar)
    3.01783e+02    8.07427e+01

           Step           Time
         282000      564.00000

   Energies (kJ/mol)
           Bond       G96Angle  Improper Dih.        LJ (SR)   Coulomb (SR)
    4.86982e+01    2.35370e+01    1.00308e+01   -1.75028e+04   -1.08618e+02
 Position Rest.      Potential    Kinetic En.   Total Energy  Conserved En.
    5.67356e+01   -1.74725e+04    2.73191e+03   -1.47406e+04   -2.22524e+04
    Temperature Pressure (bar)
    3.20247e+02    2.96536e+01

           Step           Time
         283000      566.00000

   Energies (kJ/mol)
           Bond       G96Angle  Improper Dih.        LJ (SR)   Coulomb (SR)
    5.25517e+01    2.96405e+01    9.64056e+00   -1.73911e+04   -1.06730e+02
 Position Rest.      Potential    Kinetic En.   Total Energy  Conserved En.
    6.14829e+01   -1.73445e+04    2.58646e+03   -1.47581e+04   -2.22762e+04
    Temperature Pressure (bar)
    3.03197e+02    1.53084e+02

           Step           Time
         284000      568.00000

   Energies (kJ/mol)
           Bond       G96Angle  Improper Dih.        LJ (SR)   Coulomb (SR)
    2.63989e+01    3.24131e+01    5.74090e+00   -1.76311e+04   -1.02612e+02
 Position Rest.      Potential    Kinetic En.   Total Energy  Conserved En.
    5.69065e+01   -1.76123e+04    2.58144e+03   -1.50308e+04   -2.23105e+04
    Temperature Pressure (bar)
    3.02608e+02   -1.51014e+02

           Step           Time
         285000      570.00000

   Energies (kJ/mol)
           Bond       G96Angle  Improper Dih.        LJ (SR)   Coulomb (SR)
    3.54247e+01    3.26446e+01    1.14806e+01   -1.75704e+04   -1.06805e+02
 Position Rest.      Potential    Kinetic En.   Total Energy  Conserved En.
    6.67417e+01   -1.75309e+04    2.51089e+03   -1.50200e+04   -2.23398e+04
    Temperature Pressure (bar)
    2.94338e+02    6.96381e+00

           Step           Time
         286000      572.00000

   Energies (kJ/mol)
           Bond       G96Angle  Improper Dih.        LJ (SR)   Coulomb (SR)
    4.49868e+01    2.65882e+01    5.60414e+00   -1.75292e+04   -1.01336e+02
 Position Rest.      Potential    Kinetic En.   Total Energy  Conserved En.
    6.05050e+01   -1.74928e+04    2.68874e+03   -1.48041e+04   -2.23677e+04
    Temperature Pressure (bar)
    3.15186e+02    7.53347e+01

           Step           Time
         287000      574.00000

   Energies (kJ/mol)
           Bond       G96Angle  Improper Dih.        LJ (SR)   Coulomb (SR)
    5.57005e+01    2.64013e+01    1.26676e+01   -1.76192e+04   -9.77082e+01
 Position Rest.      Potential    Kinetic En.   Total Energy  Conserved En.
    6.09325e+01   -1.75612e+04    2.70813e+03   -1.48530e+04   -2.23898e+04
    Temperature Pressure (bar)
    3.17459e+02   -8.88148e+01

           Step           Time
         288000      576.00000

   Energies (kJ/mol)
           Bond       G96Angle  Improper Dih.        LJ (SR)   Coulomb (SR)
    4.96770e+01    2.94037e+01    5.90364e+00   -1.75193e+04   -1.03914e+02
 Position Rest.      Potential    Kinetic En.   Total Energy  Conserved En.
    6.05848e+01   -1.74777e+04    2.71000e+03   -1.47677e+04   -2.24151e+04
    Temperature Pressure (bar)
    3.17678e+02   -5.14129e+01

           Step           Time
         289000      578.00000

   Energies (kJ/mol)
           Bond       G96Angle  Improper Dih.        LJ (SR)   Coulomb (SR)
    4.91097e+01    3.02631e+01    5.22153e+00   -1.76679e+04   -1.05208e+02
 Position Rest.      Potential    Kinetic En.   Total Energy  Conserved En.
    5.81646e+01   -1.76303e+04    2.64881e+03   -1.49815e+04   -2.24488e+04
    Temperature Pressure (bar)
    3.10505e+02   -1.03653e+02

           Step           Time
         290000      580.00000

   Energies (kJ/mol)
           Bond       G96Angle  Improper Dih.        LJ (SR)   Coulomb (SR)
    4.16193e+01    2.50869e+01    5.03960e+00   -1.76432e+04   -1.00639e+02
 Position Rest.      Potential    Kinetic En.   Total Energy  Conserved En.
    5.54137e+01   -1.76167e+04    2.67938e+03   -1.49373e+04   -2.24764e+04
    Temperature Pressure (bar)
    3.14090e+02   -5.02593e+01

           Step           Time
         291000      582.00000

   Energies (kJ/mol)
           Bond       G96Angle  Improper Dih.        LJ (SR)   Coulomb (SR)
    4.79216e+01    1.92828e+01    5.55448e+00   -1.75475e+04   -9.59190e+01
 Position Rest.      Potential    Kinetic En.   Total Energy  Conserved En.
    4.61723e+01   -1.75245e+04    2.55619e+03   -1.49683e+04   -2.25166e+04
    Temperature Pressure (bar)
    2.99648e+02   -1.91285e+01

           Step           Time
         292000      584.00000

   Energies (kJ/mol)
           Bond       G96Angle  Improper Dih.        LJ (SR)   Coulomb (SR)
    3.29772e+01    3.10998e+01    8.29585e+00   -1.77411e+04   -9.69437e+01
 Position Rest.      Potential    Kinetic En.   Total Energy  Conserved En.
    4.80498e+01   -1.77176e+04    2.78792e+03   -1.49297e+04   -2.25436e+04
    Temperature Pressure (bar)
    3.26812e+02   -1.98975e+02

           Step           Time
         293000      586.00000

   Energies (kJ/mol)
           Bond       G96Angle  Improper Dih.        LJ (SR)   Coulomb (SR)
    4.27758e+01    2.33285e+01    6.54586e+00   -1.76612e+04   -9.57654e+01
 Position Rest.      Potential    Kinetic En.   Total Energy  Conserved En.
    3.90146e+01   -1.76453e+04    2.62885e+03   -1.50165e+04   -2.25778e+04
    Temperature Pressure (bar)
    3.08166e+02   -6.43295e+01

           Step           Time
         294000      588.00000

   Energies (kJ/mol)
           Bond       G96Angle  Improper Dih.        LJ (SR)   Coulomb (SR)
    3.68085e+01    1.84981e+01    1.09077e+01   -1.77032e+04   -9.43687e+01
 Position Rest.      Potential    Kinetic En.   Total Energy  Conserved En.
    4.85690e+01   -1.76828e+04    2.56737e+03   -1.51154e+04   -2.26011e+04
    Temperature Pressure (bar)
    3.00959e+02   -4.81754e+01

           Step           Time
         295000      590.00000

   Energies (kJ/mol)
           Bond       G96Angle  Improper Dih.        LJ (SR)   Coulomb (SR)
    3.61653e+01    1.35309e+01    6.93175e+00   -1.77024e+04   -9.93844e+01
 Position Rest.      Potential    Kinetic En.   Total Energy  Conserved En.
    4.84029e+01   -1.76967e+04    2.58197e+03   -1.51148e+04   -2.26315e+04
    Temperature Pressure (bar)
    3.02670e+02    4.84149e+00

           Step           Time
         296000      592.00000

   Energies (kJ/mol)
           Bond       G96Angle  Improper Dih.        LJ (SR)   Coulomb (SR)
    3.89976e+01    1.84270e+01    7.07246e+00   -1.76345e+04   -9.71503e+01
 Position Rest.      Potential    Kinetic En.   Total Energy  Conserved En.
    3.43494e+01   -1.76328e+04    2.66647e+03   -1.49663e+04   -2.26566e+04
    Temperature Pressure (bar)
    3.12575e+02    1.02900e+02

           Step           Time
         297000      594.00000

   Energies (kJ/mol)
           Bond       G96Angle  Improper Dih.        LJ (SR)   Coulomb (SR)
    3.11251e+01    2.42071e+01    1.04240e+01   -1.77312e+04   -9.52806e+01
 Position Rest.      Potential    Kinetic En.   Total Energy  Conserved En.
    6.86658e+01   -1.76920e+04    2.67371e+03   -1.50183e+04   -2.26813e+04
    Temperature Pressure (bar)
    3.13424e+02   -1.08718e+02

           Step           Time
         298000      596.00000

   Energies (kJ/mol)
           Bond       G96Angle  Improper Dih.        LJ (SR)   Coulomb (SR)
    3.93080e+01    2.56778e+01    1.08790e+01   -1.76117e+04   -9.80903e+01
 Position Rest.      Potential    Kinetic En.   Total Energy  Conserved En.
    4.89960e+01   -1.75849e+04    2.60371e+03   -1.49812e+04   -2.27171e+04
    Temperature Pressure (bar)
    3.05218e+02   -6.48935e+01

           Step           Time
         299000      598.00000

   Energies (kJ/mol)
           Bond       G96Angle  Improper Dih.        LJ (SR)   Coulomb (SR)
    5.99166e+01    3.55579e+01    1.07996e+01   -1.75777e+04   -9.62637e+01
 Position Rest.      Potential    Kinetic En.   Total Energy  Conserved En.
    5.34445e+01   -1.75142e+04    2.70777e+03   -1.48064e+04   -2.27487e+04
    Temperature Pressure (bar)
    3.17417e+02    5.56219e+01

           Step           Time
         300000      600.00000

   Energies (kJ/mol)
           Bond       G96Angle  Improper Dih.        LJ (SR)   Coulomb (SR)
    5.67605e+01    2.64734e+01    7.12887e+00   -1.75904e+04   -9.63291e+01
 Position Rest.      Potential    Kinetic En.   Total Energy  Conserved En.
    6.94699e+01   -1.75269e+04    2.59034e+03   -1.49365e+04   -2.27782e+04
    Temperature Pressure (bar)
    3.03652e+02    1.55213e+02

           Step           Time
         301000      602.00000

   Energies (kJ/mol)
           Bond       G96Angle  Improper Dih.        LJ (SR)   Coulomb (SR)
    3.20566e+01    2.29346e+01    3.74068e+00   -1.77048e+04   -9.90764e+01
 Position Rest.      Potential    Kinetic En.   Total Energy  Conserved En.
    4.28221e+01   -1.77023e+04    2.61182e+03   -1.50905e+04   -2.28021e+04
    Temperature Pressure (bar)
    3.06169e+02    8.82506e+00

           Step           Time
         302000      604.00000

   Energies (kJ/mol)
           Bond       G96Angle  Improper Dih.        LJ (SR)   Coulomb (SR)
    3.03787e+01    1.73232e+01    9.43746e+00   -1.77340e+04   -9.74448e+01
 Position Rest.      Potential    Kinetic En.   Total Energy  Conserved En.
    5.07849e+01   -1.77235e+04    2.68293e+03   -1.50406e+04   -2.28347e+04
    Temperature Pressure (bar)
    3.14505e+02   -3.85473e+01

           Step           Time
         303000      606.00000

   Energies (kJ/mol)
           Bond       G96Angle  Improper Dih.        LJ (SR)   Coulomb (SR)
    2.85938e+01    1.70074e+01    9.59916e+00   -1.77675e+04   -1.11172e+02
 Position Rest.      Potential    Kinetic En.   Total Energy  Conserved En.
    4.65017e+01   -1.77769e+04    2.61501e+03   -1.51619e+04   -2.28602e+04
    Temperature Pressure (bar)
    3.06543e+02   -9.75353e+01

           Step           Time
         304000      608.00000

   Energies (kJ/mol)
           Bond       G96Angle  Improper Dih.        LJ (SR)   Coulomb (SR)
    4.15846e+01    2.75547e+01    3.07548e+00   -1.77891e+04   -1.06984e+02
 Position Rest.      Potential    Kinetic En.   Total Energy  Conserved En.
    6.12335e+01   -1.77627e+04    2.73274e+03   -1.50299e+04   -2.28779e+04
    Temperature Pressure (bar)
    3.20345e+02   -5.68631e+01

           Step           Time
         305000      610.00000

   Energies (kJ/mol)
           Bond       G96Angle  Improper Dih.        LJ (SR)   Coulomb (SR)
    4.12914e+01    2.81514e+01    8.47887e+00   -1.76665e+04   -1.14438e+02
 Position Rest.      Potential    Kinetic En.   Total Energy  Conserved En.
    6.85369e+01   -1.76345e+04    2.59504e+03   -1.50395e+04   -2.29039e+04
    Temperature Pressure (bar)
    3.04202e+02    5.10274e+01

           Step           Time
         306000      612.00000

   Energies (kJ/mol)
           Bond       G96Angle  Improper Dih.        LJ (SR)   Coulomb (SR)
    3.39268e+01    2.75088e+01    9.07911e+00   -1.75782e+04   -1.10032e+02
 Position Rest.      Potential    Kinetic En.   Total Energy  Conserved En.
    5.87516e+01   -1.75590e+04    2.63360e+03   -1.49253e+04   -2.29413e+04
    Temperature Pressure (bar)
    3.08723e+02    8.14841e+01

           Step           Time
         307000      614.00000

   Energies (kJ/mol)
           Bond       G96Angle  Improper Dih.        LJ (SR)   Coulomb (SR)
    3.21612e+01    2.31547e+01    3.72626e+00   -1.76125e+04   -1.12973e+02
 Position Rest.      Potential    Kinetic En.   Total Energy  Conserved En.
    5.36598e+01   -1.76128e+04    2.73357e+03   -1.48792e+04   -2.29559e+04
    Temperature Pressure (bar)
    3.20441e+02    2.80619e+01

           Step           Time
         308000      616.00000

   Energies (kJ/mol)
           Bond       G96Angle  Improper Dih.        LJ (SR)   Coulomb (SR)
    4.97446e+01    2.82321e+01    7.37838e+00   -1.76784e+04   -1.15791e+02
 Position Rest.      Potential    Kinetic En.   Total Energy  Conserved En.
    5.74180e+01   -1.76514e+04    2.57136e+03   -1.50801e+04   -2.29820e+04
    Temperature Pressure (bar)
    3.01426e+02   -9.72136e+00

           Step           Time
         309000      618.00000

   Energies (kJ/mol)
           Bond       G96Angle  Improper Dih.        LJ (SR)   Coulomb (SR)
    4.42201e+01    2.18592e+01    1.27146e+01   -1.77397e+04   -1.18211e+02
 Position Rest.      Potential    Kinetic En.   Total Energy  Conserved En.
    6.74857e+01   -1.77116e+04    2.56053e+03   -1.51511e+04   -2.30364e+04
    Temperature Pressure (bar)
    3.00157e+02   -6.88668e+01

           Step           Time
         310000      620.00000

   Energies (kJ/mol)
           Bond       G96Angle  Improper Dih.        LJ (SR)   Coulomb (SR)
    3.03928e+01    2.15610e+01    6.97294e+00   -1.76401e+04   -1.10523e+02
 Position Rest.      Potential    Kinetic En.   Total Energy  Conserved En.
    5.54081e+01   -1.76363e+04    2.37395e+03   -1.52623e+04   -2.30638e+04
    Temperature Pressure (bar)
    2.78285e+02    7.67476e+01

           Step           Time
         311000      622.00000

   Energies (kJ/mol)
           Bond       G96Angle  Improper Dih.        LJ (SR)   Coulomb (SR)
    3.62686e+01    2.18909e+01    1.07713e+01   -1.76896e+04   -1.11526e+02
 Position Rest.      Potential    Kinetic En.   Total Energy  Conserved En.
    4.71640e+01   -1.76850e+04    2.53518e+03   -1.51498e+04   -2.30878e+04
    Temperature Pressure (bar)
    2.97185e+02    6.77161e+01

           Step           Time
         312000      624.00000

   Energies (kJ/mol)
           Bond       G96Angle  Improper Dih.        LJ (SR)   Coulomb (SR)
    4.21370e+01    3.53175e+01    5.59998e+00   -1.75196e+04   -1.02877e+02
 Position Rest.      Potential    Kinetic En.   Total Energy  Conserved En.
    7.02233e+01   -1.74692e+04    2.79520e+03   -1.46740e+04   -2.31101e+04
    Temperature Pressure (bar)
    3.27665e+02    1.45171e+02

           Step           Time
         313000      626.00000

   Energies (kJ/mol)
           Bond       G96Angle  Improper Dih.        LJ (SR)   Coulomb (SR)
    4.20991e+01    2.39078e+01    9.15424e+00   -1.75957e+04   -1.03534e+02
 Position Rest.      Potential    Kinetic En.   Total Energy  Conserved En.
    4.86694e+01   -1.75754e+04    2.69637e+03   -1.48790e+04   -2.31423e+04
    Temperature Pressure (bar)
    3.16080e+02    7.42703e+01

           Step           Time
         314000      628.00000

   Energies (kJ/mol)
           Bond       G96Angle  Improper Dih.        LJ (SR)   Coulomb (SR)
    7.73540e+01    2.71207e+01    6.72162e+00   -1.76098e+04   -1.04594e+02
 Position Rest.      Potential    Kinetic En.   Total Energy  Conserved En.
    6.07781e+01   -1.75425e+04    2.69847e+03   -1.48440e+04   -2.31893e+04
    Temperature Pressure (bar)
    3.16327e+02    1.53184e+02

           Step           Time
         315000      630.00000

   Energies (kJ/mol)
           Bond       G96Angle  Improper Dih.        LJ (SR)   Coulomb (SR)
    5.49262e+01    1.86997e+01    6.97629e+00   -1.76715e+04   -1.09341e+02
 Position Rest.      Potential    Kinetic En.   Total Energy  Conserved En.
    5.70226e+01   -1.76432e+04    2.52641e+03   -1.51168e+04   -2.32125e+04
    Temperature Pressure (bar)
    2.96157e+02    6.37665e+00

           Step           Time
         316000      632.00000

   Energies (kJ/mol)
           Bond       G96Angle  Improper Dih.        LJ (SR)   Coulomb (SR)
    4.35996e+01    2.68675e+01    8.65276e+00   -1.77188e+04   -1.06820e+02
 Position Rest.      Potential    Kinetic En.   Total Energy  Conserved En.
    5.49030e+01   -1.76916e+04    2.64331e+03   -1.50483e+04   -2.32421e+04
    Temperature Pressure (bar)
    3.09861e+02   -4.29457e+01

           Step           Time
         317000      634.00000

   Energies (kJ/mol)
           Bond       G96Angle  Improper Dih.        LJ (SR)   Coulomb (SR)
    2.76908e+01    2.46244e+01    9.36559e+00   -1.78322e+04   -1.09431e+02
 Position Rest.      Potential    Kinetic En.   Total Energy  Conserved En.
    6.96772e+01   -1.78102e+04    2.74926e+03   -1.50610e+04   -2.32629e+04
    Temperature Pressure (bar)
    3.22280e+02   -1.04624e+02

           Step           Time
         318000      636.00000

   Energies (kJ/mol)
           Bond       G96Angle  Improper Dih.        LJ (SR)   Coulomb (SR)
    3.96706e+01    2.12822e+01    5.95972e+00   -1.77219e+04   -1.04974e+02
 Position Rest.      Potential    Kinetic En.   Total Energy  Conserved En.
    5.79327e+01   -1.77021e+04    2.71997e+03   -1.49821e+04   -2.32835e+04
    Temperature Pressure (bar)
    3.18848e+02    3.93725e+01

           Step           Time
         319000      638.00000

   Energies (kJ/mol)
           Bond       G96Angle  Improper Dih.        LJ (SR)   Coulomb (SR)
    4.36253e+01    2.34647e+01    4.81535e+00   -1.76169e+04   -1.11420e+02
 Position Rest.      Potential    Kinetic En.   Total Energy  Conserved En.
    5.01454e+01   -1.76063e+04    2.56124e+03   -1.50450e+04   -2.33279e+04
    Temperature Pressure (bar)
    3.00241e+02    1.06206e+02

           Step           Time
         320000      640.00000

   Energies (kJ/mol)
           Bond       G96Angle  Improper Dih.        LJ (SR)   Coulomb (SR)
    4.23541e+01    2.90746e+01    3.92543e+00   -1.76300e+04   -1.11659e+02
 Position Rest.      Potential    Kinetic En.   Total Energy  Conserved En.
    6.45336e+01   -1.76018e+04    2.61951e+03   -1.49823e+04   -2.33648e+04
    Temperature Pressure (bar)
    3.07071e+02    8.06808e+01

           Step           Time
         321000      642.00000

   Energies (kJ/mol)
           Bond       G96Angle  Improper Dih.        LJ (SR)   Coulomb (SR)
    4.52843e+01    2.42132e+01    1.25197e+01   -1.76588e+04   -1.10561e+02
 Position Rest.      Potential    Kinetic En.   Total Energy  Conserved En.
    8.07853e+01   -1.76066e+04    2.63584e+03   -1.49708e+04   -2.33876e+04
    Temperature Pressure (bar)
    3.08985e+02    1.36866e+01

           Step           Time
         322000      644.00000

   Energies (kJ/mol)
           Bond       G96Angle  Improper Dih.        LJ (SR)   Coulomb (SR)
    4.40664e+01    1.70237e+01    9.82498e+00   -1.76834e+04   -1.21709e+02
 Position Rest.      Potential    Kinetic En.   Total Energy  Conserved En.
    5.06060e+01   -1.76836e+04    2.62509e+03   -1.50585e+04   -2.34292e+04
    Temperature Pressure (bar)
    3.07725e+02    2.43457e+00

           Step           Time
         323000      646.00000

   Energies (kJ/mol)
           Bond       G96Angle  Improper Dih.        LJ (SR)   Coulomb (SR)
    2.47609e+01    2.29603e+01    1.28454e+01   -1.76612e+04   -1.08953e+02
 Position Rest.      Potential    Kinetic En.   Total Energy  Conserved En.
    5.59568e+01   -1.76536e+04    2.54386e+03   -1.51097e+04   -2.34618e+04
    Temperature Pressure (bar)
    2.98203e+02   -7.67091e+01

           Step           Time
         324000      648.00000

   Energies (kJ/mol)
           Bond       G96Angle  Improper Dih.        LJ (SR)   Coulomb (SR)
    3.95689e+01    1.99224e+01    1.08136e+01   -1.75330e+04   -1.09638e+02
 Position Rest.      Potential    Kinetic En.   Total Energy  Conserved En.
    5.44968e+01   -1.75178e+04    2.76292e+03   -1.47549e+04   -2.35056e+04
    Temperature Pressure (bar)
    3.23882e+02    1.56600e+02

           Step           Time
         325000      650.00000

   Energies (kJ/mol)
           Bond       G96Angle  Improper Dih.        LJ (SR)   Coulomb (SR)
    3.43688e+01    3.02189e+01    5.51820e+00   -1.76311e+04   -1.11524e+02
 Position Rest.      Potential    Kinetic En.   Total Energy  Conserved En.
    5.01271e+01   -1.76223e+04    2.79566e+03   -1.48267e+04   -2.35306e+04
    Temperature Pressure (bar)
    3.27720e+02   -1.02026e+01

           Step           Time
         326000      652.00000

   Energies (kJ/mol)
           Bond       G96Angle  Improper Dih.        LJ (SR)   Coulomb (SR)
    4.66207e+01    2.31458e+01    1.19458e+01   -1.76424e+04   -1.09498e+02
 Position Rest.      Potential    Kinetic En.   Total Energy  Conserved En.
    5.44789e+01   -1.76157e+04    2.57777e+03   -1.50380e+04   -2.33896e+04
    Temperature Pressure (bar)
    3.02178e+02   -5.14609e+01

           Step           Time
         327000      654.00000

   Energies (kJ/mol)
           Bond       G96Angle  Improper Dih.        LJ (SR)   Coulomb (SR)
    4.73348e+01    2.13510e+01    1.65816e+01   -1.76417e+04   -1.11515e+02
 Position Rest.      Potential    Kinetic En.   Total Energy  Conserved En.
    5.64790e+01   -1.76115e+04    2.57459e+03   -1.50369e+04   -2.34188e+04
    Temperature Pressure (bar)
    3.01805e+02   -1.63675e+01

           Step           Time
         328000      656.00000

   Energies (kJ/mol)
           Bond       G96Angle  Improper Dih.        LJ (SR)   Coulomb (SR)
    4.83669e+01    2.64310e+01    1.08680e+01   -1.77681e+04   -1.10599e+02
 Position Rest.      Potential    Kinetic En.   Total Energy  Conserved En.
    4.28836e+01   -1.77502e+04    2.71764e+03   -1.50325e+04   -2.34387e+04
    Temperature Pressure (bar)
    3.18574e+02   -7.52969e+01

           Step           Time
         329000      658.00000

   Energies (kJ/mol)
           Bond       G96Angle  Improper Dih.        LJ (SR)   Coulomb (SR)
    4.99926e+01    2.59809e+01    1.54467e+01   -1.77246e+04   -1.15488e+02
 Position Rest.      Potential    Kinetic En.   Total Energy  Conserved En.
    4.81150e+01   -1.77005e+04    2.59026e+03   -1.51103e+04   -2.34560e+04
    Temperature Pressure (bar)
    3.03643e+02   -5.55502e+01

           Step           Time
         330000      660.00000

   Energies (kJ/mol)
           Bond       G96Angle  Improper Dih.        LJ (SR)   Coulomb (SR)
    2.73240e+01    3.24691e+01    1.52359e+01   -1.77082e+04   -1.12513e+02
 Position Rest.      Potential    Kinetic En.   Total Energy  Conserved En.
    5.08709e+01   -1.76948e+04    2.74588e+03   -1.49489e+04   -2.34797e+04
    Temperature Pressure (bar)
    3.21884e+02    2.54762e+01

           Step           Time
         331000      662.00000

   Energies (kJ/mol)
           Bond       G96Angle  Improper Dih.        LJ (SR)   Coulomb (SR)
    5.02604e+01    1.97532e+01    9.09926e+00   -1.76499e+04   -1.05614e+02
 Position Rest.      Potential    Kinetic En.   Total Energy  Conserved En.
    7.89593e+01   -1.75975e+04    2.52641e+03   -1.50711e+04   -2.35003e+04
    Temperature Pressure (bar)
    2.96157e+02   -4.59707e+01

           Step           Time
         332000      664.00000

   Energies (kJ/mol)
           Bond       G96Angle  Improper Dih.        LJ (SR)   Coulomb (SR)
    4.34931e+01    2.11554e+01    1.38587e+01   -1.77587e+04   -1.07065e+02
 Position Rest.      Potential    Kinetic En.   Total Energy  Conserved En.
    4.21270e+01   -1.77451e+04    2.66291e+03   -1.50822e+04   -2.35503e+04
    Temperature Pressure (bar)
    3.12158e+02    1.44466e+01

           Step           Time
         333000      666.00000

   Energies (kJ/mol)
           Bond       G96Angle  Improper Dih.        LJ (SR)   Coulomb (SR)
    3.99814e+01    2.48298e+01    3.64339e+00   -1.76072e+04   -1.03847e+02
 Position Rest.      Potential    Kinetic En.   Total Energy  Conserved En.
    5.28220e+01   -1.75898e+04    2.58671e+03   -1.50031e+04   -2.35875e+04
    Temperature Pressure (bar)
    3.03225e+02    8.55420e+01

           Step           Time
         334000      668.00000

   Energies (kJ/mol)
           Bond       G96Angle  Improper Dih.        LJ (SR)   Coulomb (SR)
    4.11951e+01    2.43788e+01    5.28994e+00   -1.77066e+04   -1.03639e+02
 Position Rest.      Potential    Kinetic En.   Total Energy  Conserved En.
    5.18161e+01   -1.76875e+04    2.64507e+03   -1.50424e+04   -2.36142e+04
    Temperature Pressure (bar)
    3.10068e+02   -1.46967e+01

           Step           Time
         335000      670.00000

   Energies (kJ/mol)
           Bond       G96Angle  Improper Dih.        LJ (SR)   Coulomb (SR)
    4.65309e+01    2.53917e+01    4.81199e+00   -1.76470e+04   -1.05476e+02
 Position Rest.      Potential    Kinetic En.   Total Energy  Conserved En.
    8.13545e+01   -1.75944e+04    2.60136e+03   -1.49930e+04   -2.36441e+04
    Temperature Pressure (bar)
    3.04944e+02    1.19931e+02

           Step           Time
         336000      672.00000

   Energies (kJ/mol)
           Bond       G96Angle  Improper Dih.        LJ (SR)   Coulomb (SR)
    3.47383e+01    2.29852e+01    6.87091e+00   -1.77987e+04   -1.04942e+02
 Position Rest.      Potential    Kinetic En.   Total Energy  Conserved En.
    5.69456e+01   -1.77821e+04    2.51467e+03   -1.52674e+04   -2.36609e+04
    Temperature Pressure (bar)
    2.94781e+02   -1.55582e+02

           Step           Time
         337000      674.00000

   Energies (kJ/mol)
           Bond       G96Angle  Improper Dih.        LJ (SR)   Coulomb (SR)
    4.06848e+01    2.05810e+01    8.41751e+00   -1.77684e+04   -1.02869e+02
 Position Rest.      Potential    Kinetic En.   Total Energy  Conserved En.
    4.74959e+01   -1.77541e+04    2.47076e+03   -1.52833e+04   -2.36881e+04
    Temperature Pressure (bar)
    2.89634e+02   -1.07075e+02

           Step           Time
         338000      676.00000

   Energies (kJ/mol)
           Bond       G96Angle  Improper Dih.        LJ (SR)   Coulomb (SR)
    4.03606e+01    3.81054e+01    6.10129e+00   -1.75842e+04   -1.06638e+02
 Position Rest.      Potential    Kinetic En.   Total Energy  Conserved En.
    6.61330e+01   -1.75401e+04    2.64033e+03   -1.48998e+04   -2.37153e+04
    Temperature Pressure (bar)
    3.09511e+02    2.08997e+02

           Step           Time
         339000      678.00000

   Energies (kJ/mol)
           Bond       G96Angle  Improper Dih.        LJ (SR)   Coulomb (SR)
    4.49391e+01    2.87458e+01    7.98839e+00   -1.76104e+04   -1.06007e+02
 Position Rest.      Potential    Kinetic En.   Total Energy  Conserved En.
    6.32213e+01   -1.75716e+04    2.48373e+03   -1.50878e+04   -2.37319e+04
    Temperature Pressure (bar)
    2.91154e+02    3.18824e+01

           Step           Time
         340000      680.00000

   Energies (kJ/mol)
           Bond       G96Angle  Improper Dih.        LJ (SR)   Coulomb (SR)
    2.93220e+01    2.50480e+01    7.52859e+00   -1.76496e+04   -1.03467e+02
 Position Rest.      Potential    Kinetic En.   Total Energy  Conserved En.
    4.62034e+01   -1.76450e+04    2.59767e+03   -1.50473e+04   -2.37682e+04
    Temperature Pressure (bar)
    3.04510e+02    3.86615e+01

           Step           Time
         341000      682.00000

   Energies (kJ/mol)
           Bond       G96Angle  Improper Dih.        LJ (SR)   Coulomb (SR)
    2.02122e+01    2.95434e+01    4.72980e+00   -1.76192e+04   -1.04748e+02
 Position Rest.      Potential    Kinetic En.   Total Energy  Conserved En.
    3.54266e+01   -1.76341e+04    2.58712e+03   -1.50470e+04   -2.37941e+04
    Temperature Pressure (bar)
    3.03274e+02   -2.86363e+00

           Step           Time
         342000      684.00000

   Energies (kJ/mol)
           Bond       G96Angle  Improper Dih.        LJ (SR)   Coulomb (SR)
    4.60406e+01    2.17319e+01    6.90864e+00   -1.75364e+04   -1.07856e+02
 Position Rest.      Potential    Kinetic En.   Total Energy  Conserved En.
    5.48509e+01   -1.75147e+04    2.66832e+03   -1.48464e+04   -2.38182e+04
    Temperature Pressure (bar)
    3.12793e+02    1.13848e+02

           Step           Time
         343000      686.00000

   Energies (kJ/mol)
           Bond       G96Angle  Improper Dih.        LJ (SR)   Coulomb (SR)
    4.22288e+01    2.05445e+01    8.07811e+00   -1.75326e+04   -1.09624e+02
 Position Rest.      Potential    Kinetic En.   Total Energy  Conserved En.
    6.55317e+01   -1.75058e+04    2.51039e+03   -1.49954e+04   -2.38383e+04
    Temperature Pressure (bar)
    2.94280e+02    1.01216e+02

           Step           Time
         344000      688.00000

   Energies (kJ/mol)
           Bond       G96Angle  Improper Dih.        LJ (SR)   Coulomb (SR)
    3.08964e+01    2.64987e+01    6.42160e+00   -1.77796e+04   -1.02549e+02
 Position Rest.      Potential    Kinetic En.   Total Energy  Conserved En.
    5.00280e+01   -1.77683e+04    2.58350e+03   -1.51848e+04   -2.38748e+04
    Temperature Pressure (bar)
    3.02850e+02   -1.20078e+02

           Step           Time
         345000      690.00000

   Energies (kJ/mol)
           Bond       G96Angle  Improper Dih.        LJ (SR)   Coulomb (SR)
    3.59494e+01    2.45947e+01    2.99313e+00   -1.77609e+04   -1.06600e+02
 Position Rest.      Potential    Kinetic En.   Total Energy  Conserved En.
    4.85621e+01   -1.77554e+04    2.52368e+03   -1.52317e+04   -2.38926e+04
    Temperature Pressure (bar)
    2.95837e+02   -7.19064e+01

           Step           Time
         346000      692.00000

   Energies (kJ/mol)
           Bond       G96Angle  Improper Dih.        LJ (SR)   Coulomb (SR)
    4.83794e+01    2.39179e+01    1.95002e+01   -1.78022e+04   -1.01904e+02
 Position Rest.      Potential    Kinetic En.   Total Energy  Conserved En.
    5.75000e+01   -1.77548e+04    2.53031e+03   -1.52245e+04   -2.39298e+04
    Temperature Pressure (bar)
    2.96614e+02   -1.59919e+02

           Step           Time
         347000      694.00000

   Energies (kJ/mol)
           Bond       G96Angle  Improper Dih.        LJ (SR)   Coulomb (SR)
    5.46393e+01    3.30480e+01    1.39384e+01   -1.77084e+04   -1.07423e+02
 Position Rest.      Potential    Kinetic En.   Total Energy  Conserved En.
    6.30482e+01   -1.76512e+04    2.62315e+03   -1.50280e+04   -2.39640e+04
    Temperature Pressure (bar)
    3.07498e+02    5.02565e+01

           Step           Time
         348000      696.00000

   Energies (kJ/mol)
           Bond       G96Angle  Improper Dih.        LJ (SR)   Coulomb (SR)
    4.36961e+01    1.90024e+01    1.49219e+01   -1.75881e+04   -1.06447e+02
 Position Rest.      Potential    Kinetic En.   Total Energy  Conserved En.
    7.62495e+01   -1.75407e+04    2.63000e+03   -1.49107e+04   -2.40076e+04
    Temperature Pressure (bar)
    3.08300e+02    2.61627e+02

           Step           Time
         349000      698.00000

   Energies (kJ/mol)
           Bond       G96Angle  Improper Dih.        LJ (SR)   Coulomb (SR)
    5.27782e+01    2.88327e+01    3.01776e+00   -1.75568e+04   -1.06591e+02
 Position Rest.      Potential    Kinetic En.   Total Energy  Conserved En.
    6.27151e+01   -1.75160e+04    2.63821e+03   -1.48778e+04   -2.40416e+04
    Temperature Pressure (bar)
    3.09263e+02    2.38927e+02

           Step           Time
         350000      700.00000

   Energies (kJ/mol)
           Bond       G96Angle  Improper Dih.        LJ (SR)   Coulomb (SR)
    3.50534e+01    2.50074e+01    9.87874e+00   -1.77184e+04   -1.07944e+02
 Position Rest.      Potential    Kinetic En.   Total Energy  Conserved En.
    5.51181e+01   -1.77013e+04    2.57305e+03   -1.51283e+04   -2.40763e+04
    Temperature Pressure (bar)
    3.01625e+02   -1.19151e+02

           Step           Time
         351000      702.00000

   Energies (kJ/mol)
           Bond       G96Angle  Improper Dih.        LJ (SR)   Coulomb (SR)
    4.69854e+01    2.47725e+01    9.14551e+00   -1.76922e+04   -1.05647e+02
 Position Rest.      Potential    Kinetic En.   Total Energy  Conserved En.
    5.64003e+01   -1.76606e+04    2.67176e+03   -1.49888e+04   -2.41129e+04
    Temperature Pressure (bar)
    3.13196e+02    6.74806e+01

           Step           Time
         352000      704.00000

   Energies (kJ/mol)
           Bond       G96Angle  Improper Dih.        LJ (SR)   Coulomb (SR)
    5.07605e+01    2.32005e+01    1.14874e+01   -1.76014e+04   -1.07824e+02
 Position Rest.      Potential    Kinetic En.   Total Energy  Conserved En.
    6.68845e+01   -1.75569e+04    2.58671e+03   -1.49702e+04   -2.41381e+04
    Temperature Pressure (bar)
    3.03226e+02    1.06313e+02

           Step           Time
         353000      706.00000

   Energies (kJ/mol)
           Bond       G96Angle  Improper Dih.        LJ (SR)   Coulomb (SR)
    8.25942e+01    4.65179e+01    3.65396e+01   -1.68274e+04   -1.10589e+02
 Position Rest.      Potential    Kinetic En.   Total Energy  Conserved En.
    1.34580e+02   -1.66378e+04    3.49927e+03   -1.31385e+04   -2.13074e+04
    Temperature Pressure (bar)
    4.10200e+02    1.01087e+03

           Step           Time
         354000      708.00000

   Energies (kJ/mol)
           Bond       G96Angle  Improper Dih.        LJ (SR)   Coulomb (SR)
    4.60402e+01    2.82909e+01    1.02475e+01   -1.72418e+04   -1.04335e+02
 Position Rest.      Potential    Kinetic En.   Total Energy  Conserved En.
    6.75579e+01   -1.71940e+04    2.88890e+03   -1.43051e+04   -2.13518e+04
    Temperature Pressure (bar)
    3.38650e+02    1.02984e+02

           Step           Time
         355000      710.00000

   Energies (kJ/mol)
           Bond       G96Angle  Improper Dih.        LJ (SR)   Coulomb (SR)
    2.69301e+01    2.13765e+01    6.49598e+00   -1.73181e+04   -9.50519e+01
 Position Rest.      Potential    Kinetic En.   Total Energy  Conserved En.
    7.61290e+01   -1.72822e+04    2.72343e+03   -1.45588e+04   -2.13875e+04
    Temperature Pressure (bar)
    3.19252e+02    1.15298e+01

           Step           Time
         356000      712.00000

   Energies (kJ/mol)
           Bond       G96Angle  Improper Dih.        LJ (SR)   Coulomb (SR)
    3.53616e+01    2.05772e+01    5.12949e+00   -1.73670e+04   -1.13822e+02
 Position Rest.      Potential    Kinetic En.   Total Energy  Conserved En.
    5.28336e+01   -1.73669e+04    2.60102e+03   -1.47659e+04   -2.14141e+04
    Temperature Pressure (bar)
    3.04903e+02    3.17406e+00

           Step           Time
         357000      714.00000

   Energies (kJ/mol)
           Bond       G96Angle  Improper Dih.        LJ (SR)   Coulomb (SR)
    3.83258e+01    3.53881e+01    7.18389e+00   -1.73709e+04   -1.08356e+02
 Position Rest.      Potential    Kinetic En.   Total Energy  Conserved En.
    5.26124e+01   -1.73458e+04    2.54662e+03   -1.47991e+04   -2.14494e+04
    Temperature Pressure (bar)
    2.98526e+02   -3.76617e+01

           Step           Time
         358000      716.00000

   Energies (kJ/mol)
           Bond       G96Angle  Improper Dih.        LJ (SR)   Coulomb (SR)
    4.18100e+01    3.44747e+01    5.45843e+00   -1.72861e+04   -1.12543e+02
 Position Rest.      Potential    Kinetic En.   Total Energy  Conserved En.
    8.03219e+01   -1.72366e+04    2.68259e+03   -1.45540e+04   -2.14779e+04
    Temperature Pressure (bar)
    3.14466e+02    1.57524e+02

           Step           Time
         359000      718.00000

   Energies (kJ/mol)
           Bond       G96Angle  Improper Dih.        LJ (SR)   Coulomb (SR)
    5.67961e+01    2.11015e+01    7.28362e+00   -1.75556e+04   -1.06693e+02
 Position Rest.      Potential    Kinetic En.   Total Energy  Conserved En.
    7.32719e+01   -1.75038e+04    2.69954e+03   -1.48043e+04   -2.15000e+04
    Temperature Pressure (bar)
    3.16452e+02   -3.45490e+02

           Step           Time
         360000      720.00000

   Energies (kJ/mol)
           Bond       G96Angle  Improper Dih.        LJ (SR)   Coulomb (SR)
    4.56638e+01    2.57812e+01    1.43567e+01   -1.75373e+04   -1.15611e+02
 Position Rest.      Potential    Kinetic En.   Total Energy  Conserved En.
    5.36028e+01   -1.75135e+04    2.66249e+03   -1.48510e+04   -2.15298e+04
    Temperature Pressure (bar)
    3.12109e+02   -1.03070e+02

           Step           Time
         361000      722.00000

   Energies (kJ/mol)
           Bond       G96Angle  Improper Dih.        LJ (SR)   Coulomb (SR)
    5.20172e+01    2.47493e+01    1.08360e+01   -1.74368e+04   -1.14922e+02
 Position Rest.      Potential    Kinetic En.   Total Energy  Conserved En.
    7.72966e+01   -1.73869e+04    2.64358e+03   -1.47433e+04   -2.15483e+04
    Temperature Pressure (bar)
    3.09892e+02   -6.19565e+01

           Step           Time
         362000      724.00000

   Energies (kJ/mol)
           Bond       G96Angle  Improper Dih.        LJ (SR)   Coulomb (SR)
    6.61270e+01    4.29433e+01    1.08597e+01   -1.74497e+04   -1.09399e+02
 Position Rest.      Potential    Kinetic En.   Total Energy  Conserved En.
    7.06365e+01   -1.73686e+04    2.58403e+03   -1.47845e+04   -2.15165e+04
    Temperature Pressure (bar)
    3.02912e+02    3.77350e+01

           Step           Time
         363000      726.00000

   Energies (kJ/mol)
           Bond       G96Angle  Improper Dih.        LJ (SR)   Coulomb (SR)
    5.19962e+01    2.40232e+01    9.22485e+00   -1.74610e+04   -1.12435e+02
 Position Rest.      Potential    Kinetic En.   Total Energy  Conserved En.
    4.35267e+01   -1.74447e+04    2.72702e+03   -1.47176e+04   -2.15510e+04
    Temperature Pressure (bar)
    3.19674e+02    3.52620e+00

           Step           Time
         364000      728.00000

   Energies (kJ/mol)
           Bond       G96Angle  Improper Dih.        LJ (SR)   Coulomb (SR)
    2.95980e+01    2.03054e+01    7.07902e+00   -1.74720e+04   -1.08119e+02
 Position Rest.      Potential    Kinetic En.   Total Energy  Conserved En.
    5.97273e+01   -1.74634e+04    2.51158e+03   -1.49518e+04   -2.15771e+04
    Temperature Pressure (bar)
    2.94419e+02   -4.61128e+01

           Step           Time
         365000      730.00000

   Energies (kJ/mol)
           Bond       G96Angle  Improper Dih.        LJ (SR)   Coulomb (SR)
    3.71631e+01    2.59409e+01    4.96686e+00   -1.75290e+04   -1.03939e+02
 Position Rest.      Potential    Kinetic En.   Total Energy  Conserved En.
    5.68606e+01   -1.75080e+04    2.40099e+03   -1.51070e+04   -2.16037e+04
    Temperature Pressure (bar)
    2.81455e+02   -1.18912e+02

           Step           Time
         366000      732.00000

   Energies (kJ/mol)
           Bond       G96Angle  Improper Dih.        LJ (SR)   Coulomb (SR)
    5.59011e+01    2.91308e+01    1.37328e+01   -1.73669e+04   -1.09656e+02
 Position Rest.      Potential    Kinetic En.   Total Energy  Conserved En.
    9.02091e+01   -1.72876e+04    2.71755e+03   -1.45700e+04   -2.08596e+04
    Temperature Pressure (bar)
    3.18564e+02    2.44085e+02

           Step           Time
         367000      734.00000

   Energies (kJ/mol)
           Bond       G96Angle  Improper Dih.        LJ (SR)   Coulomb (SR)
    3.07532e+01    2.25609e+01    7.15346e+00   -1.74814e+04   -1.03602e+02
 Position Rest.      Potential    Kinetic En.   Total Energy  Conserved En.
    5.32743e+01   -1.74712e+04    2.74654e+03   -1.47247e+04   -2.08804e+04
    Temperature Pressure (bar)
    3.21961e+02    8.62972e+01

           Step           Time
         368000      736.00000

   Energies (kJ/mol)
           Bond       G96Angle  Improper Dih.        LJ (SR)   Coulomb (SR)
    3.83109e+01    2.73074e+01    6.81673e+00   -1.77770e+04   -9.82227e+01
 Position Rest.      Potential    Kinetic En.   Total Energy  Conserved En.
    5.57198e+01   -1.77470e+04    2.46906e+03   -1.52780e+04   -2.09051e+04
    Temperature Pressure (bar)
    2.89434e+02   -3.14667e+02

           Step           Time
         369000      738.00000

   Energies (kJ/mol)
           Bond       G96Angle  Improper Dih.        LJ (SR)   Coulomb (SR)
    3.53011e+01    3.74407e+01    8.63154e+00   -1.75206e+04   -1.04343e+02
 Position Rest.      Potential    Kinetic En.   Total Energy  Conserved En.
    7.37184e+01   -1.74698e+04    2.59925e+03   -1.48706e+04   -2.09321e+04
    Temperature Pressure (bar)
    3.04696e+02   -2.14935e+01

           Step           Time
         370000      740.00000

   Energies (kJ/mol)
           Bond       G96Angle  Improper Dih.        LJ (SR)   Coulomb (SR)
    4.08952e+01    3.33882e+01    1.12360e+01   -1.75037e+04   -1.00236e+02
 Position Rest.      Potential    Kinetic En.   Total Energy  Conserved En.
    6.84054e+01   -1.74500e+04    2.78605e+03   -1.46640e+04   -2.09622e+04
    Temperature Pressure (bar)
    3.26593e+02    4.51621e+01

           Step           Time
         371000      742.00000

   Energies (kJ/mol)
           Bond       G96Angle  Improper Dih.        LJ (SR)   Coulomb (SR)
    5.41271e+01    3.27085e+01    1.31979e+01   -1.74924e+04   -1.03064e+02
 Position Rest.      Potential    Kinetic En.   Total Energy  Conserved En.
    5.48992e+01   -1.74405e+04    2.72938e+03   -1.47111e+04   -2.09890e+04
    Temperature Pressure (bar)
    3.19951e+02    1.22854e+00

           Step           Time
         372000      744.00000

   Energies (kJ/mol)
           Bond       G96Angle  Improper Dih.        LJ (SR)   Coulomb (SR)
    2.37568e+01    2.64852e+01    1.16703e+01   -1.75184e+04   -1.04627e+02
 Position Rest.      Potential    Kinetic En.   Total Energy  Conserved En.
    5.63396e+01   -1.75047e+04    2.65837e+03   -1.48464e+04   -2.10220e+04
    Temperature Pressure (bar)
    3.11626e+02    1.51174e+01

           Step           Time
         373000      746.00000

   Energies (kJ/mol)
           Bond       G96Angle  Improper Dih.        LJ (SR)   Coulomb (SR)
    4.76194e+01    2.15099e+01    8.30777e+00   -1.76141e+04   -1.05743e+02
 Position Rest.      Potential    Kinetic En.   Total Energy  Conserved En.
    6.86885e+01   -1.75737e+04    2.68709e+03   -1.48866e+04   -2.10638e+04
    Temperature Pressure (bar)
    3.14993e+02   -9.05419e+01

           Step           Time
         374000      748.00000

   Energies (kJ/mol)
           Bond       G96Angle  Improper Dih.        LJ (SR)   Coulomb (SR)
    3.28064e+01    2.59551e+01    7.76522e+00   -1.77590e+04   -1.03092e+02
 Position Rest.      Potential    Kinetic En.   Total Energy  Conserved En.
    5.25241e+01   -1.77430e+04    2.59173e+03   -1.51513e+04   -2.10853e+04
    Temperature Pressure (bar)
    3.03814e+02   -2.32560e+02

           Step           Time
         375000      750.00000

   Energies (kJ/mol)
           Bond       G96Angle  Improper Dih.        LJ (SR)   Coulomb (SR)
    4.56516e+01    2.60250e+01    1.58510e+01   -1.76163e+04   -1.02123e+02
 Position Rest.      Potential    Kinetic En.   Total Energy  Conserved En.
    5.40723e+01   -1.75768e+04    2.58347e+03   -1.49933e+04   -2.11173e+04
    Temperature Pressure (bar)
    3.02846e+02   -9.20634e+01

           Step           Time
         376000      752.00000

   Energies (kJ/mol)
           Bond       G96Angle  Improper Dih.        LJ (SR)   Coulomb (SR)
    4.03176e+01    2.34447e+01    1.32552e+01   -1.75862e+04   -1.08888e+02
 Position Rest.      Potential    Kinetic En.   Total Energy  Conserved En.
    4.84879e+01   -1.75696e+04    2.66920e+03   -1.49004e+04   -2.11513e+04
    Temperature Pressure (bar)
    3.12895e+02    8.60885e+01

           Step           Time
         377000      754.00000

   Energies (kJ/mol)
           Bond       G96Angle  Improper Dih.        LJ (SR)   Coulomb (SR)
    5.89919e+01    2.43763e+01    1.10546e+01   -1.76009e+04   -1.05630e+02
 Position Rest.      Potential    Kinetic En.   Total Energy  Conserved En.
    6.61115e+01   -1.75460e+04    2.68255e+03   -1.48635e+04   -2.11705e+04
    Temperature Pressure (bar)
    3.14461e+02    1.15252e+02

           Step           Time
         378000      756.00000

   Energies (kJ/mol)
           Bond       G96Angle  Improper Dih.        LJ (SR)   Coulomb (SR)
    3.99688e+01    3.04115e+01    8.20792e+00   -1.75189e+04   -1.07835e+02
 Position Rest.      Potential    Kinetic En.   Total Energy  Conserved En.
    5.13193e+01   -1.74968e+04    2.58361e+03   -1.49132e+04   -2.11976e+04
    Temperature Pressure (bar)
    3.02862e+02    9.05449e+01

           Step           Time
         379000      758.00000

   Energies (kJ/mol)
           Bond       G96Angle  Improper Dih.        LJ (SR)   Coulomb (SR)
    3.95866e+01    2.92811e+01    6.72918e+00   -1.75244e+04   -9.87737e+01
 Position Rest.      Potential    Kinetic En.   Total Energy  Conserved En.
    5.23435e+01   -1.74952e+04    2.57569e+03   -1.49195e+04   -2.12300e+04
    Temperature Pressure (bar)
    3.01934e+02    7.79726e+01

           Step           Time
         380000      760.00000

   Energies (kJ/mol)
           Bond       G96Angle  Improper Dih.        LJ (SR)   Coulomb (SR)
    3.99641e+01    1.70884e+01    6.08131e+00   -1.74641e+04   -1.04928e+02
 Position Rest.      Potential    Kinetic En.   Total Energy  Conserved En.
    6.31984e+01   -1.74427e+04    2.60409e+03   -1.48386e+04   -2.12741e+04
    Temperature Pressure (bar)
    3.05263e+02    1.76650e+02

           Step           Time
         381000      762.00000

   Energies (kJ/mol)
           Bond       G96Angle  Improper Dih.        LJ (SR)   Coulomb (SR)
    3.69115e+01    1.24641e+01    8.70827e+00   -1.75091e+04   -1.01205e+02
 Position Rest.      Potential    Kinetic En.   Total Energy  Conserved En.
    4.94140e+01   -1.75028e+04    2.60253e+03   -1.49002e+04   -2.12962e+04
    Temperature Pressure (bar)
    3.05081e+02   -1.60127e+01

           Step           Time
         382000      764.00000

   Energies (kJ/mol)
           Bond       G96Angle  Improper Dih.        LJ (SR)   Coulomb (SR)
    5.31190e+01    1.95840e+01    4.96074e+00   -1.77767e+04   -1.01640e+02
 Position Rest.      Potential    Kinetic En.   Total Energy  Conserved En.
    5.77922e+01   -1.77429e+04    2.72003e+03   -1.50229e+04   -2.13267e+04
    Temperature Pressure (bar)
    3.18854e+02   -2.55352e+02

           Step           Time
         383000      766.00000

   Energies (kJ/mol)
           Bond       G96Angle  Improper Dih.        LJ (SR)   Coulomb (SR)
    5.61182e+01    1.70713e+01    1.32534e+01   -1.76856e+04   -9.43422e+01
 Position Rest.      Potential    Kinetic En.   Total Energy  Conserved En.
    5.40452e+01   -1.76394e+04    2.66195e+03   -1.49775e+04   -2.13544e+04
    Temperature Pressure (bar)
    3.12046e+02   -1.29098e+02

           Step           Time
         384000      768.00000

   Energies (kJ/mol)
           Bond       G96Angle  Improper Dih.        LJ (SR)   Coulomb (SR)
    5.36682e+01    2.29090e+01    1.08625e+01   -1.75696e+04   -9.51313e+01
 Position Rest.      Potential    Kinetic En.   Total Energy  Conserved En.
    9.03746e+01   -1.74869e+04    2.83533e+03   -1.46516e+04   -2.13800e+04
    Temperature Pressure (bar)
    3.32371e+02    7.43087e+01

           Step           Time
         385000      770.00000

   Energies (kJ/mol)
           Bond       G96Angle  Improper Dih.        LJ (SR)   Coulomb (SR)
    4.26613e+01    1.87556e+01    7.39066e+00   -1.76764e+04   -9.62326e+01
 Position Rest.      Potential    Kinetic En.   Total Energy  Conserved En.
    4.18676e+01   -1.76620e+04    2.64076e+03   -1.50212e+04   -2.14270e+04
    Temperature Pressure (bar)
    3.09562e+02   -6.46427e+01

           Step           Time
         386000      772.00000

   Energies (kJ/mol)
           Bond       G96Angle  Improper Dih.        LJ (SR)   Coulomb (SR)
    4.46965e+01    2.77128e+01    1.51368e+01   -1.74997e+04   -9.97664e+01
 Position Rest.      Potential    Kinetic En.   Total Energy  Conserved En.
    7.07701e+01   -1.74412e+04    2.75092e+03   -1.46903e+04   -2.14516e+04
    Temperature Pressure (bar)
    3.22475e+02    1.31002e+02

           Step           Time
         387000      774.00000

   Energies (kJ/mol)
           Bond       G96Angle  Improper Dih.        LJ (SR)   Coulomb (SR)
    4.94334e+01    3.04056e+01    1.23173e+01   -1.76728e+04   -9.79451e+01
 Position Rest.      Potential    Kinetic En.   Total Energy  Conserved En.
    6.33766e+01   -1.76152e+04    2.62158e+03   -1.49937e+04   -2.14998e+04
    Temperature Pressure (bar)
    3.07313e+02   -8.82074e+01

           Step           Time
         388000      776.00000

   Energies (kJ/mol)
           Bond       G96Angle  Improper Dih.        LJ (SR)   Coulomb (SR)
    2.16948e+01    2.17073e+01    7.81619e+00   -1.76836e+04   -9.83028e+01
 Position Rest.      Potential    Kinetic En.   Total Energy  Conserved En.
    5.14543e+01   -1.76792e+04    2.51421e+03   -1.51650e+04   -2.15263e+04
    Temperature Pressure (bar)
    2.94727e+02   -1.11028e+02

           Step           Time
         389000      778.00000

   Energies (kJ/mol)
           Bond       G96Angle  Improper Dih.        LJ (SR)   Coulomb (SR)
    3.40910e+01    2.15955e+01    6.22091e+00   -1.76395e+04   -9.99732e+01
 Position Rest.      Potential    Kinetic En.   Total Energy  Conserved En.
    5.74237e+01   -1.76202e+04    2.53983e+03   -1.50804e+04   -2.15591e+04
    Temperature Pressure (bar)
    2.97731e+02   -1.04047e+02

           Step           Time
         390000      780.00000

   Energies (kJ/mol)
           Bond       G96Angle  Improper Dih.        LJ (SR)   Coulomb (SR)
    4.63677e+01    2.10246e+01    8.86282e+00   -1.75138e+04   -1.03071e+02
 Position Rest.      Potential    Kinetic En.   Total Energy  Conserved En.
    8.16557e+01   -1.74589e+04    2.59252e+03   -1.48664e+04   -2.15911e+04
    Temperature Pressure (bar)
    3.03907e+02    6.36818e+01

           Step           Time
         391000      782.00000

   Energies (kJ/mol)
           Bond       G96Angle  Improper Dih.        LJ (SR)   Coulomb (SR)
    4.85788e+01    3.28527e+01    8.12444e+00   -1.77065e+04   -1.00785e+02
 Position Rest.      Potential    Kinetic En.   Total Energy  Conserved En.
    5.61201e+01   -1.76617e+04    2.56469e+03   -1.50970e+04   -2.16236e+04
    Temperature Pressure (bar)
    3.00645e+02   -8.82763e+01

           Step           Time
         392000      784.00000

   Energies (kJ/mol)
           Bond       G96Angle  Improper Dih.        LJ (SR)   Coulomb (SR)
    3.76945e+01    1.57918e+01    1.25573e+01   -1.77550e+04   -1.02403e+02
 Position Rest.      Potential    Kinetic En.   Total Energy  Conserved En.
    6.08143e+01   -1.77306e+04    2.63687e+03   -1.50937e+04   -2.16435e+04
    Temperature Pressure (bar)
    3.09106e+02   -1.21680e+02

           Step           Time
         393000      786.00000

   Energies (kJ/mol)
           Bond       G96Angle  Improper Dih.        LJ (SR)   Coulomb (SR)
    4.09787e+01    1.85258e+01    1.08456e+01   -1.77651e+04   -1.04526e+02
 Position Rest.      Potential    Kinetic En.   Total Energy  Conserved En.
    6.73636e+01   -1.77320e+04    2.57419e+03   -1.51578e+04   -2.16697e+04
    Temperature Pressure (bar)
    3.01758e+02   -1.14552e+02

           Step           Time
         394000      788.00000

   Energies (kJ/mol)
           Bond       G96Angle  Improper Dih.        LJ (SR)   Coulomb (SR)
    3.34206e+01    2.33664e+01    9.48371e+00   -1.77804e+04   -1.12272e+02
 Position Rest.      Potential    Kinetic En.   Total Energy  Conserved En.
    7.72335e+01   -1.77491e+04    2.58184e+03   -1.51673e+04   -2.16858e+04
    Temperature Pressure (bar)
    3.02655e+02   -1.44047e+02

           Step           Time
         395000      790.00000

   Energies (kJ/mol)
           Bond       G96Angle  Improper Dih.        LJ (SR)   Coulomb (SR)
    2.76732e+01    2.47333e+01    1.25739e+01   -1.77477e+04   -1.09268e+02
 Position Rest.      Potential    Kinetic En.   Total Energy  Conserved En.
    6.72291e+01   -1.77248e+04    2.72172e+03   -1.50030e+04   -2.17086e+04
    Temperature Pressure (bar)
    3.19052e+02   -2.65211e+01

           Step           Time
         396000      792.00000

   Energies (kJ/mol)
           Bond       G96Angle  Improper Dih.        LJ (SR)   Coulomb (SR)
    4.89855e+01    2.12594e+01    1.31066e+01   -1.76836e+04   -1.17097e+02
 Position Rest.      Potential    Kinetic En.   Total Energy  Conserved En.
    4.76022e+01   -1.76697e+04    2.76623e+03   -1.49035e+04   -2.17359e+04
    Temperature Pressure (bar)
    3.24270e+02    3.96966e+01

           Step           Time
         397000      794.00000

   Energies (kJ/mol)
           Bond       G96Angle  Improper Dih.        LJ (SR)   Coulomb (SR)
    4.60569e+01    2.42790e+01    7.82776e+00   -1.76716e+04   -1.17583e+02
 Position Rest.      Potential    Kinetic En.   Total Energy  Conserved En.
    6.20191e+01   -1.76490e+04    2.72178e+03   -1.49272e+04   -2.17645e+04
    Temperature Pressure (bar)
    3.19059e+02   -5.95816e+00

           Step           Time
         398000      796.00000

   Energies (kJ/mol)
           Bond       G96Angle  Improper Dih.        LJ (SR)   Coulomb (SR)
    4.70375e+01    2.59298e+01    7.06266e+00   -1.78454e+04   -1.17995e+02
 Position Rest.      Potential    Kinetic En.   Total Energy  Conserved En.
    6.54925e+01   -1.78179e+04    2.57241e+03   -1.52455e+04   -2.17944e+04
    Temperature Pressure (bar)
    3.01550e+02   -2.07932e+02

           Step           Time
         399000      798.00000

   Energies (kJ/mol)
           Bond       G96Angle  Improper Dih.        LJ (SR)   Coulomb (SR)
    3.85318e+01    2.36287e+01    6.34424e+00   -1.77401e+04   -1.11221e+02
 Position Rest.      Potential    Kinetic En.   Total Energy  Conserved En.
    4.82272e+01   -1.77346e+04    2.61904e+03   -1.51156e+04   -2.18187e+04
    Temperature Pressure (bar)
    3.07016e+02    4.42098e+01

           Step           Time
         400000      800.00000

   Energies (kJ/mol)
           Bond       G96Angle  Improper Dih.        LJ (SR)   Coulomb (SR)
    3.68751e+01    2.92174e+01    1.22842e+01   -1.76936e+04   -1.06297e+02
 Position Rest.      Potential    Kinetic En.   Total Energy  Conserved En.
    6.49562e+01   -1.76566e+04    2.59029e+03   -1.50663e+04   -2.18548e+04
    Temperature Pressure (bar)
    3.03645e+02    1.12342e+02

           Step           Time
         401000      802.00000

   Energies (kJ/mol)
           Bond       G96Angle  Improper Dih.        LJ (SR)   Coulomb (SR)
    3.69555e+01    2.74137e+01    1.64736e+01   -1.76413e+04   -9.63849e+01
 Position Rest.      Potential    Kinetic En.   Total Energy  Conserved En.
    9.20425e+01   -1.75648e+04    2.62211e+03   -1.49427e+04   -2.18708e+04
    Temperature Pressure (bar)
    3.07375e+02    4.28200e+01

           Step           Time
         402000      804.00000

   Energies (kJ/mol)
           Bond       G96Angle  Improper Dih.        LJ (SR)   Coulomb (SR)
    3.10272e+01    2.02272e+01    6.23197e+00   -1.78877e+04   -1.01066e+02
 Position Rest.      Potential    Kinetic En.   Total Energy  Conserved En.
    5.87186e+01   -1.78726e+04    2.65196e+03   -1.52206e+04   -2.19215e+04
    Temperature Pressure (bar)
    3.10875e+02   -1.91407e+02

           Step           Time
         403000      806.00000

   Energies (kJ/mol)
           Bond       G96Angle  Improper Dih.        LJ (SR)   Coulomb (SR)
    3.34109e+01    1.81948e+01    1.28854e+01   -1.76674e+04   -9.72955e+01
 Position Rest.      Potential    Kinetic En.   Total Energy  Conserved En.
    6.03922e+01   -1.76399e+04    2.64257e+03   -1.49973e+04   -2.19456e+04
    Temperature Pressure (bar)
    3.09774e+02    5.51589e+01

           Step           Time
         404000      808.00000

   Energies (kJ/mol)
           Bond       G96Angle  Improper Dih.        LJ (SR)   Coulomb (SR)
    5.67059e+01    2.99583e+01    8.92429e+00   -1.75878e+04   -9.72567e+01
 Position Rest.      Potential    Kinetic En.   Total Energy  Conserved En.
    6.42525e+01   -1.75252e+04    2.59016e+03   -1.49351e+04   -2.19704e+04
    Temperature Pressure (bar)
    3.03630e+02    8.99463e+01

           Step           Time
         405000      810.00000

   Energies (kJ/mol)
           Bond       G96Angle  Improper Dih.        LJ (SR)   Coulomb (SR)
    3.84591e+01    2.24203e+01    7.59676e+00   -1.75580e+04   -9.75956e+01
 Position Rest.      Potential    Kinetic En.   Total Energy  Conserved En.
    5.35208e+01   -1.75336e+04    2.55321e+03   -1.49803e+04   -2.20000e+04
    Temperature Pressure (bar)
    2.99299e+02    5.57999e+01

           Step           Time
         406000      812.00000

   Energies (kJ/mol)
           Bond       G96Angle  Improper Dih.        LJ (SR)   Coulomb (SR)
    4.32576e+01    2.06659e+01    1.27512e+01   -1.76580e+04   -9.36100e+01
 Position Rest.      Potential    Kinetic En.   Total Energy  Conserved En.
    6.20387e+01   -1.76129e+04    2.73725e+03   -1.48756e+04   -2.20795e+04
    Temperature Pressure (bar)
    3.20872e+02   -1.81217e+01

           Step           Time
         407000      814.00000

   Energies (kJ/mol)
           Bond       G96Angle  Improper Dih.        LJ (SR)   Coulomb (SR)
    3.73087e+01    2.66045e+01    9.11824e+00   -1.76118e+04   -1.00698e+02
 Position Rest.      Potential    Kinetic En.   Total Energy  Conserved En.
    5.88680e+01   -1.75806e+04    2.68317e+03   -1.48974e+04   -2.21228e+04
    Temperature Pressure (bar)
    3.14533e+02    6.83906e+01

           Step           Time
         408000      816.00000

   Energies (kJ/mol)
           Bond       G96Angle  Improper Dih.        LJ (SR)   Coulomb (SR)
    4.69876e+01    2.30030e+01    5.66064e+00   -1.76902e+04   -1.03361e+02
 Position Rest.      Potential    Kinetic En.   Total Energy  Conserved En.
    7.48303e+01   -1.76431e+04    2.72626e+03   -1.49168e+04   -2.21410e+04
    Temperature Pressure (bar)
    3.19585e+02   -4.01187e+01

           Step           Time
         409000      818.00000

   Energies (kJ/mol)
           Bond       G96Angle  Improper Dih.        LJ (SR)   Coulomb (SR)
    2.69380e+01    1.94998e+01    5.09590e+00   -1.77557e+04   -9.96467e+01
 Position Rest.      Potential    Kinetic En.   Total Energy  Conserved En.
    4.05823e+01   -1.77633e+04    2.62300e+03   -1.51402e+04   -2.21773e+04
    Temperature Pressure (bar)
    3.07480e+02   -1.42098e+01

           Step           Time
         410000      820.00000

   Energies (kJ/mol)
           Bond       G96Angle  Improper Dih.        LJ (SR)   Coulomb (SR)
    3.58201e+01    3.01975e+01    5.72189e+00   -1.77031e+04   -1.11044e+02
 Position Rest.      Potential    Kinetic En.   Total Energy  Conserved En.
    7.73757e+01   -1.76650e+04    2.63170e+03   -1.50333e+04   -2.22070e+04
    Temperature Pressure (bar)
    3.08500e+02   -9.63927e+01

           Step           Time
         411000      822.00000

   Energies (kJ/mol)
           Bond       G96Angle  Improper Dih.        LJ (SR)   Coulomb (SR)
    2.28553e+01    1.82196e+01    6.81314e+00   -1.78020e+04   -1.14829e+02
 Position Rest.      Potential    Kinetic En.   Total Energy  Conserved En.
    6.37209e+01   -1.78052e+04    2.61285e+03   -1.51924e+04   -2.22356e+04
    Temperature Pressure (bar)
    3.06290e+02   -4.54945e+01

           Step           Time
         412000      824.00000

   Energies (kJ/mol)
           Bond       G96Angle  Improper Dih.        LJ (SR)   Coulomb (SR)
    3.24718e+01    2.25064e+01    1.23993e+01   -1.77356e+04   -1.07438e+02
 Position Rest.      Potential    Kinetic En.   Total Energy  Conserved En.
    4.28941e+01   -1.77327e+04    2.58582e+03   -1.51469e+04   -2.22547e+04
    Temperature Pressure (bar)
    3.03121e+02   -4.89317e+00

           Step           Time
         413000      826.00000

   Energies (kJ/mol)
           Bond       G96Angle  Improper Dih.        LJ (SR)   Coulomb (SR)
    6.66190e+01    3.13015e+01    6.97053e+00   -1.76393e+04   -1.09926e+02
 Position Rest.      Potential    Kinetic En.   Total Energy  Conserved En.
    7.24040e+01   -1.75719e+04    2.64065e+03   -1.49313e+04   -2.22875e+04
    Temperature Pressure (bar)
    3.09549e+02    1.51465e+02

           Step           Time
         414000      828.00000

   Energies (kJ/mol)
           Bond       G96Angle  Improper Dih.        LJ (SR)   Coulomb (SR)
    3.45862e+01    1.86433e+01    7.09223e+00   -1.75872e+04   -9.93706e+01
 Position Rest.      Potential    Kinetic En.   Total Energy  Conserved En.
    4.68830e+01   -1.75793e+04    2.68857e+03   -1.48908e+04   -2.23268e+04
    Temperature Pressure (bar)
    3.15166e+02    1.04940e+02

           Step           Time
         415000      830.00000

   Energies (kJ/mol)
           Bond       G96Angle  Improper Dih.        LJ (SR)   Coulomb (SR)
    4.08653e+01    2.22732e+01    3.91039e+00   -1.76968e+04   -1.09699e+02
 Position Rest.      Potential    Kinetic En.   Total Energy  Conserved En.
    6.36694e+01   -1.76757e+04    2.53736e+03   -1.51384e+04   -2.23438e+04
    Temperature Pressure (bar)
    2.97441e+02    1.96049e+01

           Step           Time
         416000      832.00000

   Energies (kJ/mol)
           Bond       G96Angle  Improper Dih.        LJ (SR)   Coulomb (SR)
    4.07374e+01    2.22328e+01    8.84239e+00   -1.76268e+04   -1.14509e+02
 Position Rest.      Potential    Kinetic En.   Total Energy  Conserved En.
    4.71932e+01   -1.76223e+04    2.54559e+03   -1.50767e+04   -2.23766e+04
    Temperature Pressure (bar)
    2.98405e+02    6.64849e+01

           Step           Time
         417000      834.00000

   Energies (kJ/mol)
           Bond       G96Angle  Improper Dih.        LJ (SR)   Coulomb (SR)
    5.77020e+01    3.76073e+01    5.93189e+00   -1.76013e+04   -1.06121e+02
 Position Rest.      Potential    Kinetic En.   Total Energy  Conserved En.
    6.87045e+01   -1.75374e+04    2.60942e+03   -1.49280e+04   -2.24003e+04
    Temperature Pressure (bar)
    3.05888e+02    1.04058e+02

           Step           Time
         418000      836.00000

   Energies (kJ/mol)
           Bond       G96Angle  Improper Dih.        LJ (SR)   Coulomb (SR)
    4.69427e+01    3.04182e+01    9.81379e+00   -1.76796e+04   -9.98778e+01
 Position Rest.      Potential    Kinetic En.   Total Energy  Conserved En.
    7.89825e+01   -1.76133e+04    2.57157e+03   -1.50417e+04   -2.24328e+04
    Temperature Pressure (bar)
    3.01451e+02    6.22836e+00

           Step           Time
         419000      838.00000

   Energies (kJ/mol)
           Bond       G96Angle  Improper Dih.        LJ (SR)   Coulomb (SR)
    2.72880e+01    2.92442e+01    1.44915e+01   -1.76357e+04   -9.52793e+01
 Position Rest.      Potential    Kinetic En.   Total Energy  Conserved En.
    6.79145e+01   -1.75920e+04    2.56933e+03   -1.50227e+04   -2.24518e+04
    Temperature Pressure (bar)
    3.01188e+02    5.55187e+01

           Step           Time
         420000      840.00000

   Energies (kJ/mol)
           Bond       G96Angle  Improper Dih.        LJ (SR)   Coulomb (SR)
    3.62739e+01    2.53570e+01    1.27897e+01   -1.76821e+04   -9.62574e+01
 Position Rest.      Potential    Kinetic En.   Total Energy  Conserved En.
    7.07321e+01   -1.76333e+04    2.57684e+03   -1.50564e+04   -2.24934e+04
    Temperature Pressure (bar)
    3.02069e+02   -5.67407e+01

           Step           Time
         421000      842.00000

   Energies (kJ/mol)
           Bond       G96Angle  Improper Dih.        LJ (SR)   Coulomb (SR)
    6.03940e+01    2.46943e+01    8.45990e+00   -1.76259e+04   -9.62014e+01
 Position Rest.      Potential    Kinetic En.   Total Energy  Conserved En.
    6.07388e+01   -1.75678e+04    2.69000e+03   -1.48778e+04   -2.25274e+04
    Temperature Pressure (bar)
    3.15334e+02   -7.56423e+01

           Step           Time
         422000      844.00000

   Energies (kJ/mol)
           Bond       G96Angle  Improper Dih.        LJ (SR)   Coulomb (SR)
    4.04221e+01    2.31478e+01    1.18482e+01   -1.76553e+04   -1.02097e+02
 Position Rest.      Potential    Kinetic En.   Total Energy  Conserved En.
    6.56171e+01   -1.76163e+04    2.48450e+03   -1.51318e+04   -2.25421e+04
    Temperature Pressure (bar)
    2.91244e+02   -2.87147e+01

           Step           Time
         423000      846.00000

   Energies (kJ/mol)
           Bond       G96Angle  Improper Dih.        LJ (SR)   Coulomb (SR)
    2.96924e+01    2.18566e+01    1.17818e+01   -1.77266e+04   -1.03917e+02
 Position Rest.      Potential    Kinetic En.   Total Energy  Conserved En.
    5.28152e+01   -1.77144e+04    2.56793e+03   -1.51465e+04   -2.25671e+04
    Temperature Pressure (bar)
    3.01024e+02   -9.19681e+01

           Step           Time
         424000      848.00000

   Energies (kJ/mol)
           Bond       G96Angle  Improper Dih.        LJ (SR)   Coulomb (SR)
    4.79209e+01    2.52261e+01    2.36809e+00   -1.76954e+04   -1.04664e+02
 Position Rest.      Potential    Kinetic En.   Total Energy  Conserved En.
    4.83171e+01   -1.76762e+04    2.51987e+03   -1.51563e+04   -2.25968e+04
    Temperature Pressure (bar)
    2.95391e+02    8.66794e+00

           Step           Time
         425000      850.00000

   Energies (kJ/mol)
           Bond       G96Angle  Improper Dih.        LJ (SR)   Coulomb (SR)
    3.53886e+01    1.96018e+01    1.10970e+01   -1.78867e+04   -1.00795e+02
 Position Rest.      Potential    Kinetic En.   Total Energy  Conserved En.
    5.12495e+01   -1.78702e+04    2.66594e+03   -1.52042e+04   -2.26111e+04
    Temperature Pressure (bar)
    3.12513e+02   -9.58453e+01

           Step           Time
         426000      852.00000

   Energies (kJ/mol)
           Bond       G96Angle  Improper Dih.        LJ (SR)   Coulomb (SR)
    2.37638e+01    2.31977e+01    8.20812e+00   -1.77196e+04   -1.00200e+02
 Position Rest.      Potential    Kinetic En.   Total Energy  Conserved En.
    5.03164e+01   -1.77143e+04    2.57787e+03   -1.51364e+04   -2.26487e+04
    Temperature Pressure (bar)
    3.02190e+02    4.50895e+01

           Step           Time
         427000      854.00000

   Energies (kJ/mol)
           Bond       G96Angle  Improper Dih.        LJ (SR)   Coulomb (SR)
    4.40394e+01    2.41258e+01    7.62521e+00   -1.77411e+04   -1.01328e+02
 Position Rest.      Potential    Kinetic En.   Total Energy  Conserved En.
    5.55516e+01   -1.77111e+04    2.73392e+03   -1.49772e+04   -2.26785e+04
    Temperature Pressure (bar)
    3.20482e+02    8.49669e+01

           Step           Time
         428000      856.00000

   Energies (kJ/mol)
           Bond       G96Angle  Improper Dih.        LJ (SR)   Coulomb (SR)
    5.40647e+01    2.35345e+01    1.00545e+01   -1.75350e+04   -9.99630e+01
 Position Rest.      Potential    Kinetic En.   Total Energy  Conserved En.
    6.84125e+01   -1.74789e+04    2.69782e+03   -1.47811e+04   -2.27070e+04
    Temperature Pressure (bar)
    3.16250e+02    1.88532e+02

           Step           Time
         429000      858.00000

   Energies (kJ/mol)
           Bond       G96Angle  Improper Dih.        LJ (SR)   Coulomb (SR)
    5.38407e+01    2.09273e+01    1.05162e+01   -1.74819e+04   -1.02464e+02
 Position Rest.      Potential    Kinetic En.   Total Energy  Conserved En.
    5.35189e+01   -1.74455e+04    2.70168e+03   -1.47438e+04   -2.27576e+04
    Temperature Pressure (bar)
    3.16703e+02    1.93281e+02

           Step           Time
         430000      860.00000

   Energies (kJ/mol)
           Bond       G96Angle  Improper Dih.        LJ (SR)   Coulomb (SR)
    3.34795e+01    1.94540e+01    7.53379e+00   -1.75970e+04   -1.08848e+02
 Position Rest.      Potential    Kinetic En.   Total Energy  Conserved En.
    6.30806e+01   -1.75823e+04    2.62185e+03   -1.49604e+04   -2.27879e+04
    Temperature Pressure (bar)
    3.07346e+02    8.66089e+01

           Step           Time
         431000      862.00000

   Energies (kJ/mol)
           Bond       G96Angle  Improper Dih.        LJ (SR)   Coulomb (SR)
    3.77007e+01    2.60608e+01    9.58472e+00   -1.77253e+04   -1.13127e+02
 Position Rest.      Potential    Kinetic En.   Total Energy  Conserved En.
    4.94816e+01   -1.77156e+04    2.63635e+03   -1.50792e+04   -2.28158e+04
    Temperature Pressure (bar)
    3.09045e+02   -2.25646e+02

           Step           Time
         432000      864.00000

   Energies (kJ/mol)
           Bond       G96Angle  Improper Dih.        LJ (SR)   Coulomb (SR)
    3.91719e+01    2.08592e+01    7.64739e+00   -1.76349e+04   -1.10908e+02
 Position Rest.      Potential    Kinetic En.   Total Energy  Conserved En.
    4.78880e+01   -1.76302e+04    2.58777e+03   -1.50424e+04   -2.28475e+04
    Temperature Pressure (bar)
    3.03350e+02    3.99943e+01

           Step           Time
         433000      866.00000

   Energies (kJ/mol)
           Bond       G96Angle  Improper Dih.        LJ (SR)   Coulomb (SR)
    3.71155e+01    1.82407e+01    2.84081e+00   -1.76876e+04   -1.09811e+02
 Position Rest.      Potential    Kinetic En.   Total Energy  Conserved En.
    5.05667e+01   -1.76886e+04    2.63116e+03   -1.50575e+04   -2.28693e+04
    Temperature Pressure (bar)
    3.08437e+02    3.92665e+01

           Step           Time
         434000      868.00000

   Energies (kJ/mol)
           Bond       G96Angle  Improper Dih.        LJ (SR)   Coulomb (SR)
    3.82618e+01    2.57209e+01    4.54738e+00   -1.76815e+04   -1.13532e+02
 Position Rest.      Potential    Kinetic En.   Total Energy  Conserved En.
    5.33495e+01   -1.76732e+04    2.74662e+03   -1.49266e+04   -2.29072e+04
    Temperature Pressure (bar)
    3.21971e+02    4.33995e+01

           Step           Time
         435000      870.00000

   Energies (kJ/mol)
           Bond       G96Angle  Improper Dih.        LJ (SR)   Coulomb (SR)
    4.37562e+01    2.48854e+01    1.24423e+01   -1.76793e+04   -1.12264e+02
 Position Rest.      Potential    Kinetic En.   Total Energy  Conserved En.
    5.37765e+01   -1.76567e+04    2.66114e+03   -1.49956e+04   -2.29379e+04
    Temperature Pressure (bar)
    3.11951e+02   -1.61827e+01

           Step           Time
         436000      872.00000

   Energies (kJ/mol)
           Bond       G96Angle  Improper Dih.        LJ (SR)   Coulomb (SR)
    5.23819e+01    2.29403e+01    1.08555e+01   -1.76577e+04   -1.16484e+02
 Position Rest.      Potential    Kinetic En.   Total Energy  Conserved En.
    7.77744e+01   -1.76102e+04    2.63771e+03   -1.49725e+04   -2.29694e+04
    Temperature Pressure (bar)
    3.09204e+02    8.45631e+01

           Step           Time
         437000      874.00000

   Energies (kJ/mol)
           Bond       G96Angle  Improper Dih.        LJ (SR)   Coulomb (SR)
    4.14112e+01    2.79808e+01    9.78987e+00   -1.77022e+04   -1.09892e+02
 Position Rest.      Potential    Kinetic En.   Total Energy  Conserved En.
    6.35582e+01   -1.76693e+04    2.77892e+03   -1.48904e+04   -2.29949e+04
    Temperature Pressure (bar)
    3.25758e+02   -1.70729e+01

           Step           Time
         438000      876.00000

   Energies (kJ/mol)
           Bond       G96Angle  Improper Dih.        LJ (SR)   Coulomb (SR)
    3.68681e+01    2.25642e+01    6.26220e+00   -1.75863e+04   -1.12384e+02
 Position Rest.      Potential    Kinetic En.   Total Energy  Conserved En.
    5.61788e+01   -1.75768e+04    2.81462e+03   -1.47622e+04   -2.30254e+04
    Temperature Pressure (bar)
    3.29942e+02    5.19084e+01

           Step           Time
         439000      878.00000

   Energies (kJ/mol)
           Bond       G96Angle  Improper Dih.        LJ (SR)   Coulomb (SR)
    3.54538e+01    2.66561e+01    7.37890e+00   -1.75508e+04   -1.15772e+02
 Position Rest.      Potential    Kinetic En.   Total Energy  Conserved En.
    8.31602e+01   -1.75140e+04    2.66235e+03   -1.48516e+04   -2.30623e+04
    Temperature Pressure (bar)
    3.12092e+02    5.84541e+01

           Step           Time
         440000      880.00000

   Energies (kJ/mol)
           Bond       G96Angle  Improper Dih.        LJ (SR)   Coulomb (SR)
    3.57348e+01    2.60911e+01    5.96006e+00   -1.76190e+04   -1.23303e+02
 Position Rest.      Potential    Kinetic En.   Total Energy  Conserved En.
    7.01592e+01   -1.76044e+04    2.71352e+03   -1.48909e+04   -2.30880e+04
    Temperature Pressure (bar)
    3.18091e+02   -6.86192e+01

           Step           Time
         441000      882.00000

   Energies (kJ/mol)
           Bond       G96Angle  Improper Dih.        LJ (SR)   Coulomb (SR)
    3.96126e+01    2.88651e+01    2.45724e+01   -1.74614e+04   -1.19380e+02
 Position Rest.      Potential    Kinetic En.   Total Energy  Conserved En.
    5.82286e+01   -1.74295e+04    2.84945e+03   -1.45800e+04   -2.25404e+04
    Temperature Pressure (bar)
    3.34025e+02    3.97601e+01

           Step           Time
         442000      884.00000

   Energies (kJ/mol)
           Bond       G96Angle  Improper Dih.        LJ (SR)   Coulomb (SR)
    3.64755e+01    1.69881e+01    3.89755e+00   -1.74261e+04   -1.22727e+02
 Position Rest.      Potential    Kinetic En.   Total Energy  Conserved En.
    4.58888e+01   -1.74455e+04    2.62004e+03   -1.48255e+04   -2.25787e+04
    Temperature Pressure (bar)
    3.07133e+02    1.08823e+02

           Step           Time
         443000      886.00000

   Energies (kJ/mol)
           Bond       G96Angle  Improper Dih.        LJ (SR)   Coulomb (SR)
    3.72923e+01    3.91305e+01    1.14274e+01   -1.73910e+04   -1.21341e+02
 Position Rest.      Potential    Kinetic En.   Total Energy  Conserved En.
    6.60130e+01   -1.73584e+04    2.67097e+03   -1.46875e+04   -2.26048e+04
    Temperature Pressure (bar)
    3.13104e+02    7.05674e+01

           Step           Time
         444000      888.00000

   Energies (kJ/mol)
           Bond       G96Angle  Improper Dih.        LJ (SR)   Coulomb (SR)
    5.55368e+01    2.11364e+01    1.33325e+01   -1.74752e+04   -1.18998e+02
 Position Rest.      Potential    Kinetic En.   Total Energy  Conserved En.
    7.05150e+01   -1.74337e+04    2.66238e+03   -1.47713e+04   -2.26245e+04
    Temperature Pressure (bar)
    3.12097e+02    3.04143e+01

           Step           Time
         445000      890.00000

   Energies (kJ/mol)
           Bond       G96Angle  Improper Dih.        LJ (SR)   Coulomb (SR)
    3.46244e+01    2.43735e+01    4.56265e+00   -1.77174e+04   -1.14833e+02
 Position Rest.      Potential    Kinetic En.   Total Energy  Conserved En.
    5.30828e+01   -1.77155e+04    2.69315e+03   -1.50224e+04   -2.26458e+04
    Temperature Pressure (bar)
    3.15703e+02   -1.33586e+02

           Step           Time
         446000      892.00000

   Energies (kJ/mol)
           Bond       G96Angle  Improper Dih.        LJ (SR)   Coulomb (SR)
    3.35324e+01    2.25402e+01    8.19606e+00   -1.76475e+04   -1.18844e+02
 Position Rest.      Potential    Kinetic En.   Total Energy  Conserved En.
    5.56130e+01   -1.76464e+04    2.70236e+03   -1.49441e+04   -2.26707e+04
    Temperature Pressure (bar)
    3.16783e+02   -1.11387e+02

           Step           Time
         447000      894.00000

   Energies (kJ/mol)
           Bond       G96Angle  Improper Dih.        LJ (SR)   Coulomb (SR)
    4.35806e+01    2.52939e+01    4.74344e+00   -1.76903e+04   -1.16966e+02
 Position Rest.      Potential    Kinetic En.   Total Energy  Conserved En.
    3.60553e+01   -1.76976e+04    2.60416e+03   -1.50934e+04   -2.27022e+04
    Temperature Pressure (bar)
    3.05272e+02   -6.60517e+01

           Step           Time
         448000      896.00000

   Energies (kJ/mol)
           Bond       G96Angle  Improper Dih.        LJ (SR)   Coulomb (SR)
    3.90711e+01    2.37398e+01    1.45054e+01   -1.75524e+04   -1.09342e+02
 Position Rest.      Potential    Kinetic En.   Total Energy  Conserved En.
    5.26570e+01   -1.75318e+04    2.65378e+03   -1.48780e+04   -2.27191e+04
    Temperature Pressure (bar)
    3.11089e+02   -2.92771e+01

           Step           Time
         449000      898.00000

   Energies (kJ/mol)
           Bond       G96Angle  Improper Dih.        LJ (SR)   Coulomb (SR)
    4.94680e+01    2.41719e+01    9.68640e+00   -1.75964e+04   -1.05244e+02
 Position Rest.      Potential    Kinetic En.   Total Energy  Conserved En.
    8.65971e+01   -1.75317e+04    2.69691e+03   -1.48348e+04   -2.27496e+04
    Temperature Pressure (bar)
    3.16144e+02    3.10452e+01

           Step           Time
         450000      900.00000

   Energies (kJ/mol)
           Bond       G96Angle  Improper Dih.        LJ (SR)   Coulomb (SR)
    4.93390e+01    1.87345e+01    1.03653e+01   -1.75851e+04   -1.04582e+02
 Position Rest.      Potential    Kinetic En.   Total Energy  Conserved En.
    5.81502e+01   -1.75531e+04    2.55227e+03   -1.50008e+04   -2.27943e+04
    Temperature Pressure (bar)
    2.99189e+02    3.29534e+01

           Step           Time
         451000      902.00000

   Energies (kJ/mol)
           Bond       G96Angle  Improper Dih.        LJ (SR)   Coulomb (SR)
    5.12667e+01    2.58311e+01    6.09004e+00   -1.77871e+04   -1.03926e+02
 Position Rest.      Potential    Kinetic En.   Total Energy  Conserved En.
    5.40876e+01   -1.77538e+04    2.75429e+03   -1.49995e+04   -2.28140e+04
    Temperature Pressure (bar)
    3.22870e+02   -1.00037e+02

           Step           Time
         452000      904.00000

   Energies (kJ/mol)
           Bond       G96Angle  Improper Dih.        LJ (SR)   Coulomb (SR)
    5.02179e+01    2.41490e+01    9.81035e+00   -1.77048e+04   -1.04036e+02
 Position Rest.      Potential    Kinetic En.   Total Energy  Conserved En.
    6.37229e+01   -1.76609e+04    2.62741e+03   -1.50335e+04   -2.28396e+04
    Temperature Pressure (bar)
    3.07997e+02   -7.30902e+01

           Step           Time
         453000      906.00000

   Energies (kJ/mol)
           Bond       G96Angle  Improper Dih.        LJ (SR)   Coulomb (SR)
    2.71335e+01    2.27788e+01    6.61383e+00   -1.76452e+04   -1.07365e+02
 Position Rest.      Potential    Kinetic En.   Total Energy  Conserved En.
    3.92538e+01   -1.76567e+04    2.72835e+03   -1.49284e+04   -2.28768e+04
    Temperature Pressure (bar)
    3.19830e+02    6.94743e+00

           Step           Time
         454000      908.00000

   Energies (kJ/mol)
           Bond       G96Angle  Improper Dih.        LJ (SR)   Coulomb (SR)
    5.09274e+01    2.26941e+01    8.85498e+00   -1.76836e+04   -9.98358e+01
 Position Rest.      Potential    Kinetic En.   Total Energy  Conserved En.
    6.88550e+01   -1.76321e+04    2.69583e+03   -1.49362e+04   -2.29086e+04
    Temperature Pressure (bar)
    3.16017e+02   -1.49432e+02

           Step           Time
         455000      910.00000

   Energies (kJ/mol)
           Bond       G96Angle  Improper Dih.        LJ (SR)   Coulomb (SR)
    4.50516e+01    2.00034e+01    8.80091e+00   -1.76413e+04   -1.06955e+02
 Position Rest.      Potential    Kinetic En.   Total Energy  Conserved En.
    5.27185e+01   -1.76217e+04    2.61954e+03   -1.50022e+04   -2.29396e+04
    Temperature Pressure (bar)
    3.07074e+02   -2.38454e+01

           Step           Time
         456000      912.00000

   Energies (kJ/mol)
           Bond       G96Angle  Improper Dih.        LJ (SR)   Coulomb (SR)
    4.80131e+01    2.28646e+01    1.08353e+01   -1.76432e+04   -1.10115e+02
 Position Rest.      Potential    Kinetic En.   Total Energy  Conserved En.
    5.16010e+01   -1.76200e+04    2.63382e+03   -1.49862e+04   -2.29851e+04
    Temperature Pressure (bar)
    3.08748e+02   -6.66465e+01

           Step           Time
         457000      914.00000

   Energies (kJ/mol)
           Bond       G96Angle  Improper Dih.        LJ (SR)   Coulomb (SR)
    3.52425e+01    2.40587e+01    6.77874e+00   -1.76312e+04   -1.04143e+02
 Position Rest.      Potential    Kinetic En.   Total Energy  Conserved En.
    4.57959e+01   -1.76235e+04    2.69114e+03   -1.49323e+04   -2.30159e+04
    Temperature Pressure (bar)
    3.15468e+02   -2.05641e+01

           Step           Time
         458000      916.00000

   Energies (kJ/mol)
           Bond       G96Angle  Improper Dih.        LJ (SR)   Coulomb (SR)
    3.33371e+01    2.14900e+01    7.99605e+00   -1.76217e+04   -1.05081e+02
 Position Rest.      Potential    Kinetic En.   Total Energy  Conserved En.
    5.58677e+01   -1.76081e+04    2.64176e+03   -1.49663e+04   -2.30476e+04
    Temperature Pressure (bar)
    3.09679e+02    3.84519e+01

           Step           Time
         459000      918.00000

   Energies (kJ/mol)
           Bond       G96Angle  Improper Dih.        LJ (SR)   Coulomb (SR)
    5.65860e+01    2.03632e+01    4.97699e+00   -1.75583e+04   -1.06744e+02
 Position Rest.      Potential    Kinetic En.   Total Energy  Conserved En.
    7.27765e+01   -1.75104e+04    2.67660e+03   -1.48338e+04   -2.30782e+04
    Temperature Pressure (bar)
    3.13763e+02    4.84304e+01

           Step           Time
         460000      920.00000

   Energies (kJ/mol)
           Bond       G96Angle  Improper Dih.        LJ (SR)   Coulomb (SR)
    4.52937e+01    2.00045e+01    5.49987e+00   -1.76409e+04   -1.15798e+02
 Position Rest.      Potential    Kinetic En.   Total Energy  Conserved En.
    5.40009e+01   -1.76319e+04    2.49758e+03   -1.51343e+04   -2.31160e+04
    Temperature Pressure (bar)
    2.92777e+02   -4.10226e+00

           Step           Time
         461000      922.00000

   Energies (kJ/mol)
           Bond       G96Angle  Improper Dih.        LJ (SR)   Coulomb (SR)
    3.04410e+01    2.05702e+01    1.02910e+01   -1.77381e+04   -1.17563e+02
 Position Rest.      Potential    Kinetic En.   Total Energy  Conserved En.
    5.99468e+01   -1.77344e+04    2.62971e+03   -1.51047e+04   -2.31458e+04
    Temperature Pressure (bar)
    3.08267e+02   -9.83021e+01

           Step           Time
         462000      924.00000

   Energies (kJ/mol)
           Bond       G96Angle  Improper Dih.        LJ (SR)   Coulomb (SR)
    2.33239e+02    7.41903e+01    2.71152e+01   -1.73510e+04   -1.13279e+02
 Position Rest.      Potential    Kinetic En.   Total Energy  Conserved En.
    2.58863e+02   -1.68709e+04    3.24152e+03   -1.36293e+04   -2.13906e+04
    Temperature Pressure (bar)
    3.79985e+02    2.84094e+02

           Step           Time
         463000      926.00000

   Energies (kJ/mol)
           Bond       G96Angle  Improper Dih.        LJ (SR)   Coulomb (SR)
    8.18854e+01    5.66756e+01    1.09726e+01   -1.73192e+04   -1.14539e+02
 Position Rest.      Potential    Kinetic En.   Total Energy  Conserved En.
    7.54733e+01   -1.72087e+04    3.01163e+03   -1.41971e+04   -2.14354e+04
    Temperature Pressure (bar)
    3.53037e+02    1.87741e+02

           Step           Time
         464000      928.00000

   Energies (kJ/mol)
           Bond       G96Angle  Improper Dih.        LJ (SR)   Coulomb (SR)
    4.40569e+01    2.85892e+01    1.00281e+01   -1.73734e+04   -1.19249e+02
 Position Rest.      Potential    Kinetic En.   Total Energy  Conserved En.
    5.85191e+01   -1.73514e+04    2.68295e+03   -1.46685e+04   -2.14661e+04
    Temperature Pressure (bar)
    3.14507e+02    3.12314e+01

           Step           Time
         465000      930.00000

   Energies (kJ/mol)
           Bond       G96Angle  Improper Dih.        LJ (SR)   Coulomb (SR)
    3.42342e+01    1.60449e+01    8.47732e+00   -1.75909e+04   -1.19914e+02
 Position Rest.      Potential    Kinetic En.   Total Energy  Conserved En.
    6.48492e+01   -1.75872e+04    2.69227e+03   -1.48949e+04   -2.14895e+04
    Temperature Pressure (bar)
    3.15600e+02   -1.61014e+02

           Step           Time
         466000      932.00000

   Energies (kJ/mol)
           Bond       G96Angle  Improper Dih.        LJ (SR)   Coulomb (SR)
    2.21638e+01    1.89058e+01    5.50381e+00   -1.76008e+04   -1.19987e+02
 Position Rest.      Potential    Kinetic En.   Total Energy  Conserved En.
    5.45812e+01   -1.76197e+04    2.75198e+03   -1.48677e+04   -2.15046e+04
    Temperature Pressure (bar)
    3.22600e+02   -1.15498e+02

           Step           Time
         467000      934.00000

   Energies (kJ/mol)
           Bond       G96Angle  Improper Dih.        LJ (SR)   Coulomb (SR)
    3.15160e+01    2.74393e+01    1.74258e+01   -1.76031e+04   -1.11060e+02
 Position Rest.      Potential    Kinetic En.   Total Energy  Conserved En.
    5.99415e+01   -1.75778e+04    2.54087e+03   -1.50369e+04   -2.15336e+04
    Temperature Pressure (bar)
    2.97852e+02   -8.55623e+01

           Step           Time
         468000      936.00000

   Energies (kJ/mol)
           Bond       G96Angle  Improper Dih.        LJ (SR)   Coulomb (SR)
    3.17084e+01    3.09387e+01    9.78086e+00   -1.73261e+04   -1.05234e+02
 Position Rest.      Potential    Kinetic En.   Total Energy  Conserved En.
    6.77444e+01   -1.72912e+04    2.62389e+03   -1.46673e+04   -2.15589e+04
    Temperature Pressure (bar)
    3.07584e+02    2.12537e+02

           Step           Time
         469000      938.00000

   Energies (kJ/mol)
           Bond       G96Angle  Improper Dih.        LJ (SR)   Coulomb (SR)
    3.29908e+01    1.89169e+01    8.05010e+00   -1.74882e+04   -1.08326e+02
 Position Rest.      Potential    Kinetic En.   Total Energy  Conserved En.
    5.32758e+01   -1.74833e+04    2.71750e+03   -1.47658e+04   -2.15863e+04
    Temperature Pressure (bar)
    3.18557e+02   -2.26889e+01

           Step           Time
         470000      940.00000

   Energies (kJ/mol)
           Bond       G96Angle  Improper Dih.        LJ (SR)   Coulomb (SR)
    4.02445e+01    1.69844e+01    1.01471e+01   -1.75438e+04   -1.09004e+02
 Position Rest.      Potential    Kinetic En.   Total Energy  Conserved En.
    5.70139e+01   -1.75284e+04    2.71561e+03   -1.48128e+04   -2.16320e+04
    Temperature Pressure (bar)
    3.18336e+02   -1.50741e+02

           Step           Time
         471000      942.00000

   Energies (kJ/mol)
           Bond       G96Angle  Improper Dih.        LJ (SR)   Coulomb (SR)
    3.63665e+01    3.39211e+01    1.21141e+01   -1.75737e+04   -1.12789e+02
 Position Rest.      Potential    Kinetic En.   Total Energy  Conserved En.
    8.44639e+01   -1.75196e+04    2.67739e+03   -1.48422e+04   -2.16699e+04
    Temperature Pressure (bar)
    3.13856e+02   -4.10406e+01

           Step           Time
         472000      944.00000

   Energies (kJ/mol)
           Bond       G96Angle  Improper Dih.        LJ (SR)   Coulomb (SR)
    3.03122e+01    2.88181e+01    4.68362e+00   -1.76458e+04   -1.09543e+02
 Position Rest.      Potential    Kinetic En.   Total Energy  Conserved En.
    5.52815e+01   -1.76362e+04    2.68270e+03   -1.49535e+04   -2.16937e+04
    Temperature Pressure (bar)
    3.14478e+02   -1.06294e+02

           Step           Time
         473000      946.00000

   Energies (kJ/mol)
           Bond       G96Angle  Improper Dih.        LJ (SR)   Coulomb (SR)
    5.74619e+01    2.76396e+01    1.31692e+01   -1.75805e+04   -1.10364e+02
 Position Rest.      Potential    Kinetic En.   Total Energy  Conserved En.
    5.67868e+01   -1.75359e+04    2.59467e+03   -1.49412e+04   -2.17263e+04
    Temperature Pressure (bar)
    3.04159e+02   -8.23958e+01

           Step           Time
         474000      948.00000

   Energies (kJ/mol)
           Bond       G96Angle  Improper Dih.        LJ (SR)   Coulomb (SR)
    4.74598e+01    3.92458e+01    1.26420e+01   -1.74550e+04   -1.12066e+02
 Position Rest.      Potential    Kinetic En.   Total Energy  Conserved En.
    5.87048e+01   -1.74090e+04    2.67815e+03   -1.47308e+04   -2.17439e+04
    Temperature Pressure (bar)
    3.13945e+02    1.06814e+02

           Step           Time
         475000      950.00000

   Energies (kJ/mol)
           Bond       G96Angle  Improper Dih.        LJ (SR)   Coulomb (SR)
    5.39328e+01    2.35647e+01    1.19000e+01   -1.74956e+04   -1.13138e+02
 Position Rest.      Potential    Kinetic En.   Total Energy  Conserved En.
    7.03041e+01   -1.74490e+04    2.82082e+03   -1.46282e+04   -2.17482e+04
    Temperature Pressure (bar)
    3.30670e+02    1.48563e+01

           Step           Time
         476000      952.00000

   Energies (kJ/mol)
           Bond       G96Angle  Improper Dih.        LJ (SR)   Coulomb (SR)
    5.34219e+01    2.65568e+01    6.36002e+00   -1.75065e+04   -1.09488e+02
 Position Rest.      Potential    Kinetic En.   Total Energy  Conserved En.
    4.92573e+01   -1.74804e+04    2.91383e+03   -1.45666e+04   -2.17868e+04
    Temperature Pressure (bar)
    3.41572e+02   -2.64696e+01

           Step           Time
         477000      954.00000

   Energies (kJ/mol)
           Bond       G96Angle  Improper Dih.        LJ (SR)   Coulomb (SR)
    4.30002e+01    3.75081e+01    1.11427e+01   -1.73655e+04   -1.10925e+02
 Position Rest.      Potential    Kinetic En.   Total Energy  Conserved En.
    5.25119e+01   -1.73322e+04    2.68387e+03   -1.46484e+04   -2.18159e+04
    Temperature Pressure (bar)
    3.14616e+02    1.11134e+02

           Step           Time
         478000      956.00000

   Energies (kJ/mol)
           Bond       G96Angle  Improper Dih.        LJ (SR)   Coulomb (SR)
    3.83090e+01    2.92005e+01    5.95642e+00   -1.74348e+04   -1.08045e+02
 Position Rest.      Potential    Kinetic En.   Total Energy  Conserved En.
    6.06694e+01   -1.74087e+04    2.69374e+03   -1.47149e+04   -2.18524e+04
    Temperature Pressure (bar)
    3.15773e+02    8.99216e+01

           Step           Time
         479000      958.00000

   Energies (kJ/mol)
           Bond       G96Angle  Improper Dih.        LJ (SR)   Coulomb (SR)
    5.94146e+01    2.38484e+01    9.88241e+00   -1.75300e+04   -1.10288e+02
 Position Rest.      Potential    Kinetic En.   Total Energy  Conserved En.
    8.08190e+01   -1.74663e+04    2.52563e+03   -1.49407e+04   -2.18738e+04
    Temperature Pressure (bar)
    2.96066e+02    2.53439e+01

           Step           Time
         480000      960.00000

   Energies (kJ/mol)
           Bond       G96Angle  Improper Dih.        LJ (SR)   Coulomb (SR)
    4.95675e+01    2.74131e+01    9.41720e+00   -1.75150e+04   -1.09659e+02
 Position Rest.      Potential    Kinetic En.   Total Energy  Conserved En.
    5.70042e+01   -1.74813e+04    2.72675e+03   -1.47545e+04   -2.19154e+04
    Temperature Pressure (bar)
    3.19643e+02   -1.55057e+00

           Step           Time
         481000      962.00000

   Energies (kJ/mol)
           Bond       G96Angle  Improper Dih.        LJ (SR)   Coulomb (SR)
    2.69854e+01    3.10226e+01    1.03195e+01   -1.75996e+04   -1.11134e+02
 Position Rest.      Potential    Kinetic En.   Total Energy  Conserved En.
    5.88342e+01   -1.75836e+04    2.72001e+03   -1.48636e+04   -2.19467e+04
    Temperature Pressure (bar)
    3.18851e+02   -3.81614e+01

           Step           Time
         482000      964.00000

   Energies (kJ/mol)
           Bond       G96Angle  Improper Dih.        LJ (SR)   Coulomb (SR)
    4.19957e+01    2.31255e+01    8.22714e+00   -1.77891e+04   -1.10976e+02
 Position Rest.      Potential    Kinetic En.   Total Energy  Conserved En.
    8.14092e+01   -1.77453e+04    2.64415e+03   -1.51012e+04   -2.19824e+04
    Temperature Pressure (bar)
    3.09959e+02   -1.44608e+02

           Step           Time
         483000      966.00000

   Energies (kJ/mol)
           Bond       G96Angle  Improper Dih.        LJ (SR)   Coulomb (SR)
    4.04417e+01    2.43267e+01    5.34234e+00   -1.77452e+04   -1.14106e+02
 Position Rest.      Potential    Kinetic En.   Total Energy  Conserved En.
    4.26507e+01   -1.77466e+04    2.69485e+03   -1.50517e+04   -2.20041e+04
    Temperature Pressure (bar)
    3.15902e+02   -1.01090e+02

           Step           Time
         484000      968.00000

   Energies (kJ/mol)
           Bond       G96Angle  Improper Dih.        LJ (SR)   Coulomb (SR)
    4.05417e+01    1.71261e+01    5.95579e+00   -1.77339e+04   -1.14515e+02
 Position Rest.      Potential    Kinetic En.   Total Energy  Conserved En.
    5.35356e+01   -1.77312e+04    2.73016e+03   -1.50011e+04   -2.20453e+04
    Temperature Pressure (bar)
    3.20041e+02   -1.89424e+02

           Step           Time
         485000      970.00000

   Energies (kJ/mol)
           Bond       G96Angle  Improper Dih.        LJ (SR)   Coulomb (SR)
    2.88869e+01    2.50266e+01    1.10813e+01   -1.76587e+04   -1.14038e+02
 Position Rest.      Potential    Kinetic En.   Total Energy  Conserved En.
    5.16158e+01   -1.76562e+04    2.55673e+03   -1.50994e+04   -2.20710e+04
    Temperature Pressure (bar)
    2.99711e+02    7.35079e+00

           Step           Time
         486000      972.00000

   Energies (kJ/mol)
           Bond       G96Angle  Improper Dih.        LJ (SR)   Coulomb (SR)
    4.72746e+01    2.96828e+01    7.71218e+00   -1.77968e+04   -1.02781e+02
 Position Rest.      Potential    Kinetic En.   Total Energy  Conserved En.
    5.13688e+01   -1.77635e+04    2.52784e+03   -1.52357e+04   -2.21069e+04
    Temperature Pressure (bar)
    2.96325e+02   -1.18146e+02

           Step           Time
         487000      974.00000

   Energies (kJ/mol)
           Bond       G96Angle  Improper Dih.        LJ (SR)   Coulomb (SR)
    1.91627e+01    2.27424e+01    4.86350e+00   -1.79396e+04   -1.07996e+02
 Position Rest.      Potential    Kinetic En.   Total Energy  Conserved En.
    6.25357e+01   -1.79383e+04    2.63165e+03   -1.53067e+04   -2.21265e+04
    Temperature Pressure (bar)
    3.08494e+02   -3.49166e+01

           Step           Time
         488000      976.00000

   Energies (kJ/mol)
           Bond       G96Angle  Improper Dih.        LJ (SR)   Coulomb (SR)
    3.91668e+01    2.77117e+01    1.19438e+01   -1.79068e+04   -1.09609e+02
 Position Rest.      Potential    Kinetic En.   Total Energy  Conserved En.
    6.33014e+01   -1.78743e+04    2.58953e+03   -1.52848e+04   -2.21470e+04
    Temperature Pressure (bar)
    3.03556e+02   -2.32147e+02

           Step           Time
         489000      978.00000

   Energies (kJ/mol)
           Bond       G96Angle  Improper Dih.        LJ (SR)   Coulomb (SR)
    4.46977e+01    2.94976e+01    6.62379e+00   -1.78384e+04   -1.06919e+02
 Position Rest.      Potential    Kinetic En.   Total Energy  Conserved En.
    5.70238e+01   -1.78074e+04    2.57658e+03   -1.52309e+04   -2.21870e+04
    Temperature Pressure (bar)
    3.02039e+02   -6.93041e+01

           Step           Time
         490000      980.00000

   Energies (kJ/mol)
           Bond       G96Angle  Improper Dih.        LJ (SR)   Coulomb (SR)
    3.43251e+01    2.48386e+01    7.47623e+00   -1.77525e+04   -1.10396e+02
 Position Rest.      Potential    Kinetic En.   Total Energy  Conserved En.
    7.04525e+01   -1.77258e+04    2.80162e+03   -1.49241e+04   -2.22105e+04
    Temperature Pressure (bar)
    3.28419e+02   -2.29078e+01

           Step           Time
         491000      982.00000

   Energies (kJ/mol)
           Bond       G96Angle  Improper Dih.        LJ (SR)   Coulomb (SR)
    2.75932e+01    2.35912e+01    5.66090e+00   -1.75305e+04   -1.17650e+02
 Position Rest.      Potential    Kinetic En.   Total Energy  Conserved En.
    4.34016e+01   -1.75479e+04    2.52720e+03   -1.50207e+04   -2.22386e+04
    Temperature Pressure (bar)
    2.96250e+02    1.82964e+02

           Step           Time
         492000      984.00000

   Energies (kJ/mol)
           Bond       G96Angle  Improper Dih.        LJ (SR)   Coulomb (SR)
    4.24083e+01    2.56861e+01    1.01314e+01   -1.77278e+04   -1.21721e+02
 Position Rest.      Potential    Kinetic En.   Total Energy  Conserved En.
    4.52161e+01   -1.77261e+04    2.62181e+03   -1.51042e+04   -2.22698e+04
    Temperature Pressure (bar)
    3.07341e+02   -6.45658e+00

           Step           Time
         493000      986.00000

   Energies (kJ/mol)
           Bond       G96Angle  Improper Dih.        LJ (SR)   Coulomb (SR)
    3.87615e+01    2.30803e+01    1.40281e+01   -1.76401e+04   -1.08237e+02
 Position Rest.      Potential    Kinetic En.   Total Energy  Conserved En.
    6.37066e+01   -1.76088e+04    2.60555e+03   -1.50032e+04   -2.22922e+04
    Temperature Pressure (bar)
    3.05435e+02    5.41518e+01

           Step           Time
         494000      988.00000

   Energies (kJ/mol)
           Bond       G96Angle  Improper Dih.        LJ (SR)   Coulomb (SR)
    3.26260e+01    2.12545e+01    1.50140e+01   -1.77358e+04   -1.08123e+02
 Position Rest.      Potential    Kinetic En.   Total Energy  Conserved En.
    7.84784e+01   -1.76965e+04    2.67969e+03   -1.50168e+04   -2.23225e+04
    Temperature Pressure (bar)
    3.14125e+02   -3.40283e+01

           Step           Time
         495000      990.00000

   Energies (kJ/mol)
           Bond       G96Angle  Improper Dih.        LJ (SR)   Coulomb (SR)
    3.03355e+01    2.82053e+01    9.82494e+00   -1.76522e+04   -1.11892e+02
 Position Rest.      Potential    Kinetic En.   Total Energy  Conserved En.
    6.90931e+01   -1.76267e+04    2.65668e+03   -1.49700e+04   -2.23527e+04
    Temperature Pressure (bar)
    3.11428e+02   -4.60027e+01

           Step           Time
         496000      992.00000

   Energies (kJ/mol)
           Bond       G96Angle  Improper Dih.        LJ (SR)   Coulomb (SR)
    2.53252e+01    2.29531e+01    7.86604e+00   -1.77544e+04   -1.16946e+02
 Position Rest.      Potential    Kinetic En.   Total Energy  Conserved En.
    5.65690e+01   -1.77586e+04    2.62252e+03   -1.51361e+04   -2.23854e+04
    Temperature Pressure (bar)
    3.07424e+02    4.12490e+01

           Step           Time
         497000      994.00000

   Energies (kJ/mol)
           Bond       G96Angle  Improper Dih.        LJ (SR)   Coulomb (SR)
    3.32311e+01    2.13892e+01    1.06303e+01   -1.76725e+04   -1.10476e+02
 Position Rest.      Potential    Kinetic En.   Total Energy  Conserved En.
    6.64942e+01   -1.76513e+04    2.60348e+03   -1.50478e+04   -2.24232e+04
    Temperature Pressure (bar)
    3.05191e+02    4.75081e+01

           Step           Time
         498000      996.00000

   Energies (kJ/mol)
           Bond       G96Angle  Improper Dih.        LJ (SR)   Coulomb (SR)
    2.71941e+01    2.23096e+01    1.00087e+01   -1.75890e+04   -1.12097e+02
 Position Rest.      Potential    Kinetic En.   Total Energy  Conserved En.
    4.56784e+01   -1.75959e+04    2.81241e+03   -1.47835e+04   -2.24543e+04
    Temperature Pressure (bar)
    3.29684e+02    1.38723e+02

           Step           Time
         499000      998.00000

   Energies (kJ/mol)
           Bond       G96Angle  Improper Dih.        LJ (SR)   Coulomb (SR)
    3.90641e+01    2.47158e+01    4.20272e+00   -1.76570e+04   -1.06797e+02
 Position Rest.      Potential    Kinetic En.   Total Energy  Conserved En.
    5.84834e+01   -1.76373e+04    2.65775e+03   -1.49796e+04   -2.24748e+04
    Temperature Pressure (bar)
    3.11553e+02    1.28918e+02

           Step           Time
         500000     1000.00000

Writing checkpoint, step 500000 at Sun Mar 22 23:45:08 2026


   Energies (kJ/mol)
           Bond       G96Angle  Improper Dih.        LJ (SR)   Coulomb (SR)
    4.19565e+01    2.89172e+01    8.96375e+00   -1.76279e+04   -1.07255e+02
 Position Rest.      Potential    Kinetic En.   Total Energy  Conserved En.
    6.66551e+01   -1.75887e+04    2.64228e+03   -1.49464e+04   -2.24954e+04
    Temperature Pressure (bar)
    3.09740e+02    1.00393e+02


Energy conservation over simulation part #1 of length 1000 ps, time 0 to 1000 ps
  Conserved energy drift: -7.69e-03 kJ/mol/ps per atom


	<======  ###############  ==>
	<====  A V E R A G E S  ====>
	<==  ###############  ======>

	Statistics over 500001 steps using 5001 frames

   Energies (kJ/mol)
           Bond       G96Angle  Improper Dih.        LJ (SR)   Coulomb (SR)
    3.98537e+01    2.47604e+01    9.47746e+00   -1.76465e+04   -1.09825e+02
 Position Rest.      Potential    Kinetic En.   Total Energy  Conserved En.
    6.01817e+01   -1.76221e+04    2.63890e+03   -1.49832e+04   -2.10903e+04
    Temperature Pressure (bar)
    3.09344e+02    5.72045e-02

          Box-X          Box-Y          Box-Z
    4.28399e+00    4.28399e+00    4.28399e+00

   Total Virial (kJ/mol)
    8.90919e+02   -4.29247e+01    1.28489e+00
   -4.29247e+01    8.57780e+02    5.41207e+00
    1.28490e+00    5.41205e+00    8.89896e+02

   Pressure (bar)
   -4.05453e+00    1.80551e+01   -4.81415e-01
    1.80551e+01    8.73899e+00   -2.14347e+00
   -4.81418e-01   -2.14346e+00   -4.51285e+00

 T-glycoprotein   T-Water_ions
    3.12750e+02    3.09193e+02


	M E G A - F L O P S   A C C O U N T I N G

 NB=Group-cutoff nonbonded kernels    NxN=N-by-N cluster Verlet kernels
 RF=Reaction-Field  VdW=Van der Waals  QSTab=quadratic-spline table
 W3=SPC/TIP3p  W4=TIP4p (single or pairs)
 V&F=Potential and force  V=Potential only  F=Force only

 Computing:                               M-Number         M-Flops  % Flops
-----------------------------------------------------------------------------
 Pair Search distance check             623.167024        5608.503     0.1
 NxN RF Elec. + LJ [F]                98838.403136     3755859.319    98.2
 NxN RF Elec. + LJ [V&F]                998.648256       53927.006     1.4
 Shift-X                                 17.150686         102.904     0.0
 Bonds                                   18.500037        1091.502     0.0
 Angles                                  25.500051        4284.009     0.1
 Impropers                                6.000012        1248.002     0.0
 Pos. Restr.                             15.000030         750.001     0.0
 Virial                                   3.655731          65.803     0.0
 Stop-CM                                  3.431372          34.314     0.0
 P-Coupling                               3.430686          20.584     0.0
 Calc-Ekin                                6.861372         185.257     0.0
-----------------------------------------------------------------------------
 Total                                                 3823177.205   100.0
-----------------------------------------------------------------------------


      R E A L   C Y C L E   A N D   T I M E   A C C O U N T I N G

On 1 MPI rank, each using 12 OpenMP threads

 Activity:              Num   Num      Call    Wall time         Giga-Cycles
                        Ranks Threads  Count      (s)         total sum    %
--------------------------------------------------------------------------------
 Neighbor search           1   12      25001       1.831         83.317   7.8
 Launch PP GPU ops.        1   12     975001      11.931        542.901  50.7
 Force                     1   12     500001       4.536        206.411  19.3
 Wait GPU NB local         1   12     500001       0.160          7.280   0.7
 Wait GPU state copy       1   12     545003       0.674         30.667   2.9
 NB X/F buffer ops.        1   12       5001       0.019          0.874   0.1
 Write traj.               1   12       5001       2.313        105.257   9.8
 Rest                                              2.087         94.980   8.9
--------------------------------------------------------------------------------
 Total                                            23.551       1071.686 100.0
--------------------------------------------------------------------------------

               Core t (s)   Wall t (s)        (%)
       Time:      282.584       23.551     1199.9
                 (ns/day)    (hour/ns)
Performance:     3668.579        0.007
Finished mdrun on rank 0 Sun Mar 22 23:45:09 2026

